<?xml version="1.0" encoding="UTF-8"?>
<notation:Diagram xmi:version="2.0" xmlns:xmi="http://www.omg.org/XMI" xmlns:notation="http://www.eclipse.org/gmf/runtime/1.0.3/notation" xmlns:style="http://www.eclipse.org/papyrus/infra/gmfdiag/style" xmlns:uml="http://www.eclipse.org/uml2/5.0.0/UML" xmi:id="_aqt5EF-zEeyDesdEz8bhTQ" type="PapyrusUMLComponentDiagram" name="Component Diagram" measurementUnit="Pixel">
  <children xmi:type="notation:Shape" xmi:id="_qchk8F-zEeyDesdEz8bhTQ" type="Component_PackagedElementShape">
    <children xmi:type="notation:DecorationNode" xmi:id="_qcizEF-zEeyDesdEz8bhTQ" type="Component_NameLabel"/>
    <children xmi:type="notation:DecorationNode" xmi:id="_qcizEV-zEeyDesdEz8bhTQ" type="Component_FloatingNameLabel">
      <layoutConstraint xmi:type="notation:Location" xmi:id="_qcizEl-zEeyDesdEz8bhTQ" y="15"/>
    </children>
    <children xmi:type="notation:BasicCompartment" xmi:id="_qcjaIF-zEeyDesdEz8bhTQ" type="Component_StructureCompartment">
      <children xmi:type="notation:Shape" xmi:id="_2tV2UF-zEeyDesdEz8bhTQ" type="Component_PackagedElementShape_CCN">
        <children xmi:type="notation:DecorationNode" xmi:id="_2tV2Ul-zEeyDesdEz8bhTQ" type="Component_NameLabel_CCN"/>
        <children xmi:type="notation:DecorationNode" xmi:id="_2tV2U1-zEeyDesdEz8bhTQ" type="Component_FloatingNameLabel_CCN">
          <layoutConstraint xmi:type="notation:Location" xmi:id="_2tV2VF-zEeyDesdEz8bhTQ" y="15"/>
        </children>
        <children xmi:type="notation:BasicCompartment" xmi:id="_2tV2VV-zEeyDesdEz8bhTQ" type="Component_StructureCompartment_CCN">
          <styles xmi:type="notation:TitleStyle" xmi:id="_2tV2Vl-zEeyDesdEz8bhTQ"/>
          <layoutConstraint xmi:type="notation:Bounds" xmi:id="_2tV2V1-zEeyDesdEz8bhTQ"/>
        </children>
        <children xmi:type="notation:BasicCompartment" xmi:id="_2tlt8F-zEeyDesdEz8bhTQ" type="compartment_shape_display">
          <styles xmi:type="notation:TitleStyle" xmi:id="_2tlt8V-zEeyDesdEz8bhTQ"/>
          <layoutConstraint xmi:type="notation:Bounds" xmi:id="_2tlt8l-zEeyDesdEz8bhTQ"/>
        </children>
        <element xmi:type="uml:Component" href="component.uml#_2tRk4F-zEeyDesdEz8bhTQ"/>
        <layoutConstraint xmi:type="notation:Bounds" xmi:id="_2tV2UV-zEeyDesdEz8bhTQ" x="34" y="38" width="181" height="81"/>
      </children>
      <children xmi:type="notation:Shape" xmi:id="__t_-gF-zEeyDesdEz8bhTQ" type="Component_PackagedElementShape_CCN">
        <children xmi:type="notation:DecorationNode" xmi:id="__uAlkF-zEeyDesdEz8bhTQ" type="Component_NameLabel_CCN"/>
        <children xmi:type="notation:DecorationNode" xmi:id="__uAlkV-zEeyDesdEz8bhTQ" type="Component_FloatingNameLabel_CCN">
          <layoutConstraint xmi:type="notation:Location" xmi:id="__uAlkl-zEeyDesdEz8bhTQ" y="15"/>
        </children>
        <children xmi:type="notation:BasicCompartment" xmi:id="__uAlk1-zEeyDesdEz8bhTQ" type="Component_StructureCompartment_CCN">
          <styles xmi:type="notation:TitleStyle" xmi:id="__uAllF-zEeyDesdEz8bhTQ"/>
          <layoutConstraint xmi:type="notation:Bounds" xmi:id="__uAllV-zEeyDesdEz8bhTQ"/>
        </children>
        <element xmi:type="uml:Component" href="component.uml#__t3boF-zEeyDesdEz8bhTQ"/>
        <layoutConstraint xmi:type="notation:Bounds" xmi:id="__t_-gV-zEeyDesdEz8bhTQ" x="479" y="476"/>
      </children>
      <children xmi:type="notation:Shape" xmi:id="_CQZp0F-0EeyDesdEz8bhTQ" type="Component_PackagedElementShape_CCN">
        <children xmi:type="notation:DecorationNode" xmi:id="_CQaQ4F-0EeyDesdEz8bhTQ" type="Component_NameLabel_CCN"/>
        <children xmi:type="notation:DecorationNode" xmi:id="_CQaQ4V-0EeyDesdEz8bhTQ" type="Component_FloatingNameLabel_CCN">
          <layoutConstraint xmi:type="notation:Location" xmi:id="_CQaQ4l-0EeyDesdEz8bhTQ" y="15"/>
        </children>
        <children xmi:type="notation:BasicCompartment" xmi:id="_CQaQ41-0EeyDesdEz8bhTQ" type="Component_StructureCompartment_CCN">
          <styles xmi:type="notation:TitleStyle" xmi:id="_CQaQ5F-0EeyDesdEz8bhTQ"/>
          <layoutConstraint xmi:type="notation:Bounds" xmi:id="_CQaQ5V-0EeyDesdEz8bhTQ"/>
        </children>
        <children xmi:type="notation:BasicCompartment" xmi:id="_CQgXgF-0EeyDesdEz8bhTQ" type="compartment_shape_display">
          <styles xmi:type="notation:TitleStyle" xmi:id="_CQgXgV-0EeyDesdEz8bhTQ"/>
          <layoutConstraint xmi:type="notation:Bounds" xmi:id="_CQgXgl-0EeyDesdEz8bhTQ"/>
        </children>
        <element xmi:type="uml:Component" href="component.uml#_CQUxUF-0EeyDesdEz8bhTQ"/>
        <layoutConstraint xmi:type="notation:Bounds" xmi:id="_CQZp0V-0EeyDesdEz8bhTQ" x="34" y="178" width="181" height="81"/>
      </children>
      <children xmi:type="notation:Shape" xmi:id="_G2JF4F-0EeyDesdEz8bhTQ" type="Component_PackagedElementShape_CCN">
        <children xmi:type="notation:DecorationNode" xmi:id="_G2Js8F-0EeyDesdEz8bhTQ" type="Component_NameLabel_CCN"/>
        <children xmi:type="notation:DecorationNode" xmi:id="_G2Js8V-0EeyDesdEz8bhTQ" type="Component_FloatingNameLabel_CCN">
          <layoutConstraint xmi:type="notation:Location" xmi:id="_G2Js8l-0EeyDesdEz8bhTQ" y="15"/>
        </children>
        <children xmi:type="notation:BasicCompartment" xmi:id="_G2Js81-0EeyDesdEz8bhTQ" type="Component_StructureCompartment_CCN" collapsed="true">
          <styles xmi:type="notation:TitleStyle" xmi:id="_G2Js9F-0EeyDesdEz8bhTQ"/>
          <layoutConstraint xmi:type="notation:Bounds" xmi:id="_G2Js9V-0EeyDesdEz8bhTQ"/>
        </children>
        <children xmi:type="notation:BasicCompartment" xmi:id="_G2PMgF-0EeyDesdEz8bhTQ" type="compartment_shape_display">
          <styles xmi:type="notation:TitleStyle" xmi:id="_G2PMgV-0EeyDesdEz8bhTQ"/>
          <layoutConstraint xmi:type="notation:Bounds" xmi:id="_G2PMgl-0EeyDesdEz8bhTQ"/>
        </children>
        <element xmi:type="uml:Component" href="component.uml#_G2DmUF-0EeyDesdEz8bhTQ"/>
        <layoutConstraint xmi:type="notation:Bounds" xmi:id="_G2JF4V-0EeyDesdEz8bhTQ" x="34" y="338" width="181" height="81"/>
      </children>
      <children xmi:type="notation:Shape" xmi:id="_q0yPwF-6EeyDesdEz8bhTQ" type="Interface_Shape">
        <children xmi:type="notation:DecorationNode" xmi:id="_q0yPwl-6EeyDesdEz8bhTQ" type="Interface_NameLabel">
          <layoutConstraint xmi:type="notation:Location" xmi:id="_q0yPw1-6EeyDesdEz8bhTQ" x="-40" y="-20"/>
        </children>
        <children xmi:type="notation:DecorationNode" xmi:id="_q0yPxF-6EeyDesdEz8bhTQ" type="Interface_FloatingNameLabel">
          <layoutConstraint xmi:type="notation:Location" xmi:id="_q0yPxV-6EeyDesdEz8bhTQ" y="15"/>
        </children>
        <element xmi:type="uml:Interface" href="component.uml#_pEunYF-6EeyDesdEz8bhTQ"/>
        <layoutConstraint xmi:type="notation:Bounds" xmi:id="_pEv1gV-6EeyDesdEz8bhTQ" x="114" y="278" width="41" height="21"/>
      </children>
      <styles xmi:type="notation:TitleStyle" xmi:id="_qcjaIV-zEeyDesdEz8bhTQ"/>
      <layoutConstraint xmi:type="notation:Bounds" xmi:id="_qcjaIl-zEeyDesdEz8bhTQ"/>
    </children>
    <element xmi:type="uml:Component" href="component.uml#_qccFYF-zEeyDesdEz8bhTQ"/>
    <layoutConstraint xmi:type="notation:Bounds" xmi:id="_qchk8V-zEeyDesdEz8bhTQ" x="120" y="40" width="241" height="581"/>
  </children>
  <children xmi:type="notation:Shape" xmi:id="_RY9kYF-0EeyDesdEz8bhTQ" type="Component_PackagedElementShape">
    <children xmi:type="notation:DecorationNode" xmi:id="_RY-LcF-0EeyDesdEz8bhTQ" type="Component_NameLabel"/>
    <children xmi:type="notation:DecorationNode" xmi:id="_RY-LcV-0EeyDesdEz8bhTQ" type="Component_FloatingNameLabel">
      <layoutConstraint xmi:type="notation:Location" xmi:id="_RY-Lcl-0EeyDesdEz8bhTQ" y="15"/>
    </children>
    <children xmi:type="notation:BasicCompartment" xmi:id="_RY-Lc1-0EeyDesdEz8bhTQ" type="Component_StructureCompartment">
      <children xmi:type="notation:Shape" xmi:id="_WEp3cF-0EeyDesdEz8bhTQ" type="Component_PackagedElementShape_CCN">
        <children xmi:type="notation:DecorationNode" xmi:id="_WEp3cl-0EeyDesdEz8bhTQ" type="Component_NameLabel_CCN"/>
        <children xmi:type="notation:DecorationNode" xmi:id="_WEp3c1-0EeyDesdEz8bhTQ" type="Component_FloatingNameLabel_CCN">
          <layoutConstraint xmi:type="notation:Location" xmi:id="_WEp3dF-0EeyDesdEz8bhTQ" y="15"/>
        </children>
        <children xmi:type="notation:BasicCompartment" xmi:id="_WEp3dV-0EeyDesdEz8bhTQ" type="Component_StructureCompartment_CCN">
          <styles xmi:type="notation:TitleStyle" xmi:id="_WEp3dl-0EeyDesdEz8bhTQ"/>
          <layoutConstraint xmi:type="notation:Bounds" xmi:id="_WEp3d1-0EeyDesdEz8bhTQ"/>
        </children>
        <children xmi:type="notation:BasicCompartment" xmi:id="_WE0PgF-0EeyDesdEz8bhTQ" type="compartment_shape_display">
          <styles xmi:type="notation:TitleStyle" xmi:id="_WE0PgV-0EeyDesdEz8bhTQ"/>
          <layoutConstraint xmi:type="notation:Bounds" xmi:id="_WE0Pgl-0EeyDesdEz8bhTQ"/>
        </children>
        <element xmi:type="uml:Component" href="component.uml#_WEjw0F-0EeyDesdEz8bhTQ"/>
        <layoutConstraint xmi:type="notation:Bounds" xmi:id="_WEp3cV-0EeyDesdEz8bhTQ" x="34" y="18" width="161" height="81"/>
      </children>
      <styles xmi:type="notation:TitleStyle" xmi:id="_RY-LdF-0EeyDesdEz8bhTQ"/>
      <layoutConstraint xmi:type="notation:Bounds" xmi:id="_RY-LdV-0EeyDesdEz8bhTQ"/>
    </children>
    <element xmi:type="uml:Component" href="component.uml#_RY89UF-0EeyDesdEz8bhTQ"/>
    <layoutConstraint xmi:type="notation:Bounds" xmi:id="_RY9kYV-0EeyDesdEz8bhTQ" x="660" y="40" width="281" height="161"/>
  </children>
  <children xmi:type="notation:Shape" xmi:id="_aHW34F-0EeyDesdEz8bhTQ" type="Component_PackagedElementShape">
    <children xmi:type="notation:DecorationNode" xmi:id="_aHXe8F-0EeyDesdEz8bhTQ" type="Component_NameLabel"/>
    <children xmi:type="notation:DecorationNode" xmi:id="_aHXe8V-0EeyDesdEz8bhTQ" type="Component_FloatingNameLabel">
      <layoutConstraint xmi:type="notation:Location" xmi:id="_aHXe8l-0EeyDesdEz8bhTQ" y="15"/>
    </children>
    <children xmi:type="notation:BasicCompartment" xmi:id="_aHXe81-0EeyDesdEz8bhTQ" type="Component_StructureCompartment">
      <children xmi:type="notation:Shape" xmi:id="_hg3cEF-0EeyDesdEz8bhTQ" type="Component_PackagedElementShape_CCN">
        <children xmi:type="notation:DecorationNode" xmi:id="_hg3cEl-0EeyDesdEz8bhTQ" type="Component_NameLabel_CCN"/>
        <children xmi:type="notation:DecorationNode" xmi:id="_hg3cE1-0EeyDesdEz8bhTQ" type="Component_FloatingNameLabel_CCN">
          <layoutConstraint xmi:type="notation:Location" xmi:id="_hg4DIF-0EeyDesdEz8bhTQ" y="15"/>
        </children>
        <children xmi:type="notation:BasicCompartment" xmi:id="_hg4DIV-0EeyDesdEz8bhTQ" type="Component_StructureCompartment_CCN">
          <styles xmi:type="notation:TitleStyle" xmi:id="_hg4DIl-0EeyDesdEz8bhTQ"/>
          <layoutConstraint xmi:type="notation:Bounds" xmi:id="_hg4DI1-0EeyDesdEz8bhTQ"/>
        </children>
        <children xmi:type="notation:BasicCompartment" xmi:id="_S8yv8GC3EeypptJpqgcCMg" type="compartment_shape_display">
          <styles xmi:type="notation:TitleStyle" xmi:id="_S8yv8WC3EeypptJpqgcCMg"/>
          <layoutConstraint xmi:type="notation:Bounds" xmi:id="_S8yv8mC3EeypptJpqgcCMg"/>
        </children>
        <element xmi:type="uml:Component" href="component.uml#_hgwHUF-0EeyDesdEz8bhTQ"/>
        <layoutConstraint xmi:type="notation:Bounds" xmi:id="_hg3cEV-0EeyDesdEz8bhTQ" x="34" y="18" width="141" height="81"/>
      </children>
      <children xmi:type="notation:Shape" xmi:id="_kH9aIF-0EeyDesdEz8bhTQ" type="Component_PackagedElementShape_CCN">
        <children xmi:type="notation:DecorationNode" xmi:id="_kH-BMF-0EeyDesdEz8bhTQ" type="Component_NameLabel_CCN"/>
        <children xmi:type="notation:DecorationNode" xmi:id="_kH-BMV-0EeyDesdEz8bhTQ" type="Component_FloatingNameLabel_CCN">
          <layoutConstraint xmi:type="notation:Location" xmi:id="_kH-BMl-0EeyDesdEz8bhTQ" y="15"/>
        </children>
        <children xmi:type="notation:BasicCompartment" xmi:id="_kH-BM1-0EeyDesdEz8bhTQ" type="Component_StructureCompartment_CCN">
          <styles xmi:type="notation:TitleStyle" xmi:id="_kH-BNF-0EeyDesdEz8bhTQ"/>
          <layoutConstraint xmi:type="notation:Bounds" xmi:id="_kH-BNV-0EeyDesdEz8bhTQ"/>
        </children>
        <children xmi:type="notation:BasicCompartment" xmi:id="_S81MMGC3EeypptJpqgcCMg" type="compartment_shape_display">
          <styles xmi:type="notation:TitleStyle" xmi:id="_S81MMWC3EeypptJpqgcCMg"/>
          <layoutConstraint xmi:type="notation:Bounds" xmi:id="_S81MMmC3EeypptJpqgcCMg"/>
        </children>
        <element xmi:type="uml:Component" href="component.uml#_kH03QF-0EeyDesdEz8bhTQ"/>
        <layoutConstraint xmi:type="notation:Bounds" xmi:id="_kH9aIV-0EeyDesdEz8bhTQ" x="34" y="158" width="141" height="81"/>
      </children>
      <children xmi:type="notation:Shape" xmi:id="_mt46kF-0EeyDesdEz8bhTQ" type="Component_PackagedElementShape_CCN">
        <children xmi:type="notation:DecorationNode" xmi:id="_mt5hoF-0EeyDesdEz8bhTQ" type="Component_NameLabel_CCN"/>
        <children xmi:type="notation:DecorationNode" xmi:id="_mt5hoV-0EeyDesdEz8bhTQ" type="Component_FloatingNameLabel_CCN">
          <layoutConstraint xmi:type="notation:Location" xmi:id="_mt5hol-0EeyDesdEz8bhTQ" y="15"/>
        </children>
        <children xmi:type="notation:BasicCompartment" xmi:id="_mt5ho1-0EeyDesdEz8bhTQ" type="Component_StructureCompartment_CCN">
          <styles xmi:type="notation:TitleStyle" xmi:id="_mt5hpF-0EeyDesdEz8bhTQ"/>
          <layoutConstraint xmi:type="notation:Bounds" xmi:id="_mt5hpV-0EeyDesdEz8bhTQ"/>
        </children>
        <element xmi:type="uml:Component" href="component.uml#_mtw-wF-0EeyDesdEz8bhTQ"/>
        <layoutConstraint xmi:type="notation:Bounds" xmi:id="_mt46kV-0EeyDesdEz8bhTQ" x="34" y="358" width="141" height="81"/>
      </children>
      <children xmi:type="notation:Shape" xmi:id="_Tvai4GC7EeypptJpqgcCMg" type="Interface_Shape">
        <children xmi:type="notation:DecorationNode" xmi:id="_Tvai4mC7EeypptJpqgcCMg" type="Interface_NameLabel">
          <layoutConstraint xmi:type="notation:Location" xmi:id="_Tvai42C7EeypptJpqgcCMg" x="-40" y="-20"/>
        </children>
        <children xmi:type="notation:DecorationNode" xmi:id="_Tvai5GC7EeypptJpqgcCMg" type="Interface_FloatingNameLabel">
          <layoutConstraint xmi:type="notation:Location" xmi:id="_Tvai5WC7EeypptJpqgcCMg" y="15"/>
        </children>
        <element xmi:type="uml:Interface" href="component.uml#_RvPa4GC7EeypptJpqgcCMg"/>
        <layoutConstraint xmi:type="notation:Bounds" xmi:id="_RvQpAWC7EeypptJpqgcCMg" x="94" y="118" width="41" height="21"/>
      </children>
      <children xmi:type="notation:Shape" xmi:id="_4SznUGC7EeypptJpqgcCMg" type="Interface_Shape">
        <children xmi:type="notation:DecorationNode" xmi:id="_4SznUmC7EeypptJpqgcCMg" type="Interface_NameLabel">
          <layoutConstraint xmi:type="notation:Location" xmi:id="_4SznU2C7EeypptJpqgcCMg" x="40" y="-20"/>
        </children>
        <children xmi:type="notation:DecorationNode" xmi:id="_4SznVGC7EeypptJpqgcCMg" type="Interface_FloatingNameLabel">
          <layoutConstraint xmi:type="notation:Location" xmi:id="_4SznVWC7EeypptJpqgcCMg" y="15"/>
        </children>
        <element xmi:type="uml:Interface" href="component.uml#_z0Bu4GC7EeypptJpqgcCMg"/>
        <layoutConstraint xmi:type="notation:Bounds" xmi:id="_z0C9AWC7EeypptJpqgcCMg" x="74" y="278" width="61" height="21"/>
      </children>
      <styles xmi:type="notation:TitleStyle" xmi:id="_aHXe9F-0EeyDesdEz8bhTQ"/>
      <layoutConstraint xmi:type="notation:Bounds" xmi:id="_aHXe9V-0EeyDesdEz8bhTQ"/>
    </children>
    <element xmi:type="uml:Component" href="component.uml#_aHWQ0F-0EeyDesdEz8bhTQ"/>
    <layoutConstraint xmi:type="notation:Bounds" xmi:id="_aHW34V-0EeyDesdEz8bhTQ" x="680" y="240" width="221" height="521"/>
  </children>
  <children xmi:type="notation:Shape" xmi:id="_uOFG0F-6EeyDesdEz8bhTQ" type="Interface_Shape">
    <children xmi:type="notation:DecorationNode" xmi:id="_uOFG0l-6EeyDesdEz8bhTQ" type="Interface_NameLabel">
      <layoutConstraint xmi:type="notation:Location" xmi:id="_uOFG01-6EeyDesdEz8bhTQ" x="-40" y="20"/>
    </children>
    <children xmi:type="notation:DecorationNode" xmi:id="_uOFG1F-6EeyDesdEz8bhTQ" type="Interface_FloatingNameLabel">
      <layoutConstraint xmi:type="notation:Location" xmi:id="_uOFG1V-6EeyDesdEz8bhTQ" y="15"/>
    </children>
    <element xmi:type="uml:Interface" href="component.uml#_Qtk9sF-3EeyDesdEz8bhTQ"/>
    <layoutConstraint xmi:type="notation:Bounds" xmi:id="_QtmL0V-3EeyDesdEz8bhTQ" x="480" y="160" width="20" height="20"/>
  </children>
  <children xmi:type="notation:Shape" xmi:id="_nGTUgGC6EeypptJpqgcCMg" type="Interface_Shape">
    <children xmi:type="notation:DecorationNode" xmi:id="_nGT7kGC6EeypptJpqgcCMg" type="Interface_NameLabel">
      <layoutConstraint xmi:type="notation:Location" xmi:id="_nGT7kWC6EeypptJpqgcCMg" y="15"/>
    </children>
    <children xmi:type="notation:DecorationNode" xmi:id="_nGT7kmC6EeypptJpqgcCMg" type="Interface_FloatingNameLabel">
      <layoutConstraint xmi:type="notation:Location" xmi:id="_nGT7k2C6EeypptJpqgcCMg" y="15"/>
    </children>
    <element xmi:type="uml:Interface" href="component.uml#_ni9kkF-4EeyDesdEz8bhTQ"/>
    <layoutConstraint xmi:type="notation:Bounds" xmi:id="_ni-ysV-4EeyDesdEz8bhTQ" x="460" y="320" width="20" height="20"/>
  </children>
  <children xmi:type="notation:Shape" xmi:id="_HsrJwGC7EeypptJpqgcCMg" type="Interface_Shape">
    <children xmi:type="notation:DecorationNode" xmi:id="_Hsrw0GC7EeypptJpqgcCMg" type="Interface_NameLabel">
      <layoutConstraint xmi:type="notation:Location" xmi:id="_Hsrw0WC7EeypptJpqgcCMg" y="15"/>
    </children>
    <children xmi:type="notation:DecorationNode" xmi:id="_Hsrw0mC7EeypptJpqgcCMg" type="Interface_FloatingNameLabel">
      <layoutConstraint xmi:type="notation:Location" xmi:id="_Hsrw02C7EeypptJpqgcCMg" y="15"/>
    </children>
    <element xmi:type="uml:Interface" href="component.uml#_E_qw8GC7EeypptJpqgcCMg"/>
    <layoutConstraint xmi:type="notation:Bounds" xmi:id="_E_rYAWC7EeypptJpqgcCMg" x="440" y="440" width="20" height="20"/>
  </children>
  <children xmi:type="notation:Shape" xmi:id="_hukv8GC8EeypptJpqgcCMg" type="Interface_ClassifierShape">
    <children xmi:type="notation:DecorationNode" xmi:id="_hulXAGC8EeypptJpqgcCMg" type="Interface_ClassifierNameLabel"/>
    <children xmi:type="notation:DecorationNode" xmi:id="_hulXAWC8EeypptJpqgcCMg" type="Interface_ClassifierFloatingNameLabel">
      <layoutConstraint xmi:type="notation:Location" xmi:id="_hulXAmC8EeypptJpqgcCMg" y="15"/>
    </children>
    <children xmi:type="notation:BasicCompartment" xmi:id="_hulXA2C8EeypptJpqgcCMg" type="Interface_AttributeCompartment">
      <styles xmi:type="notation:TitleStyle" xmi:id="_hulXBGC8EeypptJpqgcCMg"/>
      <styles xmi:type="notation:SortingStyle" xmi:id="_hulXBWC8EeypptJpqgcCMg"/>
      <styles xmi:type="notation:FilteringStyle" xmi:id="_hulXBmC8EeypptJpqgcCMg"/>
      <layoutConstraint xmi:type="notation:Bounds" xmi:id="_hulXB2C8EeypptJpqgcCMg"/>
    </children>
    <children xmi:type="notation:BasicCompartment" xmi:id="_hulXCGC8EeypptJpqgcCMg" type="Interface_OperationCompartment">
      <styles xmi:type="notation:TitleStyle" xmi:id="_hulXCWC8EeypptJpqgcCMg"/>
      <styles xmi:type="notation:SortingStyle" xmi:id="_hulXCmC8EeypptJpqgcCMg"/>
      <styles xmi:type="notation:FilteringStyle" xmi:id="_hulXC2C8EeypptJpqgcCMg"/>
      <layoutConstraint xmi:type="notation:Bounds" xmi:id="_hulXDGC8EeypptJpqgcCMg"/>
    </children>
    <element xmi:type="uml:Interface" href="component.uml#_hukI4GC8EeypptJpqgcCMg"/>
    <layoutConstraint xmi:type="notation:Bounds" xmi:id="_hukv8WC8EeypptJpqgcCMg" x="1080" y="160" width="5" height="5"/>
  </children>
  <children xmi:type="notation:Shape" xmi:id="_k-0YsGC8EeypptJpqgcCMg" type="Interface_Shape">
    <children xmi:type="notation:DecorationNode" xmi:id="_k-0YsmC8EeypptJpqgcCMg" type="Interface_NameLabel">
      <layoutConstraint xmi:type="notation:Location" xmi:id="_k-0Ys2C8EeypptJpqgcCMg" y="15"/>
    </children>
    <children xmi:type="notation:DecorationNode" xmi:id="_k-0YtGC8EeypptJpqgcCMg" type="Interface_FloatingNameLabel">
      <layoutConstraint xmi:type="notation:Location" xmi:id="_k-0YtWC8EeypptJpqgcCMg" y="15"/>
    </children>
    <element xmi:type="uml:Interface" href="component.uml#_iE3JAGC8EeypptJpqgcCMg"/>
    <layoutConstraint xmi:type="notation:Bounds" xmi:id="_iE3wEWC8EeypptJpqgcCMg" x="40" y="140" width="20" height="20"/>
  </children>
  <children xmi:type="notation:Shape" xmi:id="_s_fDgGC8EeypptJpqgcCMg" type="Interface_Shape">
    <children xmi:type="notation:DecorationNode" xmi:id="_s_fqkGC8EeypptJpqgcCMg" type="Interface_NameLabel">
      <layoutConstraint xmi:type="notation:Location" xmi:id="_s_fqkWC8EeypptJpqgcCMg" x="-20" y="40"/>
    </children>
    <children xmi:type="notation:DecorationNode" xmi:id="_s_fqkmC8EeypptJpqgcCMg" type="Interface_FloatingNameLabel">
      <layoutConstraint xmi:type="notation:Location" xmi:id="_s_fqk2C8EeypptJpqgcCMg" y="15"/>
    </children>
    <element xmi:type="uml:Interface" href="component.uml#_mKW-wGC8EeypptJpqgcCMg"/>
    <layoutConstraint xmi:type="notation:Bounds" xmi:id="_mKYM4WC8EeypptJpqgcCMg" x="20" y="300" width="20" height="20"/>
  </children>
  <children xmi:type="notation:Shape" xmi:id="_Ae_wMGC9EeypptJpqgcCMg" type="Interface_Shape">
    <children xmi:type="notation:DecorationNode" xmi:id="_Ae_wMmC9EeypptJpqgcCMg" type="Interface_NameLabel">
      <layoutConstraint xmi:type="notation:Location" xmi:id="_Ae_wM2C9EeypptJpqgcCMg" y="15"/>
    </children>
    <children xmi:type="notation:DecorationNode" xmi:id="_Ae_wNGC9EeypptJpqgcCMg" type="Interface_FloatingNameLabel">
      <layoutConstraint xmi:type="notation:Location" xmi:id="_Ae_wNWC9EeypptJpqgcCMg" y="15"/>
    </children>
    <element xmi:type="uml:Interface" href="component.uml#_vpDt0GC8EeypptJpqgcCMg"/>
    <layoutConstraint xmi:type="notation:Bounds" xmi:id="_vpE78WC8EeypptJpqgcCMg" x="20" y="460" width="40" height="20"/>
  </children>
  <styles xmi:type="notation:StringValueStyle" xmi:id="_aqt5EV-zEeyDesdEz8bhTQ" name="diagram_compatibility_version" stringValue="1.4.0"/>
  <styles xmi:type="notation:DiagramStyle" xmi:id="_aqt5El-zEeyDesdEz8bhTQ"/>
  <styles xmi:type="style:PapyrusDiagramStyle" xmi:id="_aqt5E1-zEeyDesdEz8bhTQ" diagramKindId="org.eclipse.papyrus.uml.diagram.component.root.package">
    <owner xmi:type="uml:Model" href="component.uml#_ap9rIF-zEeyDesdEz8bhTQ"/>
  </styles>
  <element xmi:type="uml:Model" href="component.uml#_ap9rIF-zEeyDesdEz8bhTQ"/>
  <edges xmi:type="notation:Connector" xmi:id="_KvOKMGC6EeypptJpqgcCMg" type="Dependency_Edge" source="_2tV2UF-zEeyDesdEz8bhTQ" target="_uOFG0F-6EeyDesdEz8bhTQ">
    <children xmi:type="notation:DecorationNode" xmi:id="_KvOKM2C6EeypptJpqgcCMg" type="Dependency_NameLabel">
      <styles xmi:type="notation:BooleanValueStyle" xmi:id="_L0Jx8GC6EeypptJpqgcCMg" name="IS_UPDATED_POSITION" booleanValue="true"/>
      <layoutConstraint xmi:type="notation:Location" xmi:id="_KvOKNGC6EeypptJpqgcCMg" y="59"/>
    </children>
    <children xmi:type="notation:DecorationNode" xmi:id="_KvOKNWC6EeypptJpqgcCMg" type="Dependency_StereotypeLabel">
      <styles xmi:type="notation:BooleanValueStyle" xmi:id="_L0S74GC6EeypptJpqgcCMg" name="IS_UPDATED_POSITION" booleanValue="true"/>
      <layoutConstraint xmi:type="notation:Location" xmi:id="_KvOKNmC6EeypptJpqgcCMg" y="59"/>
    </children>
    <styles xmi:type="notation:FontStyle" xmi:id="_KvOKMWC6EeypptJpqgcCMg"/>
    <element xmi:type="uml:Dependency" href="component.uml#_Kuw3MGC6EeypptJpqgcCMg"/>
    <bendpoints xmi:type="notation:RelativeBendpoints" xmi:id="_KvOKMmC6EeypptJpqgcCMg" points="[341, 140, -643984, -643984]$[500, 120, -643984, -643984]"/>
    <sourceAnchor xmi:type="notation:IdentityAnchor" xmi:id="_KvsEQGC6EeypptJpqgcCMg" id="(1.0,0.49382716049382713)"/>
    <targetAnchor xmi:type="notation:IdentityAnchor" xmi:id="_KvsEQWC6EeypptJpqgcCMg" id="(0.0,0.0)"/>
  </edges>
  <edges xmi:type="notation:Connector" xmi:id="_N9QMcGC6EeypptJpqgcCMg" type="InterfaceRealization_Edge" source="_WEp3cF-0EeyDesdEz8bhTQ" target="_uOFG0F-6EeyDesdEz8bhTQ">
    <children xmi:type="notation:DecorationNode" xmi:id="_N9QzgGC6EeypptJpqgcCMg" type="InterfaceRealization_NameLabel">
      <styles xmi:type="notation:BooleanValueStyle" xmi:id="_7kjhYGC6EeypptJpqgcCMg" name="IS_UPDATED_POSITION" booleanValue="true"/>
      <layoutConstraint xmi:type="notation:Location" xmi:id="_N9QzgWC6EeypptJpqgcCMg" y="60"/>
    </children>
    <children xmi:type="notation:DecorationNode" xmi:id="_N9QzgmC6EeypptJpqgcCMg" type="InterfaceRealization_StereotypeLabel">
      <styles xmi:type="notation:BooleanValueStyle" xmi:id="_7ktSYGC6EeypptJpqgcCMg" name="IS_UPDATED_POSITION" booleanValue="true"/>
      <layoutConstraint xmi:type="notation:Location" xmi:id="_N9Qzg2C6EeypptJpqgcCMg" y="30"/>
    </children>
    <styles xmi:type="notation:FontStyle" xmi:id="_N9QMcWC6EeypptJpqgcCMg"/>
    <element xmi:type="uml:InterfaceRealization" href="component.uml#_N86OMGC6EeypptJpqgcCMg"/>
    <bendpoints xmi:type="notation:RelativeBendpoints" xmi:id="_N9QMcmC6EeypptJpqgcCMg" points="[700, 140, -643984, -643984]$[520, 140, -643984, -643984]"/>
    <sourceAnchor xmi:type="notation:IdentityAnchor" xmi:id="_N9nY0GC6EeypptJpqgcCMg" id="(0.0,0.7407407407407407)"/>
    <targetAnchor xmi:type="notation:IdentityAnchor" xmi:id="_N9nY0WC6EeypptJpqgcCMg" id="(1.0,0.0)"/>
  </edges>
  <edges xmi:type="notation:Connector" xmi:id="_U8a-AGC6EeypptJpqgcCMg" type="InterfaceRealization_Edge" source="_CQZp0F-0EeyDesdEz8bhTQ" target="_q0yPwF-6EeyDesdEz8bhTQ">
    <children xmi:type="notation:DecorationNode" xmi:id="_U8a-A2C6EeypptJpqgcCMg" type="InterfaceRealization_NameLabel">
      <styles xmi:type="notation:BooleanValueStyle" xmi:id="_XkQi8GC6EeypptJpqgcCMg" name="IS_UPDATED_POSITION" booleanValue="true"/>
      <layoutConstraint xmi:type="notation:Location" xmi:id="_U8a-BGC6EeypptJpqgcCMg" y="60"/>
    </children>
    <children xmi:type="notation:DecorationNode" xmi:id="_U8a-BWC6EeypptJpqgcCMg" type="InterfaceRealization_StereotypeLabel">
      <styles xmi:type="notation:BooleanValueStyle" xmi:id="_XkZF0GC6EeypptJpqgcCMg" name="IS_UPDATED_POSITION" booleanValue="true"/>
      <layoutConstraint xmi:type="notation:Location" xmi:id="_U8a-BmC6EeypptJpqgcCMg" y="30"/>
    </children>
    <styles xmi:type="notation:FontStyle" xmi:id="_U8a-AWC6EeypptJpqgcCMg"/>
    <element xmi:type="uml:InterfaceRealization" href="component.uml#_U8R0EGC6EeypptJpqgcCMg"/>
    <bendpoints xmi:type="notation:RelativeBendpoints" xmi:id="_U8a-AmC6EeypptJpqgcCMg" points="[200, 240, -643984, -643984]$[220, 360, -643984, -643984]"/>
    <sourceAnchor xmi:type="notation:IdentityAnchor" xmi:id="_U8yKYGC6EeypptJpqgcCMg" id="(0.5524861878453039,1.0)"/>
    <targetAnchor xmi:type="notation:IdentityAnchor" xmi:id="_U8yKYWC6EeypptJpqgcCMg" id="(0.4878048780487805,0.0)"/>
  </edges>
  <edges xmi:type="notation:Connector" xmi:id="_ejJAoGC6EeypptJpqgcCMg" type="InterfaceRealization_Edge" source="_G2JF4F-0EeyDesdEz8bhTQ" target="_q0yPwF-6EeyDesdEz8bhTQ">
    <children xmi:type="notation:DecorationNode" xmi:id="_ejJAo2C6EeypptJpqgcCMg" type="InterfaceRealization_NameLabel">
      <styles xmi:type="notation:BooleanValueStyle" xmi:id="_fBkpEGC6EeypptJpqgcCMg" name="IS_UPDATED_POSITION" booleanValue="true"/>
      <layoutConstraint xmi:type="notation:Location" xmi:id="_ejJApGC6EeypptJpqgcCMg" y="59"/>
    </children>
    <children xmi:type="notation:DecorationNode" xmi:id="_ejJApWC6EeypptJpqgcCMg" type="InterfaceRealization_StereotypeLabel">
      <styles xmi:type="notation:BooleanValueStyle" xmi:id="_fBtzAGC6EeypptJpqgcCMg" name="IS_UPDATED_POSITION" booleanValue="true"/>
      <layoutConstraint xmi:type="notation:Location" xmi:id="_ejJApmC6EeypptJpqgcCMg" x="-1" y="29"/>
    </children>
    <styles xmi:type="notation:FontStyle" xmi:id="_ejJAoWC6EeypptJpqgcCMg"/>
    <bendpoints xmi:type="notation:RelativeBendpoints" xmi:id="_ejJAomC6EeypptJpqgcCMg" points="[120, 360, -643984, -643984]$[240, 381, -643984, -643984]"/>
    <sourceAnchor xmi:type="notation:IdentityAnchor" xmi:id="_ejgNAGC6EeypptJpqgcCMg" id="(0.5524861878453039,0.0)"/>
    <targetAnchor xmi:type="notation:IdentityAnchor" xmi:id="_ejgNAWC6EeypptJpqgcCMg" id="(0.4878048780487805,1.0)"/>
  </edges>
  <edges xmi:type="notation:Connector" xmi:id="_033m8GC6EeypptJpqgcCMg" type="Dependency_Edge" source="_CQZp0F-0EeyDesdEz8bhTQ" target="_nGTUgGC6EeypptJpqgcCMg">
    <children xmi:type="notation:DecorationNode" xmi:id="_033m82C6EeypptJpqgcCMg" type="Dependency_NameLabel">
      <layoutConstraint xmi:type="notation:Location" xmi:id="_033m9GC6EeypptJpqgcCMg" y="60"/>
    </children>
    <children xmi:type="notation:DecorationNode" xmi:id="_033m9WC6EeypptJpqgcCMg" type="Dependency_StereotypeLabel">
      <layoutConstraint xmi:type="notation:Location" xmi:id="_033m9mC6EeypptJpqgcCMg" y="60"/>
    </children>
    <styles xmi:type="notation:FontStyle" xmi:id="_033m8WC6EeypptJpqgcCMg"/>
    <element xmi:type="uml:Dependency" href="component.uml#_03l6IGC6EeypptJpqgcCMg"/>
    <bendpoints xmi:type="notation:RelativeBendpoints" xmi:id="_033m8mC6EeypptJpqgcCMg" points="[180, 341, -643984, -643984]$[460, 320, -643984, -643984]"/>
    <sourceAnchor xmi:type="notation:IdentityAnchor" xmi:id="_04M-IGC6EeypptJpqgcCMg" id="(1.0,0.7407407407407407)"/>
    <targetAnchor xmi:type="notation:IdentityAnchor" xmi:id="_04M-IWC6EeypptJpqgcCMg" id="(0.0,0.0)"/>
  </edges>
  <edges xmi:type="notation:Connector" xmi:id="_6c7yAGC6EeypptJpqgcCMg" type="InterfaceRealization_Edge" source="_hg3cEF-0EeyDesdEz8bhTQ" target="_nGTUgGC6EeypptJpqgcCMg">
    <children xmi:type="notation:DecorationNode" xmi:id="_6c7yA2C6EeypptJpqgcCMg" type="InterfaceRealization_NameLabel">
      <styles xmi:type="notation:BooleanValueStyle" xmi:id="_wXJ_YGC7EeypptJpqgcCMg" name="IS_UPDATED_POSITION" booleanValue="true"/>
      <layoutConstraint xmi:type="notation:Location" xmi:id="_6c7yBGC6EeypptJpqgcCMg" y="60"/>
    </children>
    <children xmi:type="notation:DecorationNode" xmi:id="_6c7yBWC6EeypptJpqgcCMg" type="InterfaceRealization_StereotypeLabel">
      <styles xmi:type="notation:BooleanValueStyle" xmi:id="_wXUXcGC7EeypptJpqgcCMg" name="IS_UPDATED_POSITION" booleanValue="true"/>
      <layoutConstraint xmi:type="notation:Location" xmi:id="_6c7yBmC6EeypptJpqgcCMg" y="30"/>
    </children>
    <styles xmi:type="notation:FontStyle" xmi:id="_6c7yAWC6EeypptJpqgcCMg"/>
    <element xmi:type="uml:InterfaceRealization" href="component.uml#_6cyBAGC6EeypptJpqgcCMg"/>
    <bendpoints xmi:type="notation:RelativeBendpoints" xmi:id="_6c7yAmC6EeypptJpqgcCMg" points="[760, 300, -643984, -643984]$[480, 320, -643984, -643984]"/>
    <sourceAnchor xmi:type="notation:IdentityAnchor" xmi:id="_6dSXUGC6EeypptJpqgcCMg" id="(0.0,0.24691358024691357)"/>
    <targetAnchor xmi:type="notation:IdentityAnchor" xmi:id="_6dSXUWC6EeypptJpqgcCMg" id="(1.0,0.0)"/>
  </edges>
  <edges xmi:type="notation:Connector" xmi:id="_KPFcIGC7EeypptJpqgcCMg" type="Dependency_Edge" source="_G2JF4F-0EeyDesdEz8bhTQ" target="_HsrJwGC7EeypptJpqgcCMg">
    <children xmi:type="notation:DecorationNode" xmi:id="_KPGDMGC7EeypptJpqgcCMg" type="Dependency_NameLabel">
      <layoutConstraint xmi:type="notation:Location" xmi:id="_KPGDMWC7EeypptJpqgcCMg" y="60"/>
    </children>
    <children xmi:type="notation:DecorationNode" xmi:id="_KPGDMmC7EeypptJpqgcCMg" type="Dependency_StereotypeLabel">
      <layoutConstraint xmi:type="notation:Location" xmi:id="_KPGDM2C7EeypptJpqgcCMg" y="60"/>
    </children>
    <styles xmi:type="notation:FontStyle" xmi:id="_KPFcIWC7EeypptJpqgcCMg"/>
    <element xmi:type="uml:Dependency" href="component.uml#_KOwsAGC7EeypptJpqgcCMg"/>
    <bendpoints xmi:type="notation:RelativeBendpoints" xmi:id="_KPFcImC7EeypptJpqgcCMg" points="[200, 420, -643984, -643984]$[440, 440, -643984, -643984]"/>
    <sourceAnchor xmi:type="notation:IdentityAnchor" xmi:id="_KPbaYGC7EeypptJpqgcCMg" id="(1.0,0.24691358024691357)"/>
    <targetAnchor xmi:type="notation:IdentityAnchor" xmi:id="_KPbaYWC7EeypptJpqgcCMg" id="(0.0,0.0)"/>
  </edges>
  <edges xmi:type="notation:Connector" xmi:id="_MImigGC7EeypptJpqgcCMg" type="InterfaceRealization_Edge" source="_kH9aIF-0EeyDesdEz8bhTQ" target="_HsrJwGC7EeypptJpqgcCMg">
    <children xmi:type="notation:DecorationNode" xmi:id="_MImig2C7EeypptJpqgcCMg" type="InterfaceRealization_NameLabel">
      <styles xmi:type="notation:BooleanValueStyle" xmi:id="_O8e_YGC7EeypptJpqgcCMg" name="IS_UPDATED_POSITION" booleanValue="true"/>
      <layoutConstraint xmi:type="notation:Location" xmi:id="_MImihGC7EeypptJpqgcCMg" x="-1" y="58"/>
    </children>
    <children xmi:type="notation:DecorationNode" xmi:id="_MImihWC7EeypptJpqgcCMg" type="InterfaceRealization_StereotypeLabel">
      <styles xmi:type="notation:BooleanValueStyle" xmi:id="_O8pXcGC7EeypptJpqgcCMg" name="IS_UPDATED_POSITION" booleanValue="true"/>
      <layoutConstraint xmi:type="notation:Location" xmi:id="_MImihmC7EeypptJpqgcCMg" x="-1" y="28"/>
    </children>
    <styles xmi:type="notation:FontStyle" xmi:id="_MImigWC7EeypptJpqgcCMg"/>
    <element xmi:type="uml:InterfaceRealization" href="component.uml#_MIPWIGC7EeypptJpqgcCMg"/>
    <bendpoints xmi:type="notation:RelativeBendpoints" xmi:id="_MImigmC7EeypptJpqgcCMg" points="[720, 440, -643984, -643984]$[440, 440, -643984, -643984]"/>
    <sourceAnchor xmi:type="notation:IdentityAnchor" xmi:id="_MJALIGC7EeypptJpqgcCMg" id="(0.0,0.49382716049382713)"/>
    <targetAnchor xmi:type="notation:IdentityAnchor" xmi:id="_MJAyMGC7EeypptJpqgcCMg" id="(1.0,1.0)"/>
  </edges>
  <edges xmi:type="notation:Connector" xmi:id="_nGcpAGC7EeypptJpqgcCMg" type="InterfaceRealization_Edge" source="_hg3cEF-0EeyDesdEz8bhTQ" target="_Tvai4GC7EeypptJpqgcCMg">
    <children xmi:type="notation:DecorationNode" xmi:id="_nGdQEGC7EeypptJpqgcCMg" type="InterfaceRealization_NameLabel">
      <styles xmi:type="notation:BooleanValueStyle" xmi:id="_wXevgGC7EeypptJpqgcCMg" name="IS_UPDATED_POSITION" booleanValue="true"/>
      <layoutConstraint xmi:type="notation:Location" xmi:id="_nGdQEWC7EeypptJpqgcCMg" y="60"/>
    </children>
    <children xmi:type="notation:DecorationNode" xmi:id="_nGdQEmC7EeypptJpqgcCMg" type="InterfaceRealization_StereotypeLabel">
      <styles xmi:type="notation:BooleanValueStyle" xmi:id="_wXpuoGC7EeypptJpqgcCMg" name="IS_UPDATED_POSITION" booleanValue="true"/>
      <layoutConstraint xmi:type="notation:Location" xmi:id="_nGdQE2C7EeypptJpqgcCMg" y="30"/>
    </children>
    <styles xmi:type="notation:FontStyle" xmi:id="_nGcpAWC7EeypptJpqgcCMg"/>
    <element xmi:type="uml:InterfaceRealization" href="component.uml#_nGS4AGC7EeypptJpqgcCMg"/>
    <bendpoints xmi:type="notation:RelativeBendpoints" xmi:id="_nGcpAmC7EeypptJpqgcCMg" points="[800, 300, -643984, -643984]$[800, 400, -643984, -643984]"/>
    <sourceAnchor xmi:type="notation:IdentityAnchor" xmi:id="_nGynQGC7EeypptJpqgcCMg" id="(0.5673758865248227,1.0)"/>
    <targetAnchor xmi:type="notation:IdentityAnchor" xmi:id="_nGynQWC7EeypptJpqgcCMg" id="(0.4878048780487805,0.0)"/>
  </edges>
  <edges xmi:type="notation:Connector" xmi:id="_t8EdAGC7EeypptJpqgcCMg" type="InterfaceRealization_Edge" source="_kH9aIF-0EeyDesdEz8bhTQ" target="_Tvai4GC7EeypptJpqgcCMg">
    <children xmi:type="notation:DecorationNode" xmi:id="_t8FEEGC7EeypptJpqgcCMg" type="InterfaceRealization_NameLabel">
      <styles xmi:type="notation:BooleanValueStyle" xmi:id="_wX0twGC7EeypptJpqgcCMg" name="IS_UPDATED_POSITION" booleanValue="true"/>
      <layoutConstraint xmi:type="notation:Location" xmi:id="_t8FEEWC7EeypptJpqgcCMg" y="60"/>
    </children>
    <children xmi:type="notation:DecorationNode" xmi:id="_t8FEEmC7EeypptJpqgcCMg" type="InterfaceRealization_StereotypeLabel">
      <styles xmi:type="notation:BooleanValueStyle" xmi:id="_wYAT8GC7EeypptJpqgcCMg" name="IS_UPDATED_POSITION" booleanValue="true"/>
      <layoutConstraint xmi:type="notation:Location" xmi:id="_t8FEE2C7EeypptJpqgcCMg" y="30"/>
    </children>
    <styles xmi:type="notation:FontStyle" xmi:id="_t8EdAWC7EeypptJpqgcCMg"/>
    <element xmi:type="uml:InterfaceRealization" href="component.uml#_t7iRgGC7EeypptJpqgcCMg"/>
    <bendpoints xmi:type="notation:RelativeBendpoints" xmi:id="_t8EdAmC7EeypptJpqgcCMg" points="[800, 521, -643984, -643984]$[800, 400, -643984, -643984]"/>
    <sourceAnchor xmi:type="notation:IdentityAnchor" xmi:id="_t8i-IGC7EeypptJpqgcCMg" id="(0.5673758865248227,0.0)"/>
    <targetAnchor xmi:type="notation:IdentityAnchor" xmi:id="_t8i-IWC7EeypptJpqgcCMg" id="(0.4878048780487805,1.0)"/>
  </edges>
  <edges xmi:type="notation:Connector" xmi:id="_JXmlEGC8EeypptJpqgcCMg" type="InterfaceRealization_Edge" source="_kH9aIF-0EeyDesdEz8bhTQ" target="_4SznUGC7EeypptJpqgcCMg">
    <children xmi:type="notation:DecorationNode" xmi:id="_JXnMIGC8EeypptJpqgcCMg" type="InterfaceRealization_NameLabel">
      <styles xmi:type="notation:BooleanValueStyle" xmi:id="_J3WcIGC8EeypptJpqgcCMg" name="IS_UPDATED_POSITION" booleanValue="true"/>
      <layoutConstraint xmi:type="notation:Location" xmi:id="_JXnMIWC8EeypptJpqgcCMg" x="1" y="57"/>
    </children>
    <children xmi:type="notation:DecorationNode" xmi:id="_JXnMImC8EeypptJpqgcCMg" type="InterfaceRealization_StereotypeLabel">
      <styles xmi:type="notation:BooleanValueStyle" xmi:id="_J3g0MGC8EeypptJpqgcCMg" name="IS_UPDATED_POSITION" booleanValue="true"/>
      <layoutConstraint xmi:type="notation:Location" xmi:id="_JXnMI2C8EeypptJpqgcCMg" x="1" y="27"/>
    </children>
    <styles xmi:type="notation:FontStyle" xmi:id="_JXmlEWC8EeypptJpqgcCMg"/>
    <element xmi:type="uml:InterfaceRealization" href="component.uml#_JXbl8GC8EeypptJpqgcCMg"/>
    <bendpoints xmi:type="notation:RelativeBendpoints" xmi:id="_JXmlEmC8EeypptJpqgcCMg" points="[720, 480, -643984, -643984]$[620, 560, -643984, -643984]"/>
    <sourceAnchor xmi:type="notation:IdentityAnchor" xmi:id="_JX-_kGC8EeypptJpqgcCMg" id="(0.5673758865248227,1.0)"/>
    <targetAnchor xmi:type="notation:IdentityAnchor" xmi:id="_JX-_kWC8EeypptJpqgcCMg" id="(0.49382716049382713,0.0)"/>
  </edges>
  <edges xmi:type="notation:Connector" xmi:id="_SlwWsGC8EeypptJpqgcCMg" type="InterfaceRealization_Edge" source="_mt46kF-0EeyDesdEz8bhTQ" target="_4SznUGC7EeypptJpqgcCMg">
    <children xmi:type="notation:DecorationNode" xmi:id="_SlwWs2C8EeypptJpqgcCMg" type="InterfaceRealization_NameLabel">
      <layoutConstraint xmi:type="notation:Location" xmi:id="_Slw9wGC8EeypptJpqgcCMg" y="60"/>
    </children>
    <children xmi:type="notation:DecorationNode" xmi:id="_Slw9wWC8EeypptJpqgcCMg" type="InterfaceRealization_StereotypeLabel">
      <layoutConstraint xmi:type="notation:Location" xmi:id="_Slw9wmC8EeypptJpqgcCMg" y="30"/>
    </children>
    <styles xmi:type="notation:FontStyle" xmi:id="_SlwWsWC8EeypptJpqgcCMg"/>
    <element xmi:type="uml:InterfaceRealization" href="component.uml#_SlWHAGC8EeypptJpqgcCMg"/>
    <bendpoints xmi:type="notation:RelativeBendpoints" xmi:id="_SlwWsmC8EeypptJpqgcCMg" points="[780, 640, -643984, -643984]$[780, 560, -643984, -643984]"/>
    <sourceAnchor xmi:type="notation:IdentityAnchor" xmi:id="_SmcTMGC8EeypptJpqgcCMg" id="(0.425531914893617,0.0)"/>
    <targetAnchor xmi:type="notation:IdentityAnchor" xmi:id="_SmcTMWC8EeypptJpqgcCMg" id="(0.32786885245901637,1.0)"/>
  </edges>
  <edges xmi:type="notation:Connector" xmi:id="_IM8TUGC9EeypptJpqgcCMg" type="InterfaceRealization_Edge" source="_G2JF4F-0EeyDesdEz8bhTQ" target="_Ae_wMGC9EeypptJpqgcCMg">
    <children xmi:type="notation:DecorationNode" xmi:id="_IM8TU2C9EeypptJpqgcCMg" type="InterfaceRealization_NameLabel">
      <layoutConstraint xmi:type="notation:Location" xmi:id="_IM8TVGC9EeypptJpqgcCMg" y="60"/>
    </children>
    <children xmi:type="notation:DecorationNode" xmi:id="_IM8TVWC9EeypptJpqgcCMg" type="InterfaceRealization_StereotypeLabel">
      <layoutConstraint xmi:type="notation:Location" xmi:id="_IM8TVmC9EeypptJpqgcCMg" y="30"/>
    </children>
    <styles xmi:type="notation:FontStyle" xmi:id="_IM8TUWC9EeypptJpqgcCMg"/>
    <element xmi:type="uml:InterfaceRealization" href="component.uml#_IMgOcGC9EeypptJpqgcCMg"/>
    <bendpoints xmi:type="notation:RelativeBendpoints" xmi:id="_IM8TUmC9EeypptJpqgcCMg" points="[140, 460, -643984, -643984]$[40, 480, -643984, -643984]"/>
    <sourceAnchor xmi:type="notation:IdentityAnchor" xmi:id="_INWjAGC9EeypptJpqgcCMg" id="(0.0,0.49382716049382713)"/>
    <targetAnchor xmi:type="notation:IdentityAnchor" xmi:id="_INWjAWC9EeypptJpqgcCMg" id="(0.5,0.0)"/>
  </edges>
  <edges xmi:type="notation:Connector" xmi:id="_MwglIGC9EeypptJpqgcCMg" type="InterfaceRealization_Edge" source="_CQZp0F-0EeyDesdEz8bhTQ" target="_s_fDgGC8EeypptJpqgcCMg">
    <children xmi:type="notation:DecorationNode" xmi:id="_MwglI2C9EeypptJpqgcCMg" type="InterfaceRealization_NameLabel">
      <styles xmi:type="notation:BooleanValueStyle" xmi:id="_OBGDQGC9EeypptJpqgcCMg" name="IS_UPDATED_POSITION" booleanValue="true"/>
      <layoutConstraint xmi:type="notation:Location" xmi:id="_MwglJGC9EeypptJpqgcCMg" x="-1" y="58"/>
    </children>
    <children xmi:type="notation:DecorationNode" xmi:id="_MwglJWC9EeypptJpqgcCMg" type="InterfaceRealization_StereotypeLabel">
      <styles xmi:type="notation:BooleanValueStyle" xmi:id="_OBSQgGC9EeypptJpqgcCMg" name="IS_UPDATED_POSITION" booleanValue="true"/>
      <layoutConstraint xmi:type="notation:Location" xmi:id="_MwglJmC9EeypptJpqgcCMg" x="-1" y="28"/>
    </children>
    <styles xmi:type="notation:FontStyle" xmi:id="_MwglIWC9EeypptJpqgcCMg"/>
    <element xmi:type="uml:InterfaceRealization" href="component.uml#_MwGVcGC9EeypptJpqgcCMg"/>
    <bendpoints xmi:type="notation:RelativeBendpoints" xmi:id="_MwglImC9EeypptJpqgcCMg" points="[140, 300, -643984, -643984]$[40, 320, -643984, -643984]"/>
    <sourceAnchor xmi:type="notation:IdentityAnchor" xmi:id="_Mw6NwGC9EeypptJpqgcCMg" id="(0.0,0.49382716049382713)"/>
    <targetAnchor xmi:type="notation:IdentityAnchor" xmi:id="_Mw6NwWC9EeypptJpqgcCMg" id="(1.0,0.0)"/>
  </edges>
  <edges xmi:type="notation:Connector" xmi:id="_So9mQGC9EeypptJpqgcCMg" type="InterfaceRealization_Edge" source="_qchk8F-zEeyDesdEz8bhTQ" target="_k-0YsGC8EeypptJpqgcCMg">
    <children xmi:type="notation:DecorationNode" xmi:id="_So-NUGC9EeypptJpqgcCMg" type="InterfaceRealization_NameLabel">
      <layoutConstraint xmi:type="notation:Location" xmi:id="_So-NUWC9EeypptJpqgcCMg" y="60"/>
    </children>
    <children xmi:type="notation:DecorationNode" xmi:id="_So-NUmC9EeypptJpqgcCMg" type="InterfaceRealization_StereotypeLabel">
      <layoutConstraint xmi:type="notation:Location" xmi:id="_So-NU2C9EeypptJpqgcCMg" y="30"/>
    </children>
    <styles xmi:type="notation:FontStyle" xmi:id="_So9mQWC9EeypptJpqgcCMg"/>
    <bendpoints xmi:type="notation:RelativeBendpoints" xmi:id="_So9mQmC9EeypptJpqgcCMg" points="[180, 120, -643984, -643984]$[40, 140, -643984, -643984]"/>
    <sourceAnchor xmi:type="notation:IdentityAnchor" xmi:id="_SpZrIGC9EeypptJpqgcCMg" id="(0.0,0.1721170395869191)"/>
    <targetAnchor xmi:type="notation:IdentityAnchor" xmi:id="_SpZrIWC9EeypptJpqgcCMg" id="(0.0,0.0)"/>
  </edges>
</notation:Diagram>
