<?xml version="1.0" encoding="UTF-8"?>
<notation:Diagram xmi:version="2.0" xmlns:xmi="http://www.omg.org/XMI" xmlns:notation="http://www.eclipse.org/gmf/runtime/1.0.3/notation" xmlns:style="http://www.eclipse.org/papyrus/infra/gmfdiag/style" xmlns:uml="http://www.eclipse.org/uml2/5.0.0/UML" xmi:id="_wWH3EF5qEeyDGP_yFHyjxg" type="UseCase" name="Use Case Diagram" measurementUnit="Pixel">
  <children xmi:type="notation:Shape" xmi:id="_1BD8MF5qEeyDGP_yFHyjxg" type="Package_Shape">
    <children xmi:type="notation:DecorationNode" xmi:id="_1BvRoF5qEeyDGP_yFHyjxg" type="Package_NameLabel"/>
    <children xmi:type="notation:BasicCompartment" xmi:id="_1BxG0F5qEeyDGP_yFHyjxg" type="Package_PackagedElementCompartment">
      <children xmi:type="notation:Shape" xmi:id="_7eAKcF5qEeyDGP_yFHyjxg" type="Actor_Shape_CN">
        <children xmi:type="notation:DecorationNode" xmi:id="_7eAxgF5qEeyDGP_yFHyjxg" type="Actor_NameLabel_CN">
          <layoutConstraint xmi:type="notation:Location" xmi:id="_7eBYkF5qEeyDGP_yFHyjxg" y="15"/>
        </children>
        <children xmi:type="notation:DecorationNode" xmi:id="_7eBYkV5qEeyDGP_yFHyjxg" type="Actor_StereotypeLabel_CN">
          <layoutConstraint xmi:type="notation:Location" xmi:id="_7eBYkl5qEeyDGP_yFHyjxg" x="20" y="100"/>
        </children>
        <children xmi:type="notation:DecorationNode" xmi:id="_7eB_oF5qEeyDGP_yFHyjxg" type="Actor_QualifiedNameLabel_CN">
          <layoutConstraint xmi:type="notation:Location" xmi:id="_7eB_oV5qEeyDGP_yFHyjxg" x="20" y="80"/>
        </children>
        <children xmi:type="notation:DecorationNode" xmi:id="_7eB_ol5qEeyDGP_yFHyjxg" type="Actor_FloatingNameLabel_CN">
          <layoutConstraint xmi:type="notation:Location" xmi:id="_7eB_o15qEeyDGP_yFHyjxg" y="15"/>
        </children>
        <element xmi:type="uml:Actor" href="Use_Case_Diagram.uml#_7d0kQF5qEeyDGP_yFHyjxg"/>
        <layoutConstraint xmi:type="notation:Bounds" xmi:id="_7eAKcV5qEeyDGP_yFHyjxg" x="34" y="392"/>
      </children>
      <children xmi:type="notation:Shape" xmi:id="_8CwdUF5qEeyDGP_yFHyjxg" type="Actor_Shape_CN">
        <children xmi:type="notation:DecorationNode" xmi:id="_8CxEYF5qEeyDGP_yFHyjxg" type="Actor_NameLabel_CN">
          <layoutConstraint xmi:type="notation:Location" xmi:id="_8CxEYV5qEeyDGP_yFHyjxg" y="15"/>
        </children>
        <children xmi:type="notation:DecorationNode" xmi:id="_8CxEYl5qEeyDGP_yFHyjxg" type="Actor_StereotypeLabel_CN">
          <layoutConstraint xmi:type="notation:Location" xmi:id="_8CxEY15qEeyDGP_yFHyjxg" x="20" y="100"/>
        </children>
        <children xmi:type="notation:DecorationNode" xmi:id="_8CxEZF5qEeyDGP_yFHyjxg" type="Actor_QualifiedNameLabel_CN">
          <layoutConstraint xmi:type="notation:Location" xmi:id="_8CxEZV5qEeyDGP_yFHyjxg" x="20" y="80"/>
        </children>
        <children xmi:type="notation:DecorationNode" xmi:id="_8CxEZl5qEeyDGP_yFHyjxg" type="Actor_FloatingNameLabel_CN">
          <layoutConstraint xmi:type="notation:Location" xmi:id="_8CxEZ15qEeyDGP_yFHyjxg" y="15"/>
        </children>
        <element xmi:type="uml:Actor" href="Use_Case_Diagram.uml#_8Cia4F5qEeyDGP_yFHyjxg"/>
        <layoutConstraint xmi:type="notation:Bounds" xmi:id="_8CwdUV5qEeyDGP_yFHyjxg" x="134" y="312"/>
      </children>
      <children xmi:type="notation:Shape" xmi:id="_8ek2oF5qEeyDGP_yFHyjxg" type="Actor_Shape_CN">
        <children xmi:type="notation:DecorationNode" xmi:id="_8ek2ol5qEeyDGP_yFHyjxg" type="Actor_NameLabel_CN">
          <layoutConstraint xmi:type="notation:Location" xmi:id="_8eldsF5qEeyDGP_yFHyjxg" y="15"/>
        </children>
        <children xmi:type="notation:DecorationNode" xmi:id="_8eldsV5qEeyDGP_yFHyjxg" type="Actor_StereotypeLabel_CN">
          <layoutConstraint xmi:type="notation:Location" xmi:id="_8eldsl5qEeyDGP_yFHyjxg" x="20" y="100"/>
        </children>
        <children xmi:type="notation:DecorationNode" xmi:id="_8elds15qEeyDGP_yFHyjxg" type="Actor_QualifiedNameLabel_CN">
          <layoutConstraint xmi:type="notation:Location" xmi:id="_8eldtF5qEeyDGP_yFHyjxg" x="20" y="80"/>
        </children>
        <children xmi:type="notation:DecorationNode" xmi:id="_8eldtV5qEeyDGP_yFHyjxg" type="Actor_FloatingNameLabel_CN">
          <layoutConstraint xmi:type="notation:Location" xmi:id="_8eldtl5qEeyDGP_yFHyjxg" y="15"/>
        </children>
        <element xmi:type="uml:Actor" href="Use_Case_Diagram.uml#_8eTw4F5qEeyDGP_yFHyjxg"/>
        <layoutConstraint xmi:type="notation:Bounds" xmi:id="_8ek2oV5qEeyDGP_yFHyjxg" x="134" y="452"/>
      </children>
      <children xmi:type="notation:Shape" xmi:id="_81dFkF5qEeyDGP_yFHyjxg" type="Actor_Shape_CN">
        <children xmi:type="notation:DecorationNode" xmi:id="_81dsoF5qEeyDGP_yFHyjxg" type="Actor_NameLabel_CN">
          <layoutConstraint xmi:type="notation:Location" xmi:id="_81dsoV5qEeyDGP_yFHyjxg" y="15"/>
        </children>
        <children xmi:type="notation:DecorationNode" xmi:id="_81dsol5qEeyDGP_yFHyjxg" type="Actor_StereotypeLabel_CN">
          <layoutConstraint xmi:type="notation:Location" xmi:id="_81dso15qEeyDGP_yFHyjxg" x="20" y="100"/>
        </children>
        <children xmi:type="notation:DecorationNode" xmi:id="_81dspF5qEeyDGP_yFHyjxg" type="Actor_QualifiedNameLabel_CN">
          <layoutConstraint xmi:type="notation:Location" xmi:id="_81dspV5qEeyDGP_yFHyjxg" x="20" y="80"/>
        </children>
        <children xmi:type="notation:DecorationNode" xmi:id="_81dspl5qEeyDGP_yFHyjxg" type="Actor_FloatingNameLabel_CN">
          <layoutConstraint xmi:type="notation:Location" xmi:id="_81dsp15qEeyDGP_yFHyjxg" y="15"/>
        </children>
        <element xmi:type="uml:Actor" href="Use_Case_Diagram.uml#_81KKoF5qEeyDGP_yFHyjxg"/>
        <layoutConstraint xmi:type="notation:Bounds" xmi:id="_81dFkV5qEeyDGP_yFHyjxg" x="1034" y="372"/>
      </children>
      <children xmi:type="notation:Shape" xmi:id="_OninIF5rEeyDGP_yFHyjxg" type="Package_Shape_CN">
        <children xmi:type="notation:DecorationNode" xmi:id="_OnjOMF5rEeyDGP_yFHyjxg" type="Package_NameLabel_CN"/>
        <children xmi:type="notation:BasicCompartment" xmi:id="_OnjOMV5rEeyDGP_yFHyjxg" type="Package_PackagedElementCompartment_CN">
          <children xmi:type="notation:Shape" xmi:id="_pYSs0F5rEeyDGP_yFHyjxg" type="UseCase_Shape_CN">
            <children xmi:type="notation:DecorationNode" xmi:id="_pYSs0l5rEeyDGP_yFHyjxg" type="UseCase_NameLabel_CN"/>
            <children xmi:type="notation:DecorationNode" xmi:id="_pYTT4F5rEeyDGP_yFHyjxg" type="UseCase_FloatingNameLabel_CN">
              <layoutConstraint xmi:type="notation:Location" xmi:id="_pYTT4V5rEeyDGP_yFHyjxg" y="15"/>
            </children>
            <children xmi:type="notation:BasicCompartment" xmi:id="_pY6X4F5rEeyDGP_yFHyjxg" type="UseCase_ExtensionPointCompartment_CN">
              <styles xmi:type="notation:SortingStyle" xmi:id="_pY6X4V5rEeyDGP_yFHyjxg"/>
              <styles xmi:type="notation:FilteringStyle" xmi:id="_pY6X4l5rEeyDGP_yFHyjxg"/>
              <layoutConstraint xmi:type="notation:Bounds" xmi:id="_pY6X415rEeyDGP_yFHyjxg"/>
            </children>
            <element xmi:type="uml:UseCase" href="Use_Case_Diagram.uml#_pYBnEF5rEeyDGP_yFHyjxg"/>
            <layoutConstraint xmi:type="notation:Bounds" xmi:id="_pYSs0V5rEeyDGP_yFHyjxg" x="34" y="112"/>
          </children>
          <children xmi:type="notation:Shape" xmi:id="_p_mkcF5rEeyDGP_yFHyjxg" type="UseCase_Shape_CN">
            <children xmi:type="notation:DecorationNode" xmi:id="_p_mkcl5rEeyDGP_yFHyjxg" type="UseCase_NameLabel_CN"/>
            <children xmi:type="notation:DecorationNode" xmi:id="_p_nLgF5rEeyDGP_yFHyjxg" type="UseCase_FloatingNameLabel_CN">
              <layoutConstraint xmi:type="notation:Location" xmi:id="_p_nLgV5rEeyDGP_yFHyjxg" y="15"/>
            </children>
            <children xmi:type="notation:BasicCompartment" xmi:id="_p_nLgl5rEeyDGP_yFHyjxg" type="UseCase_ExtensionPointCompartment_CN">
              <styles xmi:type="notation:SortingStyle" xmi:id="_p_nLg15rEeyDGP_yFHyjxg"/>
              <styles xmi:type="notation:FilteringStyle" xmi:id="_p_nLhF5rEeyDGP_yFHyjxg"/>
              <layoutConstraint xmi:type="notation:Bounds" xmi:id="_p_nLhV5rEeyDGP_yFHyjxg"/>
            </children>
            <element xmi:type="uml:UseCase" href="Use_Case_Diagram.uml#_p_TCcF5rEeyDGP_yFHyjxg"/>
            <layoutConstraint xmi:type="notation:Bounds" xmi:id="_p_mkcV5rEeyDGP_yFHyjxg" x="234" y="192"/>
          </children>
          <children xmi:type="notation:Shape" xmi:id="_qSqqYF5rEeyDGP_yFHyjxg" type="UseCase_Shape_CN">
            <children xmi:type="notation:DecorationNode" xmi:id="_qSrRcF5rEeyDGP_yFHyjxg" type="UseCase_NameLabel_CN"/>
            <children xmi:type="notation:DecorationNode" xmi:id="_qSrRcV5rEeyDGP_yFHyjxg" type="UseCase_FloatingNameLabel_CN">
              <layoutConstraint xmi:type="notation:Location" xmi:id="_qSr4gF5rEeyDGP_yFHyjxg" y="15"/>
            </children>
            <children xmi:type="notation:BasicCompartment" xmi:id="_qSr4gV5rEeyDGP_yFHyjxg" type="UseCase_ExtensionPointCompartment_CN">
              <styles xmi:type="notation:SortingStyle" xmi:id="_qSr4gl5rEeyDGP_yFHyjxg"/>
              <styles xmi:type="notation:FilteringStyle" xmi:id="_qSr4g15rEeyDGP_yFHyjxg"/>
              <layoutConstraint xmi:type="notation:Bounds" xmi:id="_qSr4hF5rEeyDGP_yFHyjxg"/>
            </children>
            <element xmi:type="uml:UseCase" href="Use_Case_Diagram.uml#_qSV6QF5rEeyDGP_yFHyjxg"/>
            <layoutConstraint xmi:type="notation:Bounds" xmi:id="_qSqqYV5rEeyDGP_yFHyjxg" x="34" y="12"/>
          </children>
          <children xmi:type="notation:Shape" xmi:id="_qn7IsF5rEeyDGP_yFHyjxg" type="UseCase_Shape_CN">
            <children xmi:type="notation:DecorationNode" xmi:id="_qn7vwF5rEeyDGP_yFHyjxg" type="UseCase_NameLabel_CN"/>
            <children xmi:type="notation:DecorationNode" xmi:id="_qn7vwV5rEeyDGP_yFHyjxg" type="UseCase_FloatingNameLabel_CN">
              <layoutConstraint xmi:type="notation:Location" xmi:id="_qn7vwl5rEeyDGP_yFHyjxg" y="15"/>
            </children>
            <children xmi:type="notation:BasicCompartment" xmi:id="_qn8W0F5rEeyDGP_yFHyjxg" type="UseCase_ExtensionPointCompartment_CN">
              <styles xmi:type="notation:SortingStyle" xmi:id="_qn8W0V5rEeyDGP_yFHyjxg"/>
              <styles xmi:type="notation:FilteringStyle" xmi:id="_qn8W0l5rEeyDGP_yFHyjxg"/>
              <layoutConstraint xmi:type="notation:Bounds" xmi:id="_qn8W015rEeyDGP_yFHyjxg"/>
            </children>
            <element xmi:type="uml:UseCase" href="Use_Case_Diagram.uml#_qnj8UF5rEeyDGP_yFHyjxg"/>
            <layoutConstraint xmi:type="notation:Bounds" xmi:id="_qn7IsV5rEeyDGP_yFHyjxg" x="234" y="72"/>
          </children>
          <children xmi:type="notation:Shape" xmi:id="_q_AL8F5rEeyDGP_yFHyjxg" type="UseCase_Shape_CN">
            <children xmi:type="notation:DecorationNode" xmi:id="_q_AzAF5rEeyDGP_yFHyjxg" type="UseCase_NameLabel_CN"/>
            <children xmi:type="notation:DecorationNode" xmi:id="_q_AzAV5rEeyDGP_yFHyjxg" type="UseCase_FloatingNameLabel_CN">
              <layoutConstraint xmi:type="notation:Location" xmi:id="_q_AzAl5rEeyDGP_yFHyjxg" y="15"/>
            </children>
            <children xmi:type="notation:BasicCompartment" xmi:id="_q_AzA15rEeyDGP_yFHyjxg" type="UseCase_ExtensionPointCompartment_CN">
              <styles xmi:type="notation:SortingStyle" xmi:id="_q_AzBF5rEeyDGP_yFHyjxg"/>
              <styles xmi:type="notation:FilteringStyle" xmi:id="_q_AzBV5rEeyDGP_yFHyjxg"/>
              <layoutConstraint xmi:type="notation:Bounds" xmi:id="_q_AzBl5rEeyDGP_yFHyjxg"/>
            </children>
            <element xmi:type="uml:UseCase" href="Use_Case_Diagram.uml#_q-pmoF5rEeyDGP_yFHyjxg"/>
            <layoutConstraint xmi:type="notation:Bounds" xmi:id="_q_AL8V5rEeyDGP_yFHyjxg" x="34" y="712"/>
          </children>
          <children xmi:type="notation:Shape" xmi:id="_rVZ5wF5rEeyDGP_yFHyjxg" type="UseCase_Shape_CN">
            <children xmi:type="notation:DecorationNode" xmi:id="_rVag0F5rEeyDGP_yFHyjxg" type="UseCase_NameLabel_CN"/>
            <children xmi:type="notation:DecorationNode" xmi:id="_rVag0V5rEeyDGP_yFHyjxg" type="UseCase_FloatingNameLabel_CN">
              <layoutConstraint xmi:type="notation:Location" xmi:id="_rVag0l5rEeyDGP_yFHyjxg" y="15"/>
            </children>
            <children xmi:type="notation:BasicCompartment" xmi:id="_rVag015rEeyDGP_yFHyjxg" type="UseCase_ExtensionPointCompartment_CN">
              <styles xmi:type="notation:SortingStyle" xmi:id="_rVag1F5rEeyDGP_yFHyjxg"/>
              <styles xmi:type="notation:FilteringStyle" xmi:id="_rVag1V5rEeyDGP_yFHyjxg"/>
              <layoutConstraint xmi:type="notation:Bounds" xmi:id="_rVag1l5rEeyDGP_yFHyjxg"/>
            </children>
            <element xmi:type="uml:UseCase" href="Use_Case_Diagram.uml#_rVCtYF5rEeyDGP_yFHyjxg"/>
            <layoutConstraint xmi:type="notation:Bounds" xmi:id="_rVZ5wV5rEeyDGP_yFHyjxg" x="234" y="412"/>
          </children>
          <children xmi:type="notation:Shape" xmi:id="_pvl9EF5sEeyDGP_yFHyjxg" type="UseCase_Shape_CN">
            <children xmi:type="notation:DecorationNode" xmi:id="_pvl9El5sEeyDGP_yFHyjxg" type="UseCase_NameLabel_CN"/>
            <children xmi:type="notation:DecorationNode" xmi:id="_pvl9E15sEeyDGP_yFHyjxg" type="UseCase_FloatingNameLabel_CN">
              <layoutConstraint xmi:type="notation:Location" xmi:id="_pvmkIF5sEeyDGP_yFHyjxg" y="15"/>
            </children>
            <children xmi:type="notation:BasicCompartment" xmi:id="_pvmkIV5sEeyDGP_yFHyjxg" type="UseCase_ExtensionPointCompartment_CN">
              <styles xmi:type="notation:SortingStyle" xmi:id="_pvmkIl5sEeyDGP_yFHyjxg"/>
              <styles xmi:type="notation:FilteringStyle" xmi:id="_pvmkI15sEeyDGP_yFHyjxg"/>
              <layoutConstraint xmi:type="notation:Bounds" xmi:id="_pvmkJF5sEeyDGP_yFHyjxg"/>
            </children>
            <element xmi:type="uml:UseCase" href="Use_Case_Diagram.uml#_pvRM8F5sEeyDGP_yFHyjxg"/>
            <layoutConstraint xmi:type="notation:Bounds" xmi:id="_pvl9EV5sEeyDGP_yFHyjxg" x="34" y="592"/>
          </children>
          <children xmi:type="notation:Shape" xmi:id="_0eVXsF5sEeyDGP_yFHyjxg" type="UseCase_Shape_CN">
            <children xmi:type="notation:DecorationNode" xmi:id="_0eVXsl5sEeyDGP_yFHyjxg" type="UseCase_NameLabel_CN"/>
            <children xmi:type="notation:DecorationNode" xmi:id="_0eVXs15sEeyDGP_yFHyjxg" type="UseCase_FloatingNameLabel_CN">
              <layoutConstraint xmi:type="notation:Location" xmi:id="_0eVXtF5sEeyDGP_yFHyjxg" y="15"/>
            </children>
            <children xmi:type="notation:BasicCompartment" xmi:id="_0eVXtV5sEeyDGP_yFHyjxg" type="UseCase_ExtensionPointCompartment_CN">
              <styles xmi:type="notation:SortingStyle" xmi:id="_0eVXtl5sEeyDGP_yFHyjxg"/>
              <styles xmi:type="notation:FilteringStyle" xmi:id="_0eVXt15sEeyDGP_yFHyjxg"/>
              <layoutConstraint xmi:type="notation:Bounds" xmi:id="_0eVXuF5sEeyDGP_yFHyjxg"/>
            </children>
            <element xmi:type="uml:UseCase" href="Use_Case_Diagram.uml#_0d-LUF5sEeyDGP_yFHyjxg"/>
            <layoutConstraint xmi:type="notation:Bounds" xmi:id="_0eVXsV5sEeyDGP_yFHyjxg" x="454" y="12"/>
          </children>
          <children xmi:type="notation:Shape" xmi:id="_0xEGcF5sEeyDGP_yFHyjxg" type="UseCase_Shape_CN">
            <children xmi:type="notation:DecorationNode" xmi:id="_0xEtgF5sEeyDGP_yFHyjxg" type="UseCase_NameLabel_CN"/>
            <children xmi:type="notation:DecorationNode" xmi:id="_0xEtgV5sEeyDGP_yFHyjxg" type="UseCase_FloatingNameLabel_CN">
              <layoutConstraint xmi:type="notation:Location" xmi:id="_0xEtgl5sEeyDGP_yFHyjxg" y="15"/>
            </children>
            <children xmi:type="notation:BasicCompartment" xmi:id="_0xEtg15sEeyDGP_yFHyjxg" type="UseCase_ExtensionPointCompartment_CN">
              <styles xmi:type="notation:SortingStyle" xmi:id="_0xEthF5sEeyDGP_yFHyjxg"/>
              <styles xmi:type="notation:FilteringStyle" xmi:id="_0xEthV5sEeyDGP_yFHyjxg"/>
              <layoutConstraint xmi:type="notation:Bounds" xmi:id="_0xEthl5sEeyDGP_yFHyjxg"/>
            </children>
            <element xmi:type="uml:UseCase" href="Use_Case_Diagram.uml#_0wsTAF5sEeyDGP_yFHyjxg"/>
            <layoutConstraint xmi:type="notation:Bounds" xmi:id="_0xEGcV5sEeyDGP_yFHyjxg" x="454" y="132"/>
          </children>
          <children xmi:type="notation:Shape" xmi:id="_1C75kF5sEeyDGP_yFHyjxg" type="UseCase_Shape_CN">
            <children xmi:type="notation:DecorationNode" xmi:id="_1C8goV5sEeyDGP_yFHyjxg" type="UseCase_NameLabel_CN"/>
            <children xmi:type="notation:DecorationNode" xmi:id="_1C8gol5sEeyDGP_yFHyjxg" type="UseCase_FloatingNameLabel_CN">
              <layoutConstraint xmi:type="notation:Location" xmi:id="_1C8go15sEeyDGP_yFHyjxg" y="15"/>
            </children>
            <children xmi:type="notation:BasicCompartment" xmi:id="_1C8gpF5sEeyDGP_yFHyjxg" type="UseCase_ExtensionPointCompartment_CN">
              <styles xmi:type="notation:SortingStyle" xmi:id="_1C8gpV5sEeyDGP_yFHyjxg"/>
              <styles xmi:type="notation:FilteringStyle" xmi:id="_1C8gpl5sEeyDGP_yFHyjxg"/>
              <layoutConstraint xmi:type="notation:Bounds" xmi:id="_1C8gp15sEeyDGP_yFHyjxg"/>
            </children>
            <element xmi:type="uml:UseCase" href="Use_Case_Diagram.uml#_1Cl7UF5sEeyDGP_yFHyjxg"/>
            <layoutConstraint xmi:type="notation:Bounds" xmi:id="_1C8goF5sEeyDGP_yFHyjxg" x="454" y="252"/>
          </children>
          <children xmi:type="notation:Shape" xmi:id="_4FcoUF5sEeyDGP_yFHyjxg" type="UseCase_Shape_CN">
            <children xmi:type="notation:DecorationNode" xmi:id="_4FdPYF5sEeyDGP_yFHyjxg" type="UseCase_NameLabel_CN"/>
            <children xmi:type="notation:DecorationNode" xmi:id="_4FdPYV5sEeyDGP_yFHyjxg" type="UseCase_FloatingNameLabel_CN">
              <layoutConstraint xmi:type="notation:Location" xmi:id="_4FdPYl5sEeyDGP_yFHyjxg" y="15"/>
            </children>
            <children xmi:type="notation:BasicCompartment" xmi:id="_4FdPY15sEeyDGP_yFHyjxg" type="UseCase_ExtensionPointCompartment_CN">
              <styles xmi:type="notation:SortingStyle" xmi:id="_4FdPZF5sEeyDGP_yFHyjxg"/>
              <styles xmi:type="notation:FilteringStyle" xmi:id="_4FdPZV5sEeyDGP_yFHyjxg"/>
              <layoutConstraint xmi:type="notation:Bounds" xmi:id="_4FdPZl5sEeyDGP_yFHyjxg"/>
            </children>
            <element xmi:type="uml:UseCase" href="Use_Case_Diagram.uml#_4FDmwF5sEeyDGP_yFHyjxg"/>
            <layoutConstraint xmi:type="notation:Bounds" xmi:id="_4FcoUV5sEeyDGP_yFHyjxg" x="454" y="372"/>
          </children>
          <children xmi:type="notation:Shape" xmi:id="_4v5TgF5sEeyDGP_yFHyjxg" type="UseCase_Shape_CN">
            <children xmi:type="notation:DecorationNode" xmi:id="_4v56kF5sEeyDGP_yFHyjxg" type="UseCase_NameLabel_CN"/>
            <children xmi:type="notation:DecorationNode" xmi:id="_4v56kV5sEeyDGP_yFHyjxg" type="UseCase_FloatingNameLabel_CN">
              <layoutConstraint xmi:type="notation:Location" xmi:id="_4v56kl5sEeyDGP_yFHyjxg" y="15"/>
            </children>
            <children xmi:type="notation:BasicCompartment" xmi:id="_4v56k15sEeyDGP_yFHyjxg" type="UseCase_ExtensionPointCompartment_CN">
              <styles xmi:type="notation:SortingStyle" xmi:id="_4v56lF5sEeyDGP_yFHyjxg"/>
              <styles xmi:type="notation:FilteringStyle" xmi:id="_4v56lV5sEeyDGP_yFHyjxg"/>
              <layoutConstraint xmi:type="notation:Bounds" xmi:id="_4v56ll5sEeyDGP_yFHyjxg"/>
            </children>
            <element xmi:type="uml:UseCase" href="Use_Case_Diagram.uml#_4viHIF5sEeyDGP_yFHyjxg"/>
            <layoutConstraint xmi:type="notation:Bounds" xmi:id="_4v5TgV5sEeyDGP_yFHyjxg" x="454" y="592"/>
          </children>
          <children xmi:type="notation:Shape" xmi:id="_dSgU0F5tEeyDGP_yFHyjxg" type="UseCase_Shape_CN">
            <children xmi:type="notation:DecorationNode" xmi:id="_dSgU0l5tEeyDGP_yFHyjxg" type="UseCase_NameLabel_CN"/>
            <children xmi:type="notation:DecorationNode" xmi:id="_dSg74F5tEeyDGP_yFHyjxg" type="UseCase_FloatingNameLabel_CN">
              <layoutConstraint xmi:type="notation:Location" xmi:id="_dSg74V5tEeyDGP_yFHyjxg" y="15"/>
            </children>
            <children xmi:type="notation:BasicCompartment" xmi:id="_dSg74l5tEeyDGP_yFHyjxg" type="UseCase_ExtensionPointCompartment_CN">
              <styles xmi:type="notation:SortingStyle" xmi:id="_dSg7415tEeyDGP_yFHyjxg"/>
              <styles xmi:type="notation:FilteringStyle" xmi:id="_dSg75F5tEeyDGP_yFHyjxg"/>
              <layoutConstraint xmi:type="notation:Bounds" xmi:id="_dSg75V5tEeyDGP_yFHyjxg"/>
            </children>
            <element xmi:type="uml:UseCase" href="Use_Case_Diagram.uml#_dSKWkF5tEeyDGP_yFHyjxg"/>
            <layoutConstraint xmi:type="notation:Bounds" xmi:id="_dSgU0V5tEeyDGP_yFHyjxg" x="234" y="532"/>
          </children>
          <children xmi:type="notation:Shape" xmi:id="_qWLmgF5tEeyDGP_yFHyjxg" type="UseCase_Shape_CN">
            <children xmi:type="notation:DecorationNode" xmi:id="_qWMNkF5tEeyDGP_yFHyjxg" type="UseCase_NameLabel_CN"/>
            <children xmi:type="notation:DecorationNode" xmi:id="_qWMNkV5tEeyDGP_yFHyjxg" type="UseCase_FloatingNameLabel_CN">
              <layoutConstraint xmi:type="notation:Location" xmi:id="_qWMNkl5tEeyDGP_yFHyjxg" y="15"/>
            </children>
            <children xmi:type="notation:BasicCompartment" xmi:id="_qWMNk15tEeyDGP_yFHyjxg" type="UseCase_ExtensionPointCompartment_CN">
              <styles xmi:type="notation:SortingStyle" xmi:id="_qWMNlF5tEeyDGP_yFHyjxg"/>
              <styles xmi:type="notation:FilteringStyle" xmi:id="_qWMNlV5tEeyDGP_yFHyjxg"/>
              <layoutConstraint xmi:type="notation:Bounds" xmi:id="_qWMNll5tEeyDGP_yFHyjxg"/>
            </children>
            <element xmi:type="uml:UseCase" href="Use_Case_Diagram.uml#_qV1oQF5tEeyDGP_yFHyjxg"/>
            <layoutConstraint xmi:type="notation:Bounds" xmi:id="_qWLmgV5tEeyDGP_yFHyjxg" x="454" y="712"/>
          </children>
          <children xmi:type="notation:Shape" xmi:id="_A9nGYF5uEeyDGP_yFHyjxg" type="UseCase_Shape_CN">
            <children xmi:type="notation:DecorationNode" xmi:id="_A9ntcF5uEeyDGP_yFHyjxg" type="UseCase_NameLabel_CN"/>
            <children xmi:type="notation:DecorationNode" xmi:id="_A9ntcV5uEeyDGP_yFHyjxg" type="UseCase_FloatingNameLabel_CN">
              <layoutConstraint xmi:type="notation:Location" xmi:id="_A9ntcl5uEeyDGP_yFHyjxg" y="15"/>
            </children>
            <children xmi:type="notation:BasicCompartment" xmi:id="_A9ntc15uEeyDGP_yFHyjxg" type="UseCase_ExtensionPointCompartment_CN">
              <styles xmi:type="notation:SortingStyle" xmi:id="_A9ntdF5uEeyDGP_yFHyjxg"/>
              <styles xmi:type="notation:FilteringStyle" xmi:id="_A9ntdV5uEeyDGP_yFHyjxg"/>
              <layoutConstraint xmi:type="notation:Bounds" xmi:id="_A9ntdl5uEeyDGP_yFHyjxg"/>
            </children>
            <element xmi:type="uml:UseCase" href="Use_Case_Diagram.uml#_A9P6AF5uEeyDGP_yFHyjxg"/>
            <layoutConstraint xmi:type="notation:Bounds" xmi:id="_A9nGYV5uEeyDGP_yFHyjxg" x="234" y="652"/>
          </children>
          <children xmi:type="notation:Shape" xmi:id="_V5BwYF5uEeyDGP_yFHyjxg" type="UseCase_Shape_CN">
            <children xmi:type="notation:DecorationNode" xmi:id="_V5CXcF5uEeyDGP_yFHyjxg" type="UseCase_NameLabel_CN"/>
            <children xmi:type="notation:DecorationNode" xmi:id="_V5CXcV5uEeyDGP_yFHyjxg" type="UseCase_FloatingNameLabel_CN">
              <layoutConstraint xmi:type="notation:Location" xmi:id="_V5CXcl5uEeyDGP_yFHyjxg" y="15"/>
            </children>
            <children xmi:type="notation:BasicCompartment" xmi:id="_V5CXc15uEeyDGP_yFHyjxg" type="UseCase_ExtensionPointCompartment_CN">
              <styles xmi:type="notation:SortingStyle" xmi:id="_V5CXdF5uEeyDGP_yFHyjxg"/>
              <styles xmi:type="notation:FilteringStyle" xmi:id="_V5CXdV5uEeyDGP_yFHyjxg"/>
              <layoutConstraint xmi:type="notation:Bounds" xmi:id="_V5CXdl5uEeyDGP_yFHyjxg"/>
            </children>
            <element xmi:type="uml:UseCase" href="Use_Case_Diagram.uml#_V4m5oF5uEeyDGP_yFHyjxg"/>
            <layoutConstraint xmi:type="notation:Bounds" xmi:id="_V5BwYV5uEeyDGP_yFHyjxg" x="34" y="252"/>
          </children>
          <children xmi:type="notation:Shape" xmi:id="_ihiJAF5uEeyDGP_yFHyjxg" type="UseCase_Shape_CN">
            <children xmi:type="notation:DecorationNode" xmi:id="_ihiJAl5uEeyDGP_yFHyjxg" type="UseCase_NameLabel_CN"/>
            <children xmi:type="notation:DecorationNode" xmi:id="_ihiJA15uEeyDGP_yFHyjxg" type="UseCase_FloatingNameLabel_CN">
              <layoutConstraint xmi:type="notation:Location" xmi:id="_ihiJBF5uEeyDGP_yFHyjxg" y="15"/>
            </children>
            <children xmi:type="notation:BasicCompartment" xmi:id="_ihiJBV5uEeyDGP_yFHyjxg" type="UseCase_ExtensionPointCompartment_CN">
              <styles xmi:type="notation:SortingStyle" xmi:id="_ihiwEF5uEeyDGP_yFHyjxg"/>
              <styles xmi:type="notation:FilteringStyle" xmi:id="_ihiwEV5uEeyDGP_yFHyjxg"/>
              <layoutConstraint xmi:type="notation:Bounds" xmi:id="_ihiwEl5uEeyDGP_yFHyjxg"/>
            </children>
            <element xmi:type="uml:UseCase" href="Use_Case_Diagram.uml#_ihJugF5uEeyDGP_yFHyjxg"/>
            <layoutConstraint xmi:type="notation:Bounds" xmi:id="_ihiJAV5uEeyDGP_yFHyjxg" x="34" y="372"/>
          </children>
          <children xmi:type="notation:Shape" xmi:id="_42WO4F5uEeyDGP_yFHyjxg" type="UseCase_Shape_CN">
            <children xmi:type="notation:DecorationNode" xmi:id="_42WO4l5uEeyDGP_yFHyjxg" type="UseCase_NameLabel_CN"/>
            <children xmi:type="notation:DecorationNode" xmi:id="_42WO415uEeyDGP_yFHyjxg" type="UseCase_FloatingNameLabel_CN">
              <layoutConstraint xmi:type="notation:Location" xmi:id="_42WO5F5uEeyDGP_yFHyjxg" y="15"/>
            </children>
            <children xmi:type="notation:BasicCompartment" xmi:id="_42W18F5uEeyDGP_yFHyjxg" type="UseCase_ExtensionPointCompartment_CN">
              <styles xmi:type="notation:SortingStyle" xmi:id="_42W18V5uEeyDGP_yFHyjxg"/>
              <styles xmi:type="notation:FilteringStyle" xmi:id="_42W18l5uEeyDGP_yFHyjxg"/>
              <layoutConstraint xmi:type="notation:Bounds" xmi:id="_42W1815uEeyDGP_yFHyjxg"/>
            </children>
            <element xmi:type="uml:UseCase" href="Use_Case_Diagram.uml#_414U0F5uEeyDGP_yFHyjxg"/>
            <layoutConstraint xmi:type="notation:Bounds" xmi:id="_42WO4V5uEeyDGP_yFHyjxg" x="34" y="492"/>
          </children>
          <children xmi:type="notation:Shape" xmi:id="_0cKtIF5vEeyDGP_yFHyjxg" type="UseCase_Shape_CN">
            <children xmi:type="notation:DecorationNode" xmi:id="_0cKtIl5vEeyDGP_yFHyjxg" type="UseCase_NameLabel_CN"/>
            <children xmi:type="notation:DecorationNode" xmi:id="_0cLUMF5vEeyDGP_yFHyjxg" type="UseCase_FloatingNameLabel_CN">
              <layoutConstraint xmi:type="notation:Location" xmi:id="_0cLUMV5vEeyDGP_yFHyjxg" y="15"/>
            </children>
            <children xmi:type="notation:BasicCompartment" xmi:id="_0cLUMl5vEeyDGP_yFHyjxg" type="UseCase_ExtensionPointCompartment_CN">
              <styles xmi:type="notation:SortingStyle" xmi:id="_0cLUM15vEeyDGP_yFHyjxg"/>
              <styles xmi:type="notation:FilteringStyle" xmi:id="_0cLUNF5vEeyDGP_yFHyjxg"/>
              <layoutConstraint xmi:type="notation:Bounds" xmi:id="_0cLUNV5vEeyDGP_yFHyjxg"/>
            </children>
            <element xmi:type="uml:UseCase" href="Use_Case_Diagram.uml#_0bsMAF5vEeyDGP_yFHyjxg"/>
            <layoutConstraint xmi:type="notation:Bounds" xmi:id="_0cKtIV5vEeyDGP_yFHyjxg" x="434" y="492"/>
          </children>
          <children xmi:type="notation:Shape" xmi:id="_9yyOQF8fEey0qsbdpmfsdw" type="UseCase_Shape_CN">
            <children xmi:type="notation:DecorationNode" xmi:id="_9y0qgF8fEey0qsbdpmfsdw" type="UseCase_NameLabel_CN"/>
            <children xmi:type="notation:DecorationNode" xmi:id="_9y0qgV8fEey0qsbdpmfsdw" type="UseCase_FloatingNameLabel_CN">
              <layoutConstraint xmi:type="notation:Location" xmi:id="_9y0qgl8fEey0qsbdpmfsdw" y="15"/>
            </children>
            <children xmi:type="notation:BasicCompartment" xmi:id="_9y1RkF8fEey0qsbdpmfsdw" type="UseCase_ExtensionPointCompartment_CN">
              <styles xmi:type="notation:SortingStyle" xmi:id="_9y1RkV8fEey0qsbdpmfsdw"/>
              <styles xmi:type="notation:FilteringStyle" xmi:id="_9y1Rkl8fEey0qsbdpmfsdw"/>
              <layoutConstraint xmi:type="notation:Bounds" xmi:id="_9y1Rk18fEey0qsbdpmfsdw"/>
            </children>
            <element xmi:type="uml:UseCase" href="Use_Case_Diagram.uml#_9sk4kF8fEey0qsbdpmfsdw"/>
            <layoutConstraint xmi:type="notation:Bounds" xmi:id="_9yy1UF8fEey0qsbdpmfsdw" x="154" y="312"/>
          </children>
          <children xmi:type="notation:Shape" xmi:id="_Lt5eQF8gEey0qsbdpmfsdw" type="UseCase_Shape_CN">
            <children xmi:type="notation:DecorationNode" xmi:id="_Lt6FUF8gEey0qsbdpmfsdw" type="UseCase_NameLabel_CN"/>
            <children xmi:type="notation:DecorationNode" xmi:id="_Lt6FUV8gEey0qsbdpmfsdw" type="UseCase_FloatingNameLabel_CN">
              <layoutConstraint xmi:type="notation:Location" xmi:id="_Lt6FUl8gEey0qsbdpmfsdw" y="15"/>
            </children>
            <children xmi:type="notation:BasicCompartment" xmi:id="_Lt6FU18gEey0qsbdpmfsdw" type="UseCase_ExtensionPointCompartment_CN">
              <styles xmi:type="notation:SortingStyle" xmi:id="_Lt6FVF8gEey0qsbdpmfsdw"/>
              <styles xmi:type="notation:FilteringStyle" xmi:id="_Lt6FVV8gEey0qsbdpmfsdw"/>
              <layoutConstraint xmi:type="notation:Bounds" xmi:id="_Lt6FVl8gEey0qsbdpmfsdw"/>
            </children>
            <element xmi:type="uml:UseCase" href="Use_Case_Diagram.uml#_LtCioF8gEey0qsbdpmfsdw"/>
            <layoutConstraint xmi:type="notation:Bounds" xmi:id="_Lt5eQV8gEey0qsbdpmfsdw" x="314" y="292"/>
          </children>
          <layoutConstraint xmi:type="notation:Bounds" xmi:id="_OnjOMl5rEeyDGP_yFHyjxg"/>
        </children>
        <element xmi:type="uml:Package" href="Use_Case_Diagram.uml#_OnQTQF5rEeyDGP_yFHyjxg"/>
        <layoutConstraint xmi:type="notation:Bounds" xmi:id="_OninIV5rEeyDGP_yFHyjxg" x="274" y="12" width="661" height="821"/>
      </children>
      <layoutConstraint xmi:type="notation:Bounds" xmi:id="_1BxG0V5qEeyDGP_yFHyjxg"/>
    </children>
    <element xmi:type="uml:Package" href="Use_Case_Diagram.uml#_1AAzUF5qEeyDGP_yFHyjxg"/>
    <layoutConstraint xmi:type="notation:Bounds" xmi:id="_1BD8MV5qEeyDGP_yFHyjxg" y="20" width="1121" height="881"/>
  </children>
  <styles xmi:type="notation:StringValueStyle" xmi:id="_wWH3EV5qEeyDGP_yFHyjxg" name="diagram_compatibility_version" stringValue="1.4.0"/>
  <styles xmi:type="notation:DiagramStyle" xmi:id="_wWH3El5qEeyDGP_yFHyjxg"/>
  <styles xmi:type="style:PapyrusDiagramStyle" xmi:id="_wWH3E15qEeyDGP_yFHyjxg" diagramKindId="org.eclipse.papyrus.uml.diagram.useCase">
    <owner xmi:type="uml:Model" href="Use_Case_Diagram.uml#_wMk5gF5qEeyDGP_yFHyjxg"/>
  </styles>
  <element xmi:type="uml:Model" href="Use_Case_Diagram.uml#_wMk5gF5qEeyDGP_yFHyjxg"/>
  <edges xmi:type="notation:Connector" xmi:id="_GpW2UF5wEeyDGP_yFHyjxg" type="Generalization_Edge" source="_8ek2oF5qEeyDGP_yFHyjxg" target="_7eAKcF5qEeyDGP_yFHyjxg">
    <children xmi:type="notation:DecorationNode" xmi:id="_GpXdYl5wEeyDGP_yFHyjxg" type="Generalization_StereotypeLabel">
      <layoutConstraint xmi:type="notation:Location" xmi:id="_GpXdY15wEeyDGP_yFHyjxg" y="-20"/>
    </children>
    <styles xmi:type="notation:FontStyle" xmi:id="_GpXdYF5wEeyDGP_yFHyjxg"/>
    <element xmi:type="uml:Generalization" href="Use_Case_Diagram.uml#_GoQDEF5wEeyDGP_yFHyjxg"/>
    <bendpoints xmi:type="notation:RelativeBendpoints" xmi:id="_GpXdYV5wEeyDGP_yFHyjxg" points="[140, 520, -643984, -643984]$[70, 480, -643984, -643984]"/>
    <sourceAnchor xmi:type="notation:IdentityAnchor" xmi:id="_Gu9vEF5wEeyDGP_yFHyjxg" id="(0.0,0.4)"/>
    <targetAnchor xmi:type="notation:IdentityAnchor" xmi:id="_Gu9vEV5wEeyDGP_yFHyjxg" id="(1.0,0.8)"/>
  </edges>
  <edges xmi:type="notation:Connector" xmi:id="_J19VMF5wEeyDGP_yFHyjxg" type="Generalization_Edge" source="_8CwdUF5qEeyDGP_yFHyjxg" target="_7eAKcF5qEeyDGP_yFHyjxg">
    <children xmi:type="notation:DecorationNode" xmi:id="_J198QF5wEeyDGP_yFHyjxg" type="Generalization_StereotypeLabel">
      <layoutConstraint xmi:type="notation:Location" xmi:id="_J198QV5wEeyDGP_yFHyjxg" y="-20"/>
    </children>
    <styles xmi:type="notation:FontStyle" xmi:id="_J19VMV5wEeyDGP_yFHyjxg"/>
    <element xmi:type="uml:Generalization" href="Use_Case_Diagram.uml#_J1QxoF5wEeyDGP_yFHyjxg"/>
    <bendpoints xmi:type="notation:RelativeBendpoints" xmi:id="_J19VMl5wEeyDGP_yFHyjxg" points="[140, 400, -643984, -643984]$[40, 460, -643984, -643984]"/>
    <sourceAnchor xmi:type="notation:IdentityAnchor" xmi:id="_J2034F5wEeyDGP_yFHyjxg" id="(0.0,0.8)"/>
    <targetAnchor xmi:type="notation:IdentityAnchor" xmi:id="_J2034V5wEeyDGP_yFHyjxg" id="(1.0,0.4)"/>
  </edges>
  <edges xmi:type="notation:Connector" xmi:id="_M75LYF5wEeyDGP_yFHyjxg" type="Association_Edge" source="_8ek2oF5qEeyDGP_yFHyjxg" target="_q_AL8F5rEeyDGP_yFHyjxg">
    <children xmi:type="notation:DecorationNode" xmi:id="_M75ycF5wEeyDGP_yFHyjxg" type="Association_NameLabel">
      <layoutConstraint xmi:type="notation:Location" xmi:id="_M75ycV5wEeyDGP_yFHyjxg" y="40"/>
    </children>
    <children xmi:type="notation:DecorationNode" xmi:id="_M75ycl5wEeyDGP_yFHyjxg" type="Association_StereotypeLabel">
      <layoutConstraint xmi:type="notation:Location" xmi:id="_M75yc15wEeyDGP_yFHyjxg" y="-20"/>
    </children>
    <styles xmi:type="notation:FontStyle" xmi:id="_M75LYV5wEeyDGP_yFHyjxg"/>
    <element xmi:type="uml:Association" href="Use_Case_Diagram.uml#_M7m3gF5wEeyDGP_yFHyjxg"/>
    <bendpoints xmi:type="notation:RelativeBendpoints" xmi:id="_M75LYl5wEeyDGP_yFHyjxg" points="[140, 520, -643984, -643984]$[320, 836, -643984, -643984]"/>
    <sourceAnchor xmi:type="notation:IdentityAnchor" xmi:id="_M9wzoF5wEeyDGP_yFHyjxg" id="(0.6666666666666666,1.0)"/>
    <targetAnchor xmi:type="notation:IdentityAnchor" xmi:id="_M9wzoV5wEeyDGP_yFHyjxg" id="(0.0,0.6041666666666666)"/>
  </edges>
  <edges xmi:type="notation:Connector" xmi:id="_a5ZBAF5wEeyDGP_yFHyjxg" type="Association_Edge" source="_8ek2oF5qEeyDGP_yFHyjxg" target="_pYSs0F5rEeyDGP_yFHyjxg">
    <children xmi:type="notation:DecorationNode" xmi:id="_a5ZoEF5wEeyDGP_yFHyjxg" type="Association_NameLabel">
      <styles xmi:type="notation:BooleanValueStyle" xmi:id="_9AmhcF5xEeyDGP_yFHyjxg" name="IS_UPDATED_POSITION" booleanValue="true"/>
      <layoutConstraint xmi:type="notation:Location" xmi:id="_a5ZoEV5wEeyDGP_yFHyjxg" x="1" y="39"/>
    </children>
    <children xmi:type="notation:DecorationNode" xmi:id="_a5ZoEl5wEeyDGP_yFHyjxg" type="Association_StereotypeLabel">
      <styles xmi:type="notation:BooleanValueStyle" xmi:id="_9BGQsF5xEeyDGP_yFHyjxg" name="IS_UPDATED_POSITION" booleanValue="true"/>
      <layoutConstraint xmi:type="notation:Location" xmi:id="_a5ZoE15wEeyDGP_yFHyjxg" x="-1" y="-18"/>
    </children>
    <styles xmi:type="notation:FontStyle" xmi:id="_a5ZBAV5wEeyDGP_yFHyjxg"/>
    <element xmi:type="uml:Association" href="Use_Case_Diagram.uml#_a5VWoF5wEeyDGP_yFHyjxg"/>
    <bendpoints xmi:type="notation:RelativeBendpoints" xmi:id="_a5ZBAl5wEeyDGP_yFHyjxg" points="[140, 540, -643984, -643984]$[320, 140, -643984, -643984]"/>
    <sourceAnchor xmi:type="notation:IdentityAnchor" xmi:id="_a6nwEF5wEeyDGP_yFHyjxg" id="(0.6666666666666666,1.0)"/>
    <targetAnchor xmi:type="notation:IdentityAnchor" xmi:id="_a6nwEV5wEeyDGP_yFHyjxg" id="(0.0,0.6666666666666666)"/>
  </edges>
  <edges xmi:type="notation:Connector" xmi:id="_mQT18F5wEeyDGP_yFHyjxg" type="Association_Edge" source="_8CwdUF5qEeyDGP_yFHyjxg" target="_ihiJAF5uEeyDGP_yFHyjxg">
    <children xmi:type="notation:DecorationNode" xmi:id="_mQUdAF5wEeyDGP_yFHyjxg" type="Association_NameLabel">
      <layoutConstraint xmi:type="notation:Location" xmi:id="_mQUdAV5wEeyDGP_yFHyjxg" y="40"/>
    </children>
    <children xmi:type="notation:DecorationNode" xmi:id="_mQUdAl5wEeyDGP_yFHyjxg" type="Association_StereotypeLabel">
      <layoutConstraint xmi:type="notation:Location" xmi:id="_mQVEEF5wEeyDGP_yFHyjxg" y="-20"/>
    </children>
    <styles xmi:type="notation:FontStyle" xmi:id="_mQT18V5wEeyDGP_yFHyjxg"/>
    <element xmi:type="uml:Association" href="Use_Case_Diagram.uml#_mQNvUF5wEeyDGP_yFHyjxg"/>
    <bendpoints xmi:type="notation:RelativeBendpoints" xmi:id="_mQT18l5wEeyDGP_yFHyjxg" points="[140, 380, -643984, -643984]$[320, 496, -643984, -643984]"/>
    <sourceAnchor xmi:type="notation:IdentityAnchor" xmi:id="_mRmPYF5wEeyDGP_yFHyjxg" id="(1.0,0.8)"/>
    <targetAnchor xmi:type="notation:IdentityAnchor" xmi:id="_mRmPYV5wEeyDGP_yFHyjxg" id="(0.0,0.6041666666666666)"/>
  </edges>
  <edges xmi:type="notation:Connector" xmi:id="_orHEcF5wEeyDGP_yFHyjxg" type="Association_Edge" source="_8CwdUF5qEeyDGP_yFHyjxg" target="_qSqqYF5rEeyDGP_yFHyjxg">
    <children xmi:type="notation:DecorationNode" xmi:id="_orHrgF5wEeyDGP_yFHyjxg" type="Association_NameLabel">
      <styles xmi:type="notation:BooleanValueStyle" xmi:id="_9Z3WAF5xEeyDGP_yFHyjxg" name="IS_UPDATED_POSITION" booleanValue="true"/>
      <layoutConstraint xmi:type="notation:Location" xmi:id="_orHrgV5wEeyDGP_yFHyjxg" y="38"/>
    </children>
    <children xmi:type="notation:DecorationNode" xmi:id="_orHrgl5wEeyDGP_yFHyjxg" type="Association_StereotypeLabel">
      <styles xmi:type="notation:BooleanValueStyle" xmi:id="_9aUB8F5xEeyDGP_yFHyjxg" name="IS_UPDATED_POSITION" booleanValue="true"/>
      <layoutConstraint xmi:type="notation:Location" xmi:id="_orHrg15wEeyDGP_yFHyjxg" x="-1" y="-17"/>
    </children>
    <styles xmi:type="notation:FontStyle" xmi:id="_orHEcV5wEeyDGP_yFHyjxg"/>
    <element xmi:type="uml:Association" href="Use_Case_Diagram.uml#_orEBIF5wEeyDGP_yFHyjxg"/>
    <bendpoints xmi:type="notation:RelativeBendpoints" xmi:id="_orHEcl5wEeyDGP_yFHyjxg" points="[140, 380, -643984, -643984]$[320, 256, -643984, -643984]"/>
    <sourceAnchor xmi:type="notation:IdentityAnchor" xmi:id="_osMpkF5wEeyDGP_yFHyjxg" id="(1.0,0.8)"/>
    <targetAnchor xmi:type="notation:IdentityAnchor" xmi:id="_osNQoF5wEeyDGP_yFHyjxg" id="(0.0,0.6041666666666666)"/>
  </edges>
  <edges xmi:type="notation:Connector" xmi:id="_tEW8oF5wEeyDGP_yFHyjxg" type="Association_Edge" source="_8CwdUF5qEeyDGP_yFHyjxg" target="_pYSs0F5rEeyDGP_yFHyjxg">
    <children xmi:type="notation:DecorationNode" xmi:id="_tEYKwF5wEeyDGP_yFHyjxg" type="Association_NameLabel">
      <styles xmi:type="notation:BooleanValueStyle" xmi:id="_9Bkx0F5xEeyDGP_yFHyjxg" name="IS_UPDATED_POSITION" booleanValue="true"/>
      <layoutConstraint xmi:type="notation:Location" xmi:id="_tEYKwV5wEeyDGP_yFHyjxg" x="-1" y="40"/>
    </children>
    <children xmi:type="notation:DecorationNode" xmi:id="_tEYKwl5wEeyDGP_yFHyjxg" type="Association_StereotypeLabel">
      <styles xmi:type="notation:BooleanValueStyle" xmi:id="_9CILcF5xEeyDGP_yFHyjxg" name="IS_UPDATED_POSITION" booleanValue="true"/>
      <layoutConstraint xmi:type="notation:Location" xmi:id="_tEYx0F5wEeyDGP_yFHyjxg" x="-2" y="-17"/>
    </children>
    <styles xmi:type="notation:FontStyle" xmi:id="_tEXjsF5wEeyDGP_yFHyjxg"/>
    <element xmi:type="uml:Association" href="Use_Case_Diagram.uml#_tEQ2AF5wEeyDGP_yFHyjxg"/>
    <bendpoints xmi:type="notation:RelativeBendpoints" xmi:id="_tEXjsV5wEeyDGP_yFHyjxg" points="[140, 380, -643984, -643984]$[340, 153, -643984, -643984]"/>
    <sourceAnchor xmi:type="notation:IdentityAnchor" xmi:id="_tFp9IF5wEeyDGP_yFHyjxg" id="(1.0,0.8)"/>
    <targetAnchor xmi:type="notation:IdentityAnchor" xmi:id="_tFp9IV5wEeyDGP_yFHyjxg" id="(0.14285714285714285,0.8958333333333334)"/>
  </edges>
  <edges xmi:type="notation:Connector" xmi:id="_wXaBwF5wEeyDGP_yFHyjxg" type="Association_Edge" source="_8CwdUF5qEeyDGP_yFHyjxg" target="_42WO4F5uEeyDGP_yFHyjxg">
    <children xmi:type="notation:DecorationNode" xmi:id="_wXao0F5wEeyDGP_yFHyjxg" type="Association_NameLabel">
      <layoutConstraint xmi:type="notation:Location" xmi:id="_wXao0V5wEeyDGP_yFHyjxg" y="40"/>
    </children>
    <children xmi:type="notation:DecorationNode" xmi:id="_wXbP4F5wEeyDGP_yFHyjxg" type="Association_StereotypeLabel">
      <layoutConstraint xmi:type="notation:Location" xmi:id="_wXbP4V5wEeyDGP_yFHyjxg" y="-20"/>
    </children>
    <styles xmi:type="notation:FontStyle" xmi:id="_wXaBwV5wEeyDGP_yFHyjxg"/>
    <element xmi:type="uml:Association" href="Use_Case_Diagram.uml#_wXVJQF5wEeyDGP_yFHyjxg"/>
    <bendpoints xmi:type="notation:RelativeBendpoints" xmi:id="_wXaBwl5wEeyDGP_yFHyjxg" points="[140, 380, -643984, -643984]$[320, 616, -643984, -643984]"/>
    <sourceAnchor xmi:type="notation:IdentityAnchor" xmi:id="_wYpX4F5wEeyDGP_yFHyjxg" id="(1.0,0.8)"/>
    <targetAnchor xmi:type="notation:IdentityAnchor" xmi:id="_wYpX4V5wEeyDGP_yFHyjxg" id="(0.0,0.6041666666666666)"/>
  </edges>
  <edges xmi:type="notation:Connector" xmi:id="_4tHvgF5wEeyDGP_yFHyjxg" type="Association_Edge" source="_8CwdUF5qEeyDGP_yFHyjxg" target="_rVZ5wF5rEeyDGP_yFHyjxg">
    <children xmi:type="notation:DecorationNode" xmi:id="_4tIWkF5wEeyDGP_yFHyjxg" type="Association_NameLabel">
      <layoutConstraint xmi:type="notation:Location" xmi:id="_4tIWkV5wEeyDGP_yFHyjxg" y="40"/>
    </children>
    <children xmi:type="notation:DecorationNode" xmi:id="_4tIWkl5wEeyDGP_yFHyjxg" type="Association_StereotypeLabel">
      <layoutConstraint xmi:type="notation:Location" xmi:id="_4tI9oF5wEeyDGP_yFHyjxg" y="-20"/>
    </children>
    <styles xmi:type="notation:FontStyle" xmi:id="_4tHvgV5wEeyDGP_yFHyjxg"/>
    <element xmi:type="uml:Association" href="Use_Case_Diagram.uml#_4tCP8F5wEeyDGP_yFHyjxg"/>
    <bendpoints xmi:type="notation:RelativeBendpoints" xmi:id="_4tHvgl5wEeyDGP_yFHyjxg" points="[140, 380, -643984, -643984]$[580, 500, -643984, -643984]"/>
    <sourceAnchor xmi:type="notation:IdentityAnchor" xmi:id="_4uPw4F5wEeyDGP_yFHyjxg" id="(1.0,0.8)"/>
    <targetAnchor xmi:type="notation:IdentityAnchor" xmi:id="_4uPw4V5wEeyDGP_yFHyjxg" id="(0.42857142857142855,0.0)"/>
  </edges>
  <edges xmi:type="notation:Connector" xmi:id="_68UyAF5wEeyDGP_yFHyjxg" type="Association_Edge" source="_81dFkF5qEeyDGP_yFHyjxg" target="_rVZ5wF5rEeyDGP_yFHyjxg">
    <children xmi:type="notation:DecorationNode" xmi:id="_68VZEF5wEeyDGP_yFHyjxg" type="Association_NameLabel">
      <styles xmi:type="notation:BooleanValueStyle" xmi:id="_7rAc8F5wEeyDGP_yFHyjxg" name="IS_UPDATED_POSITION" booleanValue="true"/>
      <layoutConstraint xmi:type="notation:Location" xmi:id="_68VZEV5wEeyDGP_yFHyjxg" x="-1" y="38"/>
    </children>
    <children xmi:type="notation:DecorationNode" xmi:id="_68VZEl5wEeyDGP_yFHyjxg" type="Association_StereotypeLabel">
      <styles xmi:type="notation:BooleanValueStyle" xmi:id="_7rrLUF5wEeyDGP_yFHyjxg" name="IS_UPDATED_POSITION" booleanValue="true"/>
      <layoutConstraint xmi:type="notation:Location" xmi:id="_68VZE15wEeyDGP_yFHyjxg" y="-19"/>
    </children>
    <styles xmi:type="notation:FontStyle" xmi:id="_68UyAV5wEeyDGP_yFHyjxg"/>
    <element xmi:type="uml:Association" href="Use_Case_Diagram.uml#_68RHoF5wEeyDGP_yFHyjxg"/>
    <bendpoints xmi:type="notation:RelativeBendpoints" xmi:id="_68UyAl5wEeyDGP_yFHyjxg" points="[1040, 440, -643984, -643984]$[720, 460, -643984, -643984]$[575, 500, -643984, -643984]"/>
    <sourceAnchor xmi:type="notation:IdentityAnchor" xmi:id="_69kvMF5wEeyDGP_yFHyjxg" id="(0.0,0.4)"/>
    <targetAnchor xmi:type="notation:IdentityAnchor" xmi:id="_69kvMV5wEeyDGP_yFHyjxg" id="(0.39285714285714285,0.0)"/>
  </edges>
  <edges xmi:type="notation:Connector" xmi:id="_CE7MYF5xEeyDGP_yFHyjxg" type="Association_Edge" source="_81dFkF5qEeyDGP_yFHyjxg" target="_0eVXsF5sEeyDGP_yFHyjxg">
    <children xmi:type="notation:DecorationNode" xmi:id="_CE7MY15xEeyDGP_yFHyjxg" type="Association_NameLabel">
      <layoutConstraint xmi:type="notation:Location" xmi:id="_CE7MZF5xEeyDGP_yFHyjxg" y="40"/>
    </children>
    <children xmi:type="notation:DecorationNode" xmi:id="_CE7MZV5xEeyDGP_yFHyjxg" type="Association_StereotypeLabel">
      <layoutConstraint xmi:type="notation:Location" xmi:id="_CE7MZl5xEeyDGP_yFHyjxg" y="-20"/>
    </children>
    <styles xmi:type="notation:FontStyle" xmi:id="_CE7MYV5xEeyDGP_yFHyjxg"/>
    <element xmi:type="uml:Association" href="Use_Case_Diagram.uml#_CE2T4F5xEeyDGP_yFHyjxg"/>
    <bendpoints xmi:type="notation:RelativeBendpoints" xmi:id="_CE7MYl5xEeyDGP_yFHyjxg" points="[1040, 420, -643984, -643984]$[880, 123, -643984, -643984]"/>
    <sourceAnchor xmi:type="notation:IdentityAnchor" xmi:id="_CF6D0F5xEeyDGP_yFHyjxg" id="(0.0,0.4)"/>
    <targetAnchor xmi:type="notation:IdentityAnchor" xmi:id="_CF6D0V5xEeyDGP_yFHyjxg" id="(1.0,0.3958333333333333)"/>
  </edges>
  <edges xmi:type="notation:Connector" xmi:id="_Dzg1IF5xEeyDGP_yFHyjxg" type="Association_Edge" source="_CE7MYF5xEeyDGP_yFHyjxg" target="_0xEGcF5sEeyDGP_yFHyjxg">
    <children xmi:type="notation:DecorationNode" xmi:id="_DziDQF5xEeyDGP_yFHyjxg" type="Association_NameLabel">
      <layoutConstraint xmi:type="notation:Location" xmi:id="_DziDQV5xEeyDGP_yFHyjxg" y="40"/>
    </children>
    <children xmi:type="notation:DecorationNode" xmi:id="_DziDQl5xEeyDGP_yFHyjxg" type="Association_StereotypeLabel">
      <layoutConstraint xmi:type="notation:Location" xmi:id="_DziDQ15xEeyDGP_yFHyjxg" y="-20"/>
    </children>
    <styles xmi:type="notation:FontStyle" xmi:id="_Dzg1IV5xEeyDGP_yFHyjxg"/>
    <element xmi:type="uml:Association" href="Use_Case_Diagram.uml#_DzaugF5xEeyDGP_yFHyjxg"/>
    <bendpoints xmi:type="notation:RelativeBendpoints" xmi:id="_Dzg1Il5xEeyDGP_yFHyjxg" points="[202, 154, 467, 280]$[24, -59, 289, 67]"/>
    <sourceAnchor xmi:type="notation:IdentityAnchor" xmi:id="_D0u9IF5xEeyDGP_yFHyjxg" id="(1.0,1.0)"/>
    <targetAnchor xmi:type="notation:IdentityAnchor" xmi:id="_D0u9IV5xEeyDGP_yFHyjxg" id="(1.0,0.36666666666666664)"/>
  </edges>
  <edges xmi:type="notation:Connector" xmi:id="_Fjx44F5xEeyDGP_yFHyjxg" type="Association_Edge" source="_81dFkF5qEeyDGP_yFHyjxg" target="_1C75kF5sEeyDGP_yFHyjxg">
    <children xmi:type="notation:DecorationNode" xmi:id="_Fjyf8F5xEeyDGP_yFHyjxg" type="Association_NameLabel">
      <layoutConstraint xmi:type="notation:Location" xmi:id="_Fjyf8V5xEeyDGP_yFHyjxg" y="40"/>
    </children>
    <children xmi:type="notation:DecorationNode" xmi:id="_Fjyf8l5xEeyDGP_yFHyjxg" type="Association_StereotypeLabel">
      <layoutConstraint xmi:type="notation:Location" xmi:id="_Fjyf815xEeyDGP_yFHyjxg" y="-20"/>
    </children>
    <styles xmi:type="notation:FontStyle" xmi:id="_Fjx44V5xEeyDGP_yFHyjxg"/>
    <element xmi:type="uml:Association" href="Use_Case_Diagram.uml#_FjtAYF5xEeyDGP_yFHyjxg"/>
    <bendpoints xmi:type="notation:RelativeBendpoints" xmi:id="_Fjx44l5xEeyDGP_yFHyjxg" points="[-12, 29, 442, 147]$[-160, -28, 294, 90]"/>
    <sourceAnchor xmi:type="notation:IdentityAnchor" xmi:id="_Fk89kF5xEeyDGP_yFHyjxg" id="(0.0,0.4)"/>
    <targetAnchor xmi:type="notation:IdentityAnchor" xmi:id="_Fk89kV5xEeyDGP_yFHyjxg" id="(1.0,0.5)"/>
  </edges>
  <edges xmi:type="notation:Connector" xmi:id="_H4WjkF5xEeyDGP_yFHyjxg" type="Association_Edge" source="_81dFkF5qEeyDGP_yFHyjxg" target="_4FcoUF5sEeyDGP_yFHyjxg">
    <children xmi:type="notation:DecorationNode" xmi:id="_H4XKoF5xEeyDGP_yFHyjxg" type="Association_NameLabel">
      <layoutConstraint xmi:type="notation:Location" xmi:id="_H4XKoV5xEeyDGP_yFHyjxg" y="40"/>
    </children>
    <children xmi:type="notation:DecorationNode" xmi:id="_H4XKol5xEeyDGP_yFHyjxg" type="Association_StereotypeLabel">
      <layoutConstraint xmi:type="notation:Location" xmi:id="_H4XKo15xEeyDGP_yFHyjxg" y="-20"/>
    </children>
    <styles xmi:type="notation:FontStyle" xmi:id="_H4WjkV5xEeyDGP_yFHyjxg"/>
    <element xmi:type="uml:Association" href="Use_Case_Diagram.uml#_H4RrEF5xEeyDGP_yFHyjxg"/>
    <bendpoints xmi:type="notation:RelativeBendpoints" xmi:id="_H4Wjkl5xEeyDGP_yFHyjxg" points="[-6, 36, 441, 42]$[-154, 79, 293, 85]"/>
    <sourceAnchor xmi:type="notation:IdentityAnchor" xmi:id="_H5rZQF5xEeyDGP_yFHyjxg" id="(0.0,0.4)"/>
    <targetAnchor xmi:type="notation:IdentityAnchor" xmi:id="_H5sAUF5xEeyDGP_yFHyjxg" id="(1.0,0.3958333333333333)"/>
  </edges>
  <edges xmi:type="notation:Connector" xmi:id="_J3ph0F5xEeyDGP_yFHyjxg" type="Association_Edge" source="_81dFkF5qEeyDGP_yFHyjxg" target="_0cKtIF5vEeyDGP_yFHyjxg">
    <children xmi:type="notation:DecorationNode" xmi:id="_J3qI4F5xEeyDGP_yFHyjxg" type="Association_NameLabel">
      <layoutConstraint xmi:type="notation:Location" xmi:id="_J3qv8F5xEeyDGP_yFHyjxg" y="40"/>
    </children>
    <children xmi:type="notation:DecorationNode" xmi:id="_J3qv8V5xEeyDGP_yFHyjxg" type="Association_StereotypeLabel">
      <layoutConstraint xmi:type="notation:Location" xmi:id="_J3qv8l5xEeyDGP_yFHyjxg" y="-20"/>
    </children>
    <styles xmi:type="notation:FontStyle" xmi:id="_J3ph0V5xEeyDGP_yFHyjxg"/>
    <element xmi:type="uml:Association" href="Use_Case_Diagram.uml#_J3megF5xEeyDGP_yFHyjxg"/>
    <bendpoints xmi:type="notation:RelativeBendpoints" xmi:id="_J3ph0l5xEeyDGP_yFHyjxg" points="[-6, 31, 416, -104]$[-131, 221, 291, 86]"/>
    <sourceAnchor xmi:type="notation:IdentityAnchor" xmi:id="_J49JYF5xEeyDGP_yFHyjxg" id="(0.0,0.4)"/>
    <targetAnchor xmi:type="notation:IdentityAnchor" xmi:id="_J49JYV5xEeyDGP_yFHyjxg" id="(0.9932432432432432,0.3333333333333333)"/>
  </edges>
  <edges xmi:type="notation:Connector" xmi:id="_MGibQF5xEeyDGP_yFHyjxg" type="Association_Edge" source="_81dFkF5qEeyDGP_yFHyjxg" target="_4v5TgF5sEeyDGP_yFHyjxg">
    <children xmi:type="notation:DecorationNode" xmi:id="_MGjCUF5xEeyDGP_yFHyjxg" type="Association_NameLabel">
      <layoutConstraint xmi:type="notation:Location" xmi:id="_MGjCUV5xEeyDGP_yFHyjxg" y="40"/>
    </children>
    <children xmi:type="notation:DecorationNode" xmi:id="_MGjCUl5xEeyDGP_yFHyjxg" type="Association_StereotypeLabel">
      <layoutConstraint xmi:type="notation:Location" xmi:id="_MGjCU15xEeyDGP_yFHyjxg" y="-20"/>
    </children>
    <styles xmi:type="notation:FontStyle" xmi:id="_MGibQV5xEeyDGP_yFHyjxg"/>
    <element xmi:type="uml:Association" href="Use_Case_Diagram.uml#_MGdiwF5xEeyDGP_yFHyjxg"/>
    <bendpoints xmi:type="notation:RelativeBendpoints" xmi:id="_MGibQl5xEeyDGP_yFHyjxg" points="[297, -90, 327, -180]$[266, 173, 296, 83]"/>
    <sourceAnchor xmi:type="notation:IdentityAnchor" xmi:id="_MH2C0F5xEeyDGP_yFHyjxg" id="(0.0,0.4)"/>
    <targetAnchor xmi:type="notation:IdentityAnchor" xmi:id="_MH2C0V5xEeyDGP_yFHyjxg" id="(1.0,0.3958333333333333)"/>
  </edges>
  <edges xmi:type="notation:Connector" xmi:id="_OH52EF5xEeyDGP_yFHyjxg" type="Association_Edge" source="_81dFkF5qEeyDGP_yFHyjxg" target="_qWLmgF5tEeyDGP_yFHyjxg">
    <children xmi:type="notation:DecorationNode" xmi:id="_OH7EMF5xEeyDGP_yFHyjxg" type="Association_NameLabel">
      <layoutConstraint xmi:type="notation:Location" xmi:id="_OH7EMV5xEeyDGP_yFHyjxg" y="40"/>
    </children>
    <children xmi:type="notation:DecorationNode" xmi:id="_OH7EMl5xEeyDGP_yFHyjxg" type="Association_StereotypeLabel">
      <layoutConstraint xmi:type="notation:Location" xmi:id="_OH7EM15xEeyDGP_yFHyjxg" y="-20"/>
    </children>
    <styles xmi:type="notation:FontStyle" xmi:id="_OH52EV5xEeyDGP_yFHyjxg"/>
    <element xmi:type="uml:Association" href="Use_Case_Diagram.uml#_OH09kF5xEeyDGP_yFHyjxg"/>
    <bendpoints xmi:type="notation:RelativeBendpoints" xmi:id="_OH52El5xEeyDGP_yFHyjxg" points="[-11, 33, 437, -326]$[-161, 445, 287, 86]"/>
    <sourceAnchor xmi:type="notation:IdentityAnchor" xmi:id="_OI-0IF5xEeyDGP_yFHyjxg" id="(0.0,0.4)"/>
    <targetAnchor xmi:type="notation:IdentityAnchor" xmi:id="_OI-0IV5xEeyDGP_yFHyjxg" id="(0.9910714285714286,0.3333333333333333)"/>
  </edges>
  <edges xmi:type="notation:Connector" xmi:id="_SymDkF5xEeyDGP_yFHyjxg" type="Association_Edge" source="_8CwdUF5qEeyDGP_yFHyjxg" target="_A9nGYF5uEeyDGP_yFHyjxg">
    <children xmi:type="notation:DecorationNode" xmi:id="_SymqoF5xEeyDGP_yFHyjxg" type="Association_NameLabel">
      <styles xmi:type="notation:BooleanValueStyle" xmi:id="_V_CxcF5xEeyDGP_yFHyjxg" name="IS_UPDATED_POSITION" booleanValue="true"/>
      <layoutConstraint xmi:type="notation:Location" xmi:id="_SymqoV5xEeyDGP_yFHyjxg" x="-1" y="38"/>
    </children>
    <children xmi:type="notation:DecorationNode" xmi:id="_Symqol5xEeyDGP_yFHyjxg" type="Association_StereotypeLabel">
      <styles xmi:type="notation:BooleanValueStyle" xmi:id="_V_ePQF5xEeyDGP_yFHyjxg" name="IS_UPDATED_POSITION" booleanValue="true"/>
      <layoutConstraint xmi:type="notation:Location" xmi:id="_Symqo15xEeyDGP_yFHyjxg" y="-18"/>
    </children>
    <styles xmi:type="notation:FontStyle" xmi:id="_SymDkV5xEeyDGP_yFHyjxg"/>
    <element xmi:type="uml:Association" href="Use_Case_Diagram.uml#_SyhLEF5xEeyDGP_yFHyjxg"/>
    <bendpoints xmi:type="notation:RelativeBendpoints" xmi:id="_SymDkl5xEeyDGP_yFHyjxg" points="[180, 402, -643984, -643984]$[303, 751, -643984, -643984]$[540, 745, -643984, -643984]"/>
    <sourceAnchor xmi:type="notation:IdentityAnchor" xmi:id="_SzyWYF5xEeyDGP_yFHyjxg" id="(1.0,0.8)"/>
    <targetAnchor xmi:type="notation:IdentityAnchor" xmi:id="_SzyWYV5xEeyDGP_yFHyjxg" id="(0.0,0.36666666666666664)"/>
  </edges>
  <edges xmi:type="notation:Connector" xmi:id="_b0GgUF5xEeyDGP_yFHyjxg" type="Association_Edge" source="_8CwdUF5qEeyDGP_yFHyjxg" target="_dSgU0F5tEeyDGP_yFHyjxg">
    <children xmi:type="notation:DecorationNode" xmi:id="_b0HHYF5xEeyDGP_yFHyjxg" type="Association_NameLabel">
      <styles xmi:type="notation:BooleanValueStyle" xmi:id="_dc5DEF5xEeyDGP_yFHyjxg" name="IS_UPDATED_POSITION" booleanValue="true"/>
      <layoutConstraint xmi:type="notation:Location" xmi:id="_b0HHYV5xEeyDGP_yFHyjxg" y="39"/>
    </children>
    <children xmi:type="notation:DecorationNode" xmi:id="_b0HHYl5xEeyDGP_yFHyjxg" type="Association_StereotypeLabel">
      <styles xmi:type="notation:BooleanValueStyle" xmi:id="_ddeR4F5xEeyDGP_yFHyjxg" name="IS_UPDATED_POSITION" booleanValue="true"/>
      <layoutConstraint xmi:type="notation:Location" xmi:id="_b0HHY15xEeyDGP_yFHyjxg" x="1" y="-18"/>
    </children>
    <styles xmi:type="notation:FontStyle" xmi:id="_b0GgUV5xEeyDGP_yFHyjxg"/>
    <element xmi:type="uml:Association" href="Use_Case_Diagram.uml#_b0CO4F5xEeyDGP_yFHyjxg"/>
    <bendpoints xmi:type="notation:RelativeBendpoints" xmi:id="_b0GgUl5xEeyDGP_yFHyjxg" points="[170, 400, -643984, -643984]$[360, 560, -643984, -643984]$[580, 620, -643984, -643984]"/>
    <sourceAnchor xmi:type="notation:IdentityAnchor" xmi:id="_cmUncF5xEeyDGP_yFHyjxg" id="(1.0,0.8)"/>
    <targetAnchor xmi:type="notation:IdentityAnchor" xmi:id="_b1V2cF5xEeyDGP_yFHyjxg" id="(0.42857142857142855,0.0)"/>
  </edges>
  <edges xmi:type="notation:Connector" xmi:id="_jOnxIF5xEeyDGP_yFHyjxg" type="Include_Edge" source="_p_mkcF5rEeyDGP_yFHyjxg" target="_pYSs0F5rEeyDGP_yFHyjxg">
    <children xmi:type="notation:DecorationNode" xmi:id="_jOoYMF5xEeyDGP_yFHyjxg" type="Include_KeywordLabel">
      <styles xmi:type="notation:BooleanValueStyle" xmi:id="_9Cq-AF5xEeyDGP_yFHyjxg" name="IS_UPDATED_POSITION" booleanValue="true"/>
      <layoutConstraint xmi:type="notation:Location" xmi:id="_jOoYMV5xEeyDGP_yFHyjxg" y="19"/>
    </children>
    <children xmi:type="notation:DecorationNode" xmi:id="_jOoYMl5xEeyDGP_yFHyjxg" type="Include_StereotypeLabel">
      <styles xmi:type="notation:BooleanValueStyle" xmi:id="_9DHC4F5xEeyDGP_yFHyjxg" name="IS_UPDATED_POSITION" booleanValue="true"/>
      <layoutConstraint xmi:type="notation:Location" xmi:id="_jOoYM15xEeyDGP_yFHyjxg" x="1" y="-18"/>
    </children>
    <styles xmi:type="notation:FontStyle" xmi:id="_jOnxIV5xEeyDGP_yFHyjxg"/>
    <element xmi:type="uml:Include" href="Use_Case_Diagram.uml#_jOIo8F5xEeyDGP_yFHyjxg"/>
    <bendpoints xmi:type="notation:RelativeBendpoints" xmi:id="_jOnxIl5xEeyDGP_yFHyjxg" points="[520, 300, -643984, -643984]$[420, 278, -643984, -643984]"/>
    <sourceAnchor xmi:type="notation:IdentityAnchor" xmi:id="_jP6KkF5xEeyDGP_yFHyjxg" id="(0.0,0.3333333333333333)"/>
    <targetAnchor xmi:type="notation:IdentityAnchor" xmi:id="_jP6KkV5xEeyDGP_yFHyjxg" id="(0.9785714285714285,0.6666666666666666)"/>
  </edges>
  <edges xmi:type="notation:Connector" xmi:id="_lEcqUF5xEeyDGP_yFHyjxg" type="Include_Edge" source="_V5BwYF5uEeyDGP_yFHyjxg" target="_pYSs0F5rEeyDGP_yFHyjxg">
    <children xmi:type="notation:DecorationNode" xmi:id="_lEcqU15xEeyDGP_yFHyjxg" type="Include_KeywordLabel">
      <styles xmi:type="notation:BooleanValueStyle" xmi:id="_--VZcF5xEeyDGP_yFHyjxg" name="IS_UPDATED_POSITION" booleanValue="true"/>
      <layoutConstraint xmi:type="notation:Location" xmi:id="_lEcqVF5xEeyDGP_yFHyjxg" y="19"/>
    </children>
    <children xmi:type="notation:DecorationNode" xmi:id="_lEcqVV5xEeyDGP_yFHyjxg" type="Include_StereotypeLabel">
      <styles xmi:type="notation:BooleanValueStyle" xmi:id="_--4MAF5xEeyDGP_yFHyjxg" name="IS_UPDATED_POSITION" booleanValue="true"/>
      <layoutConstraint xmi:type="notation:Location" xmi:id="_lEcqVl5xEeyDGP_yFHyjxg" x="-1" y="-18"/>
    </children>
    <styles xmi:type="notation:FontStyle" xmi:id="_lEcqUV5xEeyDGP_yFHyjxg"/>
    <element xmi:type="uml:Include" href="Use_Case_Diagram.uml#_lDxU4F5xEeyDGP_yFHyjxg"/>
    <bendpoints xmi:type="notation:RelativeBendpoints" xmi:id="_lEcqUl5xEeyDGP_yFHyjxg" points="[375, 340, -643984, -643984]$[375, 280, -643984, -643984]"/>
    <sourceAnchor xmi:type="notation:IdentityAnchor" xmi:id="_lFgaQF5xEeyDGP_yFHyjxg" id="(0.42857142857142855,0.0)"/>
    <targetAnchor xmi:type="notation:IdentityAnchor" xmi:id="_lFgaQV5xEeyDGP_yFHyjxg" id="(0.5,1.0)"/>
  </edges>
  <edges xmi:type="notation:Connector" xmi:id="_qy4MwF5xEeyDGP_yFHyjxg" type="Include_Edge" source="_qn7IsF5rEeyDGP_yFHyjxg" target="_p_mkcF5rEeyDGP_yFHyjxg">
    <children xmi:type="notation:DecorationNode" xmi:id="_qy4Mw15xEeyDGP_yFHyjxg" type="Include_KeywordLabel">
      <layoutConstraint xmi:type="notation:Location" xmi:id="_qy4MxF5xEeyDGP_yFHyjxg" y="20"/>
    </children>
    <children xmi:type="notation:DecorationNode" xmi:id="_qy4MxV5xEeyDGP_yFHyjxg" type="Include_StereotypeLabel">
      <layoutConstraint xmi:type="notation:Location" xmi:id="_qy4Mxl5xEeyDGP_yFHyjxg" y="-20"/>
    </children>
    <styles xmi:type="notation:FontStyle" xmi:id="_qy4MwV5xEeyDGP_yFHyjxg"/>
    <element xmi:type="uml:Include" href="Use_Case_Diagram.uml#_qyOsgF5xEeyDGP_yFHyjxg"/>
    <bendpoints xmi:type="notation:RelativeBendpoints" xmi:id="_qy4Mwl5xEeyDGP_yFHyjxg" points="[575, 220, -643984, -643984]$[580, 280, -643984, -643984]"/>
    <sourceAnchor xmi:type="notation:IdentityAnchor" xmi:id="_q0A1MF5xEeyDGP_yFHyjxg" id="(0.39285714285714285,1.0)"/>
    <targetAnchor xmi:type="notation:IdentityAnchor" xmi:id="_q0BcQF5xEeyDGP_yFHyjxg" id="(0.42857142857142855,0.0)"/>
  </edges>
  <edges xmi:type="notation:Connector" xmi:id="_AlZd4F5yEeyDGP_yFHyjxg" type="Association_Edge" source="_a5ZBAF5wEeyDGP_yFHyjxg" target="_qSqqYF5rEeyDGP_yFHyjxg">
    <children xmi:type="notation:DecorationNode" xmi:id="_AlaE8F5yEeyDGP_yFHyjxg" type="Association_NameLabel">
      <styles xmi:type="notation:BooleanValueStyle" xmi:id="_Gp4v4F5yEeyDGP_yFHyjxg" name="IS_UPDATED_POSITION" booleanValue="true"/>
      <layoutConstraint xmi:type="notation:Location" xmi:id="_AlasAF5yEeyDGP_yFHyjxg" y="39"/>
    </children>
    <children xmi:type="notation:DecorationNode" xmi:id="_AlasAV5yEeyDGP_yFHyjxg" type="Association_StereotypeLabel">
      <styles xmi:type="notation:BooleanValueStyle" xmi:id="_GqU0wF5yEeyDGP_yFHyjxg" name="IS_UPDATED_POSITION" booleanValue="true"/>
      <layoutConstraint xmi:type="notation:Location" xmi:id="_AlasAl5yEeyDGP_yFHyjxg" x="-1" y="-18"/>
    </children>
    <styles xmi:type="notation:FontStyle" xmi:id="_AlZd4V5yEeyDGP_yFHyjxg"/>
    <element xmi:type="uml:Association" href="Use_Case_Diagram.uml#_AlVzgF5yEeyDGP_yFHyjxg"/>
    <bendpoints xmi:type="notation:RelativeBendpoints" xmi:id="_AlZd4l5yEeyDGP_yFHyjxg" points="[254, 719, -643984, -643984]$[162, 551, -643984, -643984]$[340, 153, -643984, -643984]"/>
    <sourceAnchor xmi:type="notation:IdentityAnchor" xmi:id="_Amnl4F5yEeyDGP_yFHyjxg" id="(0.0748663101604278,0.9614243323442137)"/>
    <targetAnchor xmi:type="notation:IdentityAnchor" xmi:id="_AmoM8F5yEeyDGP_yFHyjxg" id="(0.14285714285714285,0.8666666666666667)"/>
  </edges>
  <edges xmi:type="notation:Connector" xmi:id="_cDZrIF5yEeyDGP_yFHyjxg" type="Extend_Edge" source="_qSqqYF5rEeyDGP_yFHyjxg" target="_p_mkcF5rEeyDGP_yFHyjxg">
    <children xmi:type="notation:DecorationNode" xmi:id="_cDaSMF5yEeyDGP_yFHyjxg" type="Extend_KeywordLabel">
      <layoutConstraint xmi:type="notation:Location" xmi:id="_cDaSMV5yEeyDGP_yFHyjxg" y="20"/>
    </children>
    <children xmi:type="notation:DecorationNode" xmi:id="_cDaSMl5yEeyDGP_yFHyjxg" type="Extend_StereotypeLabel">
      <layoutConstraint xmi:type="notation:Location" xmi:id="_cDaSM15yEeyDGP_yFHyjxg" y="-20"/>
    </children>
    <styles xmi:type="notation:FontStyle" xmi:id="_cDZrIV5yEeyDGP_yFHyjxg"/>
    <element xmi:type="uml:Extend" href="Use_Case_Diagram.uml#_cC1qcF5yEeyDGP_yFHyjxg"/>
    <bendpoints xmi:type="notation:RelativeBendpoints" xmi:id="_cDZrIl5yEeyDGP_yFHyjxg" points="[440, 105, -643984, -643984]$[540, 285, -643984, -643984]"/>
    <sourceAnchor xmi:type="notation:IdentityAnchor" xmi:id="_cE11kF5yEeyDGP_yFHyjxg" id="(0.8571428571428571,0.8666666666666667)"/>
    <targetAnchor xmi:type="notation:IdentityAnchor" xmi:id="_cE11kV5yEeyDGP_yFHyjxg" id="(0.14285714285714285,0.08333333333333333)"/>
  </edges>
  <edges xmi:type="notation:Connector" xmi:id="_r6YK4F5yEeyDGP_yFHyjxg" type="Include_Edge" source="_pvl9EF5sEeyDGP_yFHyjxg" target="_rVZ5wF5rEeyDGP_yFHyjxg">
    <children xmi:type="notation:DecorationNode" xmi:id="_r6YK415yEeyDGP_yFHyjxg" type="Include_KeywordLabel">
      <layoutConstraint xmi:type="notation:Location" xmi:id="_r6YK5F5yEeyDGP_yFHyjxg" y="20"/>
    </children>
    <children xmi:type="notation:DecorationNode" xmi:id="_r6YK5V5yEeyDGP_yFHyjxg" type="Include_StereotypeLabel">
      <layoutConstraint xmi:type="notation:Location" xmi:id="_r6YK5l5yEeyDGP_yFHyjxg" y="-20"/>
    </children>
    <styles xmi:type="notation:FontStyle" xmi:id="_r6YK4V5yEeyDGP_yFHyjxg"/>
    <element xmi:type="uml:Include" href="Use_Case_Diagram.uml#_r5uqoF5yEeyDGP_yFHyjxg"/>
    <bendpoints xmi:type="notation:RelativeBendpoints" xmi:id="_r6YK4l5yEeyDGP_yFHyjxg" points="[420, 680, -643984, -643984]$[560, 558, -643984, -643984]"/>
    <sourceAnchor xmi:type="notation:IdentityAnchor" xmi:id="_r7V0MF5yEeyDGP_yFHyjxg" id="(0.7142857142857143,0.0)"/>
    <targetAnchor xmi:type="notation:IdentityAnchor" xmi:id="_r7V0MV5yEeyDGP_yFHyjxg" id="(0.2857142857142857,0.9791666666666666)"/>
  </edges>
  <edges xmi:type="notation:Connector" xmi:id="_0_euMF5yEeyDGP_yFHyjxg" type="Dependency_Edge" source="_ihiJAF5uEeyDGP_yFHyjxg" target="_p_mkcF5rEeyDGP_yFHyjxg">
    <children xmi:type="notation:DecorationNode" xmi:id="_0_euM15yEeyDGP_yFHyjxg" type="Dependency_NameLabel">
      <styles xmi:type="notation:BooleanValueStyle" xmi:id="_J6_WMF8gEey0qsbdpmfsdw" name="IS_UPDATED_POSITION" booleanValue="true"/>
      <layoutConstraint xmi:type="notation:Location" xmi:id="_0_euNF5yEeyDGP_yFHyjxg" y="39"/>
    </children>
    <children xmi:type="notation:DecorationNode" xmi:id="_0_euNV5yEeyDGP_yFHyjxg" type="Dependency_StereotypeLabel">
      <styles xmi:type="notation:BooleanValueStyle" xmi:id="_J8E7UF8gEey0qsbdpmfsdw" name="IS_UPDATED_POSITION" booleanValue="true"/>
      <layoutConstraint xmi:type="notation:Location" xmi:id="_0_euNl5yEeyDGP_yFHyjxg" x="2" y="-17"/>
    </children>
    <styles xmi:type="notation:FontStyle" xmi:id="_0_euMV5yEeyDGP_yFHyjxg"/>
    <element xmi:type="uml:Dependency" href="Use_Case_Diagram.uml#_0-yKoF5yEeyDGP_yFHyjxg"/>
    <bendpoints xmi:type="notation:RelativeBendpoints" xmi:id="_0_euMl5yEeyDGP_yFHyjxg" points="[400, 460, -643984, -643984]$[380, 420, -643984, -643984]$[580, 339, -643984, -643984]"/>
    <sourceAnchor xmi:type="notation:IdentityAnchor" xmi:id="_1AxusF5yEeyDGP_yFHyjxg" id="(0.42857142857142855,0.0)"/>
    <targetAnchor xmi:type="notation:IdentityAnchor" xmi:id="_1AxusV5yEeyDGP_yFHyjxg" id="(0.42857142857142855,0.9833333333333333)"/>
  </edges>
  <edges xmi:type="notation:Connector" xmi:id="_6JcRoF5yEeyDGP_yFHyjxg" type="Association_Edge" source="_81dFkF5qEeyDGP_yFHyjxg" target="_A9nGYF5uEeyDGP_yFHyjxg">
    <children xmi:type="notation:DecorationNode" xmi:id="_6Jc4sF5yEeyDGP_yFHyjxg" type="Association_NameLabel">
      <styles xmi:type="notation:BooleanValueStyle" xmi:id="_7k7_QF5yEeyDGP_yFHyjxg" name="IS_UPDATED_POSITION" booleanValue="true"/>
      <layoutConstraint xmi:type="notation:Location" xmi:id="_6Jc4sV5yEeyDGP_yFHyjxg" x="1" y="38"/>
    </children>
    <children xmi:type="notation:DecorationNode" xmi:id="_6JdfwF5yEeyDGP_yFHyjxg" type="Association_StereotypeLabel">
      <styles xmi:type="notation:BooleanValueStyle" xmi:id="_7lfY4F5yEeyDGP_yFHyjxg" name="IS_UPDATED_POSITION" booleanValue="true"/>
      <layoutConstraint xmi:type="notation:Location" xmi:id="_6JdfwV5yEeyDGP_yFHyjxg" y="-19"/>
    </children>
    <styles xmi:type="notation:FontStyle" xmi:id="_6JcRoV5yEeyDGP_yFHyjxg"/>
    <element xmi:type="uml:Association" href="Use_Case_Diagram.uml#_6JVj8F5yEeyDGP_yFHyjxg"/>
    <bendpoints xmi:type="notation:RelativeBendpoints" xmi:id="_6JcRol5yEeyDGP_yFHyjxg" points="[1040, 440, -643984, -643984]$[720, 580, -643984, -643984]$[601, 740, -643984, -643984]"/>
    <sourceAnchor xmi:type="notation:IdentityAnchor" xmi:id="_6KpLgF5yEeyDGP_yFHyjxg" id="(0.0,0.4)"/>
    <targetAnchor xmi:type="notation:IdentityAnchor" xmi:id="_6KpLgV5yEeyDGP_yFHyjxg" id="(0.5714285714285714,0.0)"/>
  </edges>
  <edges xmi:type="notation:Connector" xmi:id="_DynCsF8gEey0qsbdpmfsdw" type="Include_Edge" source="_9yyOQF8fEey0qsbdpmfsdw" target="_rVZ5wF5rEeyDGP_yFHyjxg">
    <children xmi:type="notation:DecorationNode" xmi:id="_Dy-2IF8gEey0qsbdpmfsdw" type="Include_KeywordLabel">
      <styles xmi:type="notation:BooleanValueStyle" xmi:id="_IOrlYF8gEey0qsbdpmfsdw" name="IS_UPDATED_POSITION" booleanValue="true"/>
      <layoutConstraint xmi:type="notation:Location" xmi:id="_Dy-2IV8gEey0qsbdpmfsdw" y="20"/>
    </children>
    <children xmi:type="notation:DecorationNode" xmi:id="_Dy_dMF8gEey0qsbdpmfsdw" type="Include_StereotypeLabel">
      <styles xmi:type="notation:BooleanValueStyle" xmi:id="_IPxxkF8gEey0qsbdpmfsdw" name="IS_UPDATED_POSITION" booleanValue="true"/>
      <layoutConstraint xmi:type="notation:Location" xmi:id="_Dy_dMV8gEey0qsbdpmfsdw" y="-20"/>
    </children>
    <styles xmi:type="notation:FontStyle" xmi:id="_DynpwF8gEey0qsbdpmfsdw"/>
    <element xmi:type="uml:Include" href="Use_Case_Diagram.uml#_DxTbIF8gEey0qsbdpmfsdw"/>
    <bendpoints xmi:type="notation:RelativeBendpoints" xmi:id="_DynpwV8gEey0qsbdpmfsdw" points="[580, 439, -643984, -643984]$[580, 500, -643984, -643984]"/>
    <sourceAnchor xmi:type="notation:IdentityAnchor" xmi:id="_D1uBEF8gEey0qsbdpmfsdw" id="(0.42857142857142855,0.9833333333333333)"/>
    <targetAnchor xmi:type="notation:IdentityAnchor" xmi:id="_D1uBEV8gEey0qsbdpmfsdw" id="(0.42857142857142855,0.0)"/>
  </edges>
  <edges xmi:type="notation:Connector" xmi:id="_Oe60YF8gEey0qsbdpmfsdw" type="Include_Edge" source="_Lt5eQF8gEey0qsbdpmfsdw" target="_rVZ5wF5rEeyDGP_yFHyjxg">
    <children xmi:type="notation:DecorationNode" xmi:id="_Oe60Y18gEey0qsbdpmfsdw" type="Include_KeywordLabel">
      <layoutConstraint xmi:type="notation:Location" xmi:id="_Oe60ZF8gEey0qsbdpmfsdw" y="20"/>
    </children>
    <children xmi:type="notation:DecorationNode" xmi:id="_Oe60ZV8gEey0qsbdpmfsdw" type="Include_StereotypeLabel">
      <layoutConstraint xmi:type="notation:Location" xmi:id="_Oe7bcF8gEey0qsbdpmfsdw" y="-20"/>
    </children>
    <styles xmi:type="notation:FontStyle" xmi:id="_Oe60YV8gEey0qsbdpmfsdw"/>
    <element xmi:type="uml:Include" href="Use_Case_Diagram.uml#_Od0BIF8gEey0qsbdpmfsdw"/>
    <bendpoints xmi:type="notation:RelativeBendpoints" xmi:id="_Oe60Yl8gEey0qsbdpmfsdw" points="[640, 437, -643984, -643984]$[580, 500, -643984, -643984]"/>
    <sourceAnchor xmi:type="notation:IdentityAnchor" xmi:id="_OhC7UF8gEey0qsbdpmfsdw" id="(0.2857142857142857,0.95)"/>
    <targetAnchor xmi:type="notation:IdentityAnchor" xmi:id="_OhC7UV8gEey0qsbdpmfsdw" id="(0.42857142857142855,0.0)"/>
  </edges>
  <edges xmi:type="notation:Connector" xmi:id="_SVGbwF8gEey0qsbdpmfsdw" type="Include_Edge" source="_Lt5eQF8gEey0qsbdpmfsdw" target="_p_mkcF5rEeyDGP_yFHyjxg">
    <children xmi:type="notation:DecorationNode" xmi:id="_SVGbw18gEey0qsbdpmfsdw" type="Include_KeywordLabel">
      <layoutConstraint xmi:type="notation:Location" xmi:id="_SVGbxF8gEey0qsbdpmfsdw" y="20"/>
    </children>
    <children xmi:type="notation:DecorationNode" xmi:id="_SVGbxV8gEey0qsbdpmfsdw" type="Include_StereotypeLabel">
      <layoutConstraint xmi:type="notation:Location" xmi:id="_SVHC0F8gEey0qsbdpmfsdw" y="-20"/>
    </children>
    <styles xmi:type="notation:FontStyle" xmi:id="_SVGbwV8gEey0qsbdpmfsdw"/>
    <element xmi:type="uml:Include" href="Use_Case_Diagram.uml#_ST6I8F8gEey0qsbdpmfsdw"/>
    <bendpoints xmi:type="notation:RelativeBendpoints" xmi:id="_SVGbwl8gEey0qsbdpmfsdw" points="[660, 380, -643984, -643984]$[620, 337, -643984, -643984]"/>
    <sourceAnchor xmi:type="notation:IdentityAnchor" xmi:id="_SWs-QF8gEey0qsbdpmfsdw" id="(0.42857142857142855,0.0)"/>
    <targetAnchor xmi:type="notation:IdentityAnchor" xmi:id="_SWs-QV8gEey0qsbdpmfsdw" id="(0.7142857142857143,0.95)"/>
  </edges>
</notation:Diagram>
