<?xml version="1.0" encoding="UTF-8"?>
<notation:Diagram xmi:version="2.0" xmlns:xmi="http://www.omg.org/XMI" xmlns:notation="http://www.eclipse.org/gmf/runtime/1.0.3/notation" xmlns:style="http://www.eclipse.org/papyrus/infra/gmfdiag/style" xmlns:uml="http://www.eclipse.org/uml2/5.0.0/UML" xmi:id="_nWExYF-zEeyQW63vjzyf6w" type="PapyrusUMLActivityDiagram" name="Activity Diagram" measurementUnit="Pixel">
  <children xmi:type="notation:Shape" xmi:id="_nWExYV-zEeyQW63vjzyf6w" type="Activity_Shape">
    <children xmi:type="notation:DecorationNode" xmi:id="_nWExYl-zEeyQW63vjzyf6w" type="Activity_NameLabel"/>
    <children xmi:type="notation:DecorationNode" xmi:id="_nWExY1-zEeyQW63vjzyf6w" type="Activity_KeywordLabel"/>
    <children xmi:type="notation:BasicCompartment" xmi:id="_nWExZF-zEeyQW63vjzyf6w" type="Activity_ParameterCompartment">
      <styles xmi:type="notation:SortingStyle" xmi:id="_nWExZV-zEeyQW63vjzyf6w"/>
      <styles xmi:type="notation:FilteringStyle" xmi:id="_nWExZl-zEeyQW63vjzyf6w"/>
      <layoutConstraint xmi:type="notation:Bounds" xmi:id="_nWExZ1-zEeyQW63vjzyf6w"/>
    </children>
    <children xmi:type="notation:BasicCompartment" xmi:id="_nWExaF-zEeyQW63vjzyf6w" type="Activity_PreconditionCompartment">
      <styles xmi:type="notation:SortingStyle" xmi:id="_nWExaV-zEeyQW63vjzyf6w"/>
      <styles xmi:type="notation:FilteringStyle" xmi:id="_nWExal-zEeyQW63vjzyf6w"/>
      <layoutConstraint xmi:type="notation:Bounds" xmi:id="_nWExa1-zEeyQW63vjzyf6w"/>
    </children>
    <children xmi:type="notation:BasicCompartment" xmi:id="_nWExbF-zEeyQW63vjzyf6w" type="Activity_PostconditionCompartment">
      <styles xmi:type="notation:SortingStyle" xmi:id="_nWExbV-zEeyQW63vjzyf6w"/>
      <styles xmi:type="notation:FilteringStyle" xmi:id="_nWExbl-zEeyQW63vjzyf6w"/>
      <layoutConstraint xmi:type="notation:Bounds" xmi:id="_nWExb1-zEeyQW63vjzyf6w"/>
    </children>
    <children xmi:type="notation:BasicCompartment" xmi:id="_nWExcF-zEeyQW63vjzyf6w" type="Activity_ActivityNodeCompartment">
      <children xmi:type="notation:Shape" xmi:id="_sWMcUF-zEeyQW63vjzyf6w" type="InitialNode_Shape">
        <children xmi:type="notation:DecorationNode" xmi:id="_sWNDYF-zEeyQW63vjzyf6w" type="InitialNode_FloatingNameLabel">
          <layoutConstraint xmi:type="notation:Location" xmi:id="_sWNDYV-zEeyQW63vjzyf6w" y="15"/>
        </children>
        <children xmi:type="notation:DecorationNode" xmi:id="_sWORgF-zEeyQW63vjzyf6w" type="InitialNode_StereotypeLabel">
          <layoutConstraint xmi:type="notation:Location" xmi:id="_sWORgV-zEeyQW63vjzyf6w" y="15"/>
        </children>
        <element xmi:type="uml:InitialNode" href="ADMIN_activity_diagram.uml#_sV8ksF-zEeyQW63vjzyf6w"/>
        <layoutConstraint xmi:type="notation:Bounds" xmi:id="_sWMcUV-zEeyQW63vjzyf6w" x="375" y="-12"/>
      </children>
      <children xmi:type="notation:Shape" xmi:id="_yIt0kF-zEeyQW63vjzyf6w" type="OpaqueAction_Shape">
        <children xmi:type="notation:DecorationNode" xmi:id="_yIuboF-zEeyQW63vjzyf6w" type="OpaqueAction_NameLabel"/>
        <children xmi:type="notation:DecorationNode" xmi:id="_yIuboV-zEeyQW63vjzyf6w" type="OpaqueAction_FloatingNameLabel">
          <layoutConstraint xmi:type="notation:Location" xmi:id="_yIubol-zEeyQW63vjzyf6w" y="15"/>
        </children>
        <element xmi:type="uml:OpaqueAction" href="ADMIN_activity_diagram.uml#_yIlRsF-zEeyQW63vjzyf6w"/>
        <layoutConstraint xmi:type="notation:Bounds" xmi:id="_yIvpwF-zEeyQW63vjzyf6w" x="335" y="48" width="101" height="41"/>
      </children>
      <children xmi:type="notation:Shape" xmi:id="_6gVm0F-zEeyQW63vjzyf6w" type="OpaqueAction_Shape">
        <children xmi:type="notation:DecorationNode" xmi:id="_6gWN4F-zEeyQW63vjzyf6w" type="OpaqueAction_NameLabel"/>
        <children xmi:type="notation:DecorationNode" xmi:id="_6gWN4V-zEeyQW63vjzyf6w" type="OpaqueAction_FloatingNameLabel">
          <layoutConstraint xmi:type="notation:Location" xmi:id="_6gWN4l-zEeyQW63vjzyf6w" y="15"/>
        </children>
        <element xmi:type="uml:OpaqueAction" href="ADMIN_activity_diagram.uml#_6gND8F-zEeyQW63vjzyf6w"/>
        <layoutConstraint xmi:type="notation:Bounds" xmi:id="_6gWN41-zEeyQW63vjzyf6w" x="335" y="148" width="101"/>
      </children>
      <children xmi:type="notation:Shape" xmi:id="_F_gY0F-0EeyQW63vjzyf6w" type="DecisionNode_Shape">
        <children xmi:type="notation:DecorationNode" xmi:id="_F_g_4F-0EeyQW63vjzyf6w" type="DecisionNode_FloatingNameLabel">
          <layoutConstraint xmi:type="notation:Location" xmi:id="_F_g_4V-0EeyQW63vjzyf6w" x="20" y="20"/>
        </children>
        <children xmi:type="notation:DecorationNode" xmi:id="_F_g_4l-0EeyQW63vjzyf6w" type="DecisionNode_DecisionInputLabel">
          <layoutConstraint xmi:type="notation:Location" xmi:id="_F_g_41-0EeyQW63vjzyf6w" y="15"/>
        </children>
        <children xmi:type="notation:DecorationNode" xmi:id="_F_g_5F-0EeyQW63vjzyf6w" type="DecisionNode_StereotypeLabel">
          <layoutConstraint xmi:type="notation:Location" xmi:id="_F_g_5V-0EeyQW63vjzyf6w" y="15"/>
        </children>
        <element xmi:type="uml:DecisionNode" href="ADMIN_activity_diagram.uml#_F_XO4F-0EeyQW63vjzyf6w"/>
        <layoutConstraint xmi:type="notation:Bounds" xmi:id="_F_gY0V-0EeyQW63vjzyf6w" x="355" y="228" width="81" height="61"/>
      </children>
      <children xmi:type="notation:Shape" xmi:id="_aqPigF-0EeyQW63vjzyf6w" type="ForkNode_Shape">
        <children xmi:type="notation:DecorationNode" xmi:id="_aqQJkF-0EeyQW63vjzyf6w" type="ForkNode_FloatingNameLabel">
          <layoutConstraint xmi:type="notation:Location" xmi:id="_aqQJkV-0EeyQW63vjzyf6w" y="15"/>
        </children>
        <children xmi:type="notation:DecorationNode" xmi:id="_aqQJkl-0EeyQW63vjzyf6w" type="ForkNode_StereotypeLabel">
          <layoutConstraint xmi:type="notation:Location" xmi:id="_aqQJk1-0EeyQW63vjzyf6w" y="15"/>
        </children>
        <element xmi:type="uml:ForkNode" href="ADMIN_activity_diagram.uml#_aqEjYF-0EeyQW63vjzyf6w"/>
        <layoutConstraint xmi:type="notation:Bounds" xmi:id="_aqPigV-0EeyQW63vjzyf6w" x="75" y="328" width="721" height="10"/>
      </children>
      <children xmi:type="notation:Shape" xmi:id="_Bkd7cF-1EeyQW63vjzyf6w" type="OpaqueAction_Shape">
        <children xmi:type="notation:DecorationNode" xmi:id="_BkeigF-1EeyQW63vjzyf6w" type="OpaqueAction_NameLabel"/>
        <children xmi:type="notation:DecorationNode" xmi:id="_BkeigV-1EeyQW63vjzyf6w" type="OpaqueAction_FloatingNameLabel">
          <layoutConstraint xmi:type="notation:Location" xmi:id="_Bkeigl-1EeyQW63vjzyf6w" y="15"/>
        </children>
        <element xmi:type="uml:OpaqueAction" href="ADMIN_activity_diagram.uml#_BkRHIF-1EeyQW63vjzyf6w"/>
        <layoutConstraint xmi:type="notation:Bounds" xmi:id="_Bkeig1-1EeyQW63vjzyf6w" x="75" y="408" width="101" height="41"/>
      </children>
      <children xmi:type="notation:Shape" xmi:id="_Cm4asF-1EeyQW63vjzyf6w" type="OpaqueAction_Shape">
        <children xmi:type="notation:DecorationNode" xmi:id="_Cm5BwF-1EeyQW63vjzyf6w" type="OpaqueAction_NameLabel"/>
        <children xmi:type="notation:DecorationNode" xmi:id="_Cm5o0F-1EeyQW63vjzyf6w" type="OpaqueAction_FloatingNameLabel">
          <layoutConstraint xmi:type="notation:Location" xmi:id="_Cm5o0V-1EeyQW63vjzyf6w" y="15"/>
        </children>
        <element xmi:type="uml:OpaqueAction" href="ADMIN_activity_diagram.uml#_CmmG0F-1EeyQW63vjzyf6w"/>
        <layoutConstraint xmi:type="notation:Bounds" xmi:id="_Cm5o0l-1EeyQW63vjzyf6w" x="555" y="508"/>
      </children>
      <children xmi:type="notation:Shape" xmi:id="_Cr6rsF-1EeyQW63vjzyf6w" type="OpaqueAction_Shape">
        <children xmi:type="notation:DecorationNode" xmi:id="_Cr7SwF-1EeyQW63vjzyf6w" type="OpaqueAction_NameLabel"/>
        <children xmi:type="notation:DecorationNode" xmi:id="_Cr7SwV-1EeyQW63vjzyf6w" type="OpaqueAction_FloatingNameLabel">
          <layoutConstraint xmi:type="notation:Location" xmi:id="_Cr7Swl-1EeyQW63vjzyf6w" y="15"/>
        </children>
        <element xmi:type="uml:OpaqueAction" href="ADMIN_activity_diagram.uml#_CrwToF-1EeyQW63vjzyf6w"/>
        <layoutConstraint xmi:type="notation:Bounds" xmi:id="_Cr7Sw1-1EeyQW63vjzyf6w" x="455" y="508"/>
      </children>
      <children xmi:type="notation:Shape" xmi:id="_CuSDMF-1EeyQW63vjzyf6w" type="OpaqueAction_Shape">
        <children xmi:type="notation:DecorationNode" xmi:id="_CuSqQF-1EeyQW63vjzyf6w" type="OpaqueAction_NameLabel"/>
        <children xmi:type="notation:DecorationNode" xmi:id="_CuSqQV-1EeyQW63vjzyf6w" type="OpaqueAction_FloatingNameLabel">
          <layoutConstraint xmi:type="notation:Location" xmi:id="_CuSqQl-1EeyQW63vjzyf6w" y="15"/>
        </children>
        <element xmi:type="uml:OpaqueAction" href="ADMIN_activity_diagram.uml#_CuNKsF-1EeyQW63vjzyf6w"/>
        <layoutConstraint xmi:type="notation:Bounds" xmi:id="_CuSqQ1-1EeyQW63vjzyf6w" x="295" y="508"/>
      </children>
      <children xmi:type="notation:Shape" xmi:id="_Cwg30F-1EeyQW63vjzyf6w" type="OpaqueAction_Shape">
        <children xmi:type="notation:DecorationNode" xmi:id="_Cwhe4F-1EeyQW63vjzyf6w" type="OpaqueAction_NameLabel"/>
        <children xmi:type="notation:DecorationNode" xmi:id="_Cwhe4V-1EeyQW63vjzyf6w" type="OpaqueAction_FloatingNameLabel">
          <layoutConstraint xmi:type="notation:Location" xmi:id="_Cwhe4l-1EeyQW63vjzyf6w" y="15"/>
        </children>
        <element xmi:type="uml:OpaqueAction" href="ADMIN_activity_diagram.uml#_CwdNcF-1EeyQW63vjzyf6w"/>
        <layoutConstraint xmi:type="notation:Bounds" xmi:id="_CwiF8F-1EeyQW63vjzyf6w" x="195" y="508"/>
      </children>
      <children xmi:type="notation:Shape" xmi:id="_Cy9H0F-1EeyQW63vjzyf6w" type="OpaqueAction_Shape">
        <children xmi:type="notation:DecorationNode" xmi:id="_Cy-V8F-1EeyQW63vjzyf6w" type="OpaqueAction_NameLabel"/>
        <children xmi:type="notation:DecorationNode" xmi:id="_Cy-V8V-1EeyQW63vjzyf6w" type="OpaqueAction_FloatingNameLabel">
          <layoutConstraint xmi:type="notation:Location" xmi:id="_Cy-V8l-1EeyQW63vjzyf6w" y="15"/>
        </children>
        <element xmi:type="uml:OpaqueAction" href="ADMIN_activity_diagram.uml#_CyvscF-1EeyQW63vjzyf6w"/>
        <layoutConstraint xmi:type="notation:Bounds" xmi:id="_Cy-9AF-1EeyQW63vjzyf6w" x="35" y="508"/>
      </children>
      <children xmi:type="notation:Shape" xmi:id="_EF3hMF-1EeyQW63vjzyf6w" type="OpaqueAction_Shape">
        <children xmi:type="notation:DecorationNode" xmi:id="_EF3hMl-1EeyQW63vjzyf6w" type="OpaqueAction_NameLabel"/>
        <children xmi:type="notation:DecorationNode" xmi:id="_EF4IQF-1EeyQW63vjzyf6w" type="OpaqueAction_FloatingNameLabel">
          <layoutConstraint xmi:type="notation:Location" xmi:id="_EF4IQV-1EeyQW63vjzyf6w" y="15"/>
        </children>
        <element xmi:type="uml:OpaqueAction" href="ADMIN_activity_diagram.uml#_EFzPwF-1EeyQW63vjzyf6w"/>
        <layoutConstraint xmi:type="notation:Bounds" xmi:id="_EF4IQl-1EeyQW63vjzyf6w" x="715" y="508"/>
      </children>
      <children xmi:type="notation:Shape" xmi:id="_E5mEMF-1EeyQW63vjzyf6w" type="OpaqueAction_Shape">
        <children xmi:type="notation:DecorationNode" xmi:id="_E5mrQF-1EeyQW63vjzyf6w" type="OpaqueAction_NameLabel"/>
        <children xmi:type="notation:DecorationNode" xmi:id="_E5mrQV-1EeyQW63vjzyf6w" type="OpaqueAction_FloatingNameLabel">
          <layoutConstraint xmi:type="notation:Location" xmi:id="_E5mrQl-1EeyQW63vjzyf6w" y="15"/>
        </children>
        <element xmi:type="uml:OpaqueAction" href="ADMIN_activity_diagram.uml#_E5NCoF-1EeyQW63vjzyf6w"/>
        <layoutConstraint xmi:type="notation:Bounds" xmi:id="_E5mrQ1-1EeyQW63vjzyf6w" x="235" y="408"/>
      </children>
      <children xmi:type="notation:Shape" xmi:id="_GHrA4F-1EeyQW63vjzyf6w" type="OpaqueAction_Shape">
        <children xmi:type="notation:DecorationNode" xmi:id="_GHsPAF-1EeyQW63vjzyf6w" type="OpaqueAction_NameLabel"/>
        <children xmi:type="notation:DecorationNode" xmi:id="_GHsPAV-1EeyQW63vjzyf6w" type="OpaqueAction_FloatingNameLabel">
          <layoutConstraint xmi:type="notation:Location" xmi:id="_GHsPAl-1EeyQW63vjzyf6w" y="15"/>
        </children>
        <element xmi:type="uml:OpaqueAction" href="ADMIN_activity_diagram.uml#_GHgBwF-1EeyQW63vjzyf6w"/>
        <layoutConstraint xmi:type="notation:Bounds" xmi:id="_GHsPA1-1EeyQW63vjzyf6w" x="355" y="688" width="61"/>
      </children>
      <children xmi:type="notation:Shape" xmi:id="_IZzbkF-1EeyQW63vjzyf6w" type="OpaqueAction_Shape">
        <children xmi:type="notation:DecorationNode" xmi:id="_IZ0CoF-1EeyQW63vjzyf6w" type="OpaqueAction_NameLabel"/>
        <children xmi:type="notation:DecorationNode" xmi:id="_IZ0CoV-1EeyQW63vjzyf6w" type="OpaqueAction_FloatingNameLabel">
          <layoutConstraint xmi:type="notation:Location" xmi:id="_IZ0Col-1EeyQW63vjzyf6w" y="15"/>
        </children>
        <element xmi:type="uml:OpaqueAction" href="ADMIN_activity_diagram.uml#_IZbBEF-1EeyQW63vjzyf6w"/>
        <layoutConstraint xmi:type="notation:Bounds" xmi:id="_IZ0Co1-1EeyQW63vjzyf6w" x="395" y="408"/>
      </children>
      <children xmi:type="notation:Shape" xmi:id="_I8ob0F-1EeyQW63vjzyf6w" type="OpaqueAction_Shape">
        <children xmi:type="notation:DecorationNode" xmi:id="_I8pC4F-1EeyQW63vjzyf6w" type="OpaqueAction_NameLabel"/>
        <children xmi:type="notation:DecorationNode" xmi:id="_I8pC4V-1EeyQW63vjzyf6w" type="OpaqueAction_FloatingNameLabel">
          <layoutConstraint xmi:type="notation:Location" xmi:id="_I8pC4l-1EeyQW63vjzyf6w" y="15"/>
        </children>
        <element xmi:type="uml:OpaqueAction" href="ADMIN_activity_diagram.uml#_I8Lv4F-1EeyQW63vjzyf6w"/>
        <layoutConstraint xmi:type="notation:Bounds" xmi:id="_I8pC41-1EeyQW63vjzyf6w" x="575" y="408"/>
      </children>
      <children xmi:type="notation:Shape" xmi:id="_JXyGwF-1EeyQW63vjzyf6w" type="OpaqueAction_Shape">
        <children xmi:type="notation:DecorationNode" xmi:id="_JXyGwl-1EeyQW63vjzyf6w" type="OpaqueAction_NameLabel"/>
        <children xmi:type="notation:DecorationNode" xmi:id="_JXyGw1-1EeyQW63vjzyf6w" type="OpaqueAction_FloatingNameLabel">
          <layoutConstraint xmi:type="notation:Location" xmi:id="_JXyGxF-1EeyQW63vjzyf6w" y="15"/>
        </children>
        <element xmi:type="uml:OpaqueAction" href="ADMIN_activity_diagram.uml#_JXZsQF-1EeyQW63vjzyf6w"/>
        <layoutConstraint xmi:type="notation:Bounds" xmi:id="_JXyt0F-1EeyQW63vjzyf6w" x="735" y="408"/>
      </children>
      <children xmi:type="notation:Shape" xmi:id="_X5hccF-2EeyQW63vjzyf6w" type="JoinNode_Shape">
        <children xmi:type="notation:DecorationNode" xmi:id="_X5hccl-2EeyQW63vjzyf6w" type="JoinNode_FloatingNameLabel">
          <layoutConstraint xmi:type="notation:Location" xmi:id="_X5hcc1-2EeyQW63vjzyf6w" y="15"/>
        </children>
        <children xmi:type="notation:DecorationNode" xmi:id="_X5hcdF-2EeyQW63vjzyf6w" type="JoinNode_JoinSpecLabel">
          <layoutConstraint xmi:type="notation:Location" xmi:id="_X5hcdV-2EeyQW63vjzyf6w" y="15"/>
        </children>
        <children xmi:type="notation:DecorationNode" xmi:id="_X5hcdl-2EeyQW63vjzyf6w" type="JoinNode_StereotypeLabel">
          <layoutConstraint xmi:type="notation:Location" xmi:id="_X5hcd1-2EeyQW63vjzyf6w" y="15"/>
        </children>
        <element xmi:type="uml:JoinNode" href="ADMIN_activity_diagram.uml#_X5LeMF-2EeyQW63vjzyf6w"/>
        <layoutConstraint xmi:type="notation:Bounds" xmi:id="_X5hccV-2EeyQW63vjzyf6w" x="95" y="608" width="661" height="10"/>
      </children>
      <children xmi:type="notation:Shape" xmi:id="_fBdIcF-2EeyQW63vjzyf6w" type="ActivityFinalNode_Shape">
        <children xmi:type="notation:DecorationNode" xmi:id="_fBdvgF-2EeyQW63vjzyf6w" type="ActivityFinalNode_FloatingNameLabel">
          <layoutConstraint xmi:type="notation:Location" xmi:id="_fBdvgV-2EeyQW63vjzyf6w" y="15"/>
        </children>
        <children xmi:type="notation:DecorationNode" xmi:id="_fBdvgl-2EeyQW63vjzyf6w" type="ActivityFinalNode_StereotypeLabel">
          <layoutConstraint xmi:type="notation:Location" xmi:id="_fBdvg1-2EeyQW63vjzyf6w" y="15"/>
        </children>
        <element xmi:type="uml:ActivityFinalNode" href="ADMIN_activity_diagram.uml#_fA8yIF-2EeyQW63vjzyf6w"/>
        <layoutConstraint xmi:type="notation:Bounds" xmi:id="_fBdIcV-2EeyQW63vjzyf6w" x="371" y="771"/>
      </children>
      <layoutConstraint xmi:type="notation:Bounds" xmi:id="_nWExcV-zEeyQW63vjzyf6w"/>
    </children>
    <element xmi:type="uml:Activity" href="ADMIN_activity_diagram.uml#_nV6ZUF-zEeyQW63vjzyf6w"/>
    <layoutConstraint xmi:type="notation:Bounds" xmi:id="_nWExcl-zEeyQW63vjzyf6w" y="-20" height="869"/>
  </children>
  <styles xmi:type="notation:StringValueStyle" xmi:id="_nWExc1-zEeyQW63vjzyf6w" name="diagram_compatibility_version" stringValue="1.4.0"/>
  <styles xmi:type="notation:DiagramStyle" xmi:id="_nWExdF-zEeyQW63vjzyf6w"/>
  <styles xmi:type="style:PapyrusDiagramStyle" xmi:id="_nWExdV-zEeyQW63vjzyf6w" diagramKindId="org.eclipse.papyrus.uml.diagram.activity">
    <owner xmi:type="uml:Model" href="ADMIN_activity_diagram.uml#_nVPD4F-zEeyQW63vjzyf6w"/>
  </styles>
  <element xmi:type="uml:Activity" href="ADMIN_activity_diagram.uml#_nV6ZUF-zEeyQW63vjzyf6w"/>
  <edges xmi:type="notation:Connector" xmi:id="_RKQaAF-0EeyQW63vjzyf6w" type="ControlFlow_Edge" source="_sWMcUF-zEeyQW63vjzyf6w" target="_yIt0kF-zEeyQW63vjzyf6w">
    <children xmi:type="notation:DecorationNode" xmi:id="_RKRoIF-0EeyQW63vjzyf6w" type="ControlFlow_NameLabel">
      <styles xmi:type="notation:BooleanValueStyle" xmi:id="_GyVHcF-1EeyQW63vjzyf6w" name="IS_UPDATED_POSITION" booleanValue="true"/>
      <layoutConstraint xmi:type="notation:Location" xmi:id="_RKRoIV-0EeyQW63vjzyf6w" x="-7" y="20"/>
    </children>
    <children xmi:type="notation:DecorationNode" xmi:id="_RKRoIl-0EeyQW63vjzyf6w" type="ControlFlow_WeightLabel">
      <styles xmi:type="notation:BooleanValueStyle" xmi:id="_GyrswF-1EeyQW63vjzyf6w" name="IS_UPDATED_POSITION" booleanValue="true"/>
      <layoutConstraint xmi:type="notation:Location" xmi:id="_RKRoI1-0EeyQW63vjzyf6w" y="20"/>
    </children>
    <children xmi:type="notation:DecorationNode" xmi:id="_RKRoJF-0EeyQW63vjzyf6w" type="ControlFlow_GuardLabel">
      <styles xmi:type="notation:BooleanValueStyle" xmi:id="_GzBrAF-1EeyQW63vjzyf6w" name="IS_UPDATED_POSITION" booleanValue="true"/>
      <layoutConstraint xmi:type="notation:Location" xmi:id="_RKRoJV-0EeyQW63vjzyf6w" x="6" y="20"/>
    </children>
    <children xmi:type="notation:DecorationNode" xmi:id="_RKRoJl-0EeyQW63vjzyf6w" type="ControlFlow_StereotypeLabel">
      <styles xmi:type="notation:BooleanValueStyle" xmi:id="_GzaFgF-1EeyQW63vjzyf6w" name="IS_UPDATED_POSITION" booleanValue="true"/>
      <layoutConstraint xmi:type="notation:Location" xmi:id="_RKRoJ1-0EeyQW63vjzyf6w" y="-20"/>
    </children>
    <styles xmi:type="notation:FontStyle" xmi:id="_RKRBEF-0EeyQW63vjzyf6w"/>
    <element xmi:type="uml:ControlFlow" href="ADMIN_activity_diagram.uml#_RJ4mkF-0EeyQW63vjzyf6w"/>
    <bendpoints xmi:type="notation:RelativeBendpoints" xmi:id="_RKRBEV-0EeyQW63vjzyf6w" points="[400, 34, -643984, -643984]$[400, 80, -643984, -643984]"/>
    <sourceAnchor xmi:type="notation:IdentityAnchor" xmi:id="_RVZTAF-0EeyQW63vjzyf6w" id="(0.8348837209302303,0.7302325581395355)"/>
    <targetAnchor xmi:type="notation:IdentityAnchor" xmi:id="_RVZTAV-0EeyQW63vjzyf6w" id="(0.5544554455445545,0.43902439024390244)"/>
  </edges>
  <edges xmi:type="notation:Connector" xmi:id="_TAPEMF-0EeyQW63vjzyf6w" type="ControlFlow_Edge" source="_yIt0kF-zEeyQW63vjzyf6w" target="_6gVm0F-zEeyQW63vjzyf6w">
    <children xmi:type="notation:DecorationNode" xmi:id="_TAPrQF-0EeyQW63vjzyf6w" type="ControlFlow_NameLabel">
      <styles xmi:type="notation:BooleanValueStyle" xmi:id="_GwoeUF-1EeyQW63vjzyf6w" name="IS_UPDATED_POSITION" booleanValue="true"/>
      <layoutConstraint xmi:type="notation:Location" xmi:id="_TAPrQV-0EeyQW63vjzyf6w" x="-9" y="19"/>
    </children>
    <children xmi:type="notation:DecorationNode" xmi:id="_TAQSUF-0EeyQW63vjzyf6w" type="ControlFlow_WeightLabel">
      <styles xmi:type="notation:BooleanValueStyle" xmi:id="_GxD8IF-1EeyQW63vjzyf6w" name="IS_UPDATED_POSITION" booleanValue="true"/>
      <layoutConstraint xmi:type="notation:Location" xmi:id="_TAQSUV-0EeyQW63vjzyf6w" x="-1" y="18"/>
    </children>
    <children xmi:type="notation:DecorationNode" xmi:id="_TAQSUl-0EeyQW63vjzyf6w" type="ControlFlow_GuardLabel">
      <styles xmi:type="notation:BooleanValueStyle" xmi:id="_GxhPIF-1EeyQW63vjzyf6w" name="IS_UPDATED_POSITION" booleanValue="true"/>
      <layoutConstraint xmi:type="notation:Location" xmi:id="_TAQSU1-0EeyQW63vjzyf6w" x="-8" y="17"/>
    </children>
    <children xmi:type="notation:DecorationNode" xmi:id="_TAQSVF-0EeyQW63vjzyf6w" type="ControlFlow_StereotypeLabel">
      <styles xmi:type="notation:BooleanValueStyle" xmi:id="_Gx6QsF-1EeyQW63vjzyf6w" name="IS_UPDATED_POSITION" booleanValue="true"/>
      <layoutConstraint xmi:type="notation:Location" xmi:id="_TAQSVV-0EeyQW63vjzyf6w" y="-19"/>
    </children>
    <styles xmi:type="notation:FontStyle" xmi:id="_TAPEMV-0EeyQW63vjzyf6w"/>
    <element xmi:type="uml:ControlFlow" href="ADMIN_activity_diagram.uml#_S_yYQF-0EeyQW63vjzyf6w"/>
    <bendpoints xmi:type="notation:RelativeBendpoints" xmi:id="_TAPEMl-0EeyQW63vjzyf6w" points="[0, -17, -7, -111]$[7, 83, 0, -11]"/>
    <sourceAnchor xmi:type="notation:IdentityAnchor" xmi:id="_TBDjkF-0EeyQW63vjzyf6w" id="(0.39603960396039606,1.0)"/>
    <targetAnchor xmi:type="notation:IdentityAnchor" xmi:id="_TBDjkV-0EeyQW63vjzyf6w" id="(0.43564356435643564,0.275)"/>
  </edges>
  <edges xmi:type="notation:Connector" xmi:id="_UjJocF-0EeyQW63vjzyf6w" type="ControlFlow_Edge" source="_6gVm0F-zEeyQW63vjzyf6w" target="_F_gY0F-0EeyQW63vjzyf6w">
    <children xmi:type="notation:DecorationNode" xmi:id="_UjKPgF-0EeyQW63vjzyf6w" type="ControlFlow_NameLabel">
      <layoutConstraint xmi:type="notation:Location" xmi:id="_UjK2kF-0EeyQW63vjzyf6w" y="20"/>
    </children>
    <children xmi:type="notation:DecorationNode" xmi:id="_UjK2kV-0EeyQW63vjzyf6w" type="ControlFlow_WeightLabel">
      <layoutConstraint xmi:type="notation:Location" xmi:id="_UjK2kl-0EeyQW63vjzyf6w" y="20"/>
    </children>
    <children xmi:type="notation:DecorationNode" xmi:id="_UjK2k1-0EeyQW63vjzyf6w" type="ControlFlow_GuardLabel">
      <layoutConstraint xmi:type="notation:Location" xmi:id="_UjK2lF-0EeyQW63vjzyf6w" y="20"/>
    </children>
    <children xmi:type="notation:DecorationNode" xmi:id="_UjK2lV-0EeyQW63vjzyf6w" type="ControlFlow_StereotypeLabel">
      <layoutConstraint xmi:type="notation:Location" xmi:id="_UjK2ll-0EeyQW63vjzyf6w" y="-20"/>
    </children>
    <styles xmi:type="notation:FontStyle" xmi:id="_UjJocV-0EeyQW63vjzyf6w"/>
    <element xmi:type="uml:ControlFlow" href="ADMIN_activity_diagram.uml#_UisVcF-0EeyQW63vjzyf6w"/>
    <bendpoints xmi:type="notation:RelativeBendpoints" xmi:id="_UjJocl-0EeyQW63vjzyf6w" points="[0, -18, -6, -64]$[-4, 77, -10, 31]"/>
    <sourceAnchor xmi:type="notation:IdentityAnchor" xmi:id="_Uj1k8F-0EeyQW63vjzyf6w" id="(0.5742574257425742,1.0)"/>
    <targetAnchor xmi:type="notation:IdentityAnchor" xmi:id="_Uj1k8V-0EeyQW63vjzyf6w" id="(0.49382716049382713,0.0)"/>
  </edges>
  <edges xmi:type="notation:Connector" xmi:id="_iHnTAF-0EeyQW63vjzyf6w" type="ControlFlow_Edge" source="_F_gY0F-0EeyQW63vjzyf6w" target="_aqPigF-0EeyQW63vjzyf6w">
    <children xmi:type="notation:DecorationNode" xmi:id="_iHn6EF-0EeyQW63vjzyf6w" type="ControlFlow_NameLabel">
      <layoutConstraint xmi:type="notation:Location" xmi:id="_iHn6EV-0EeyQW63vjzyf6w" x="-28" y="24"/>
    </children>
    <children xmi:type="notation:DecorationNode" xmi:id="_iHn6El-0EeyQW63vjzyf6w" type="ControlFlow_WeightLabel">
      <layoutConstraint xmi:type="notation:Location" xmi:id="_iHn6E1-0EeyQW63vjzyf6w" y="20"/>
    </children>
    <children xmi:type="notation:DecorationNode" xmi:id="_iHn6FF-0EeyQW63vjzyf6w" type="ControlFlow_GuardLabel">
      <layoutConstraint xmi:type="notation:Location" xmi:id="_iHn6FV-0EeyQW63vjzyf6w" y="20"/>
    </children>
    <children xmi:type="notation:DecorationNode" xmi:id="_iHn6Fl-0EeyQW63vjzyf6w" type="ControlFlow_StereotypeLabel">
      <layoutConstraint xmi:type="notation:Location" xmi:id="_iHn6F1-0EeyQW63vjzyf6w" y="-20"/>
    </children>
    <styles xmi:type="notation:FontStyle" xmi:id="_iHnTAV-0EeyQW63vjzyf6w"/>
    <element xmi:type="uml:ControlFlow" href="ADMIN_activity_diagram.uml#_iHR70F-0EeyQW63vjzyf6w"/>
    <bendpoints xmi:type="notation:RelativeBendpoints" xmi:id="_iHnTAl-0EeyQW63vjzyf6w" points="[380, 305, -643984, -643984]$[400, 360, -643984, -643984]"/>
    <sourceAnchor xmi:type="notation:IdentityAnchor" xmi:id="_iIT2kF-0EeyQW63vjzyf6w" id="(0.4691358024691358,0.9836065573770492)"/>
    <targetAnchor xmi:type="notation:IdentityAnchor" xmi:id="_iIT2kV-0EeyQW63vjzyf6w" id="(0.44382801664355065,0.0)"/>
  </edges>
  <edges xmi:type="notation:Connector" xmi:id="_l5uSsF-0EeyQW63vjzyf6w" type="ControlFlow_Edge" source="_F_gY0F-0EeyQW63vjzyf6w" target="_yIt0kF-zEeyQW63vjzyf6w">
    <children xmi:type="notation:DecorationNode" xmi:id="_l5vg0F-0EeyQW63vjzyf6w" type="ControlFlow_NameLabel">
      <styles xmi:type="notation:BooleanValueStyle" xmi:id="_n1ajUF-0EeyQW63vjzyf6w" name="IS_UPDATED_POSITION" booleanValue="true"/>
      <layoutConstraint xmi:type="notation:Location" xmi:id="_l5vg0V-0EeyQW63vjzyf6w" x="-32" y="-167"/>
    </children>
    <children xmi:type="notation:DecorationNode" xmi:id="_l5vg0l-0EeyQW63vjzyf6w" type="ControlFlow_WeightLabel">
      <styles xmi:type="notation:BooleanValueStyle" xmi:id="_n1nXoF-0EeyQW63vjzyf6w" name="IS_UPDATED_POSITION" booleanValue="true"/>
      <layoutConstraint xmi:type="notation:Location" xmi:id="_l5vg01-0EeyQW63vjzyf6w" x="-1" y="18"/>
    </children>
    <children xmi:type="notation:DecorationNode" xmi:id="_l5vg1F-0EeyQW63vjzyf6w" type="ControlFlow_GuardLabel">
      <styles xmi:type="notation:BooleanValueStyle" xmi:id="_n1y90F-0EeyQW63vjzyf6w" name="IS_UPDATED_POSITION" booleanValue="true"/>
      <layoutConstraint xmi:type="notation:Location" xmi:id="_l5vg1V-0EeyQW63vjzyf6w" x="52" y="20"/>
    </children>
    <children xmi:type="notation:DecorationNode" xmi:id="_l5vg1l-0EeyQW63vjzyf6w" type="ControlFlow_StereotypeLabel">
      <styles xmi:type="notation:BooleanValueStyle" xmi:id="_n1_LEF-0EeyQW63vjzyf6w" name="IS_UPDATED_POSITION" booleanValue="true"/>
      <layoutConstraint xmi:type="notation:Location" xmi:id="_l5wH4F-0EeyQW63vjzyf6w" x="1" y="-18"/>
    </children>
    <styles xmi:type="notation:FontStyle" xmi:id="_l5uSsV-0EeyQW63vjzyf6w"/>
    <element xmi:type="uml:ControlFlow" href="ADMIN_activity_diagram.uml#_l5V4MF-0EeyQW63vjzyf6w"/>
    <bendpoints xmi:type="notation:RelativeBendpoints" xmi:id="_l5uSsl-0EeyQW63vjzyf6w" points="[440, 289, -643984, -643984]$[520, 280, -643984, -643984]$[520, 100, -643984, -643984]$[441, 100, -643984, -643984]"/>
    <sourceAnchor xmi:type="notation:IdentityAnchor" xmi:id="_l6UIkF-0EeyQW63vjzyf6w" id="(0.9876543209876543,0.47540983606557374)"/>
    <targetAnchor xmi:type="notation:IdentityAnchor" xmi:id="_l6UIkV-0EeyQW63vjzyf6w" id="(1.0,0.4878048780487805)"/>
  </edges>
  <edges xmi:type="notation:Connector" xmi:id="_2MKJ8F-1EeyQW63vjzyf6w" type="ControlFlow_Edge" source="_Bkd7cF-1EeyQW63vjzyf6w" target="_Cy9H0F-1EeyQW63vjzyf6w">
    <children xmi:type="notation:DecorationNode" xmi:id="_2MKJ81-1EeyQW63vjzyf6w" type="ControlFlow_NameLabel">
      <layoutConstraint xmi:type="notation:Location" xmi:id="_2MKJ9F-1EeyQW63vjzyf6w" y="20"/>
    </children>
    <children xmi:type="notation:DecorationNode" xmi:id="_2MKJ9V-1EeyQW63vjzyf6w" type="ControlFlow_WeightLabel">
      <layoutConstraint xmi:type="notation:Location" xmi:id="_2MKJ9l-1EeyQW63vjzyf6w" y="20"/>
    </children>
    <children xmi:type="notation:DecorationNode" xmi:id="_2MKJ91-1EeyQW63vjzyf6w" type="ControlFlow_GuardLabel">
      <layoutConstraint xmi:type="notation:Location" xmi:id="_2MKJ-F-1EeyQW63vjzyf6w" y="20"/>
    </children>
    <children xmi:type="notation:DecorationNode" xmi:id="_2MKxAF-1EeyQW63vjzyf6w" type="ControlFlow_StereotypeLabel">
      <layoutConstraint xmi:type="notation:Location" xmi:id="_2MKxAV-1EeyQW63vjzyf6w" y="-20"/>
    </children>
    <styles xmi:type="notation:FontStyle" xmi:id="_2MKJ8V-1EeyQW63vjzyf6w"/>
    <element xmi:type="uml:ControlFlow" href="ADMIN_activity_diagram.uml#_2Lro0F-1EeyQW63vjzyf6w"/>
    <bendpoints xmi:type="notation:RelativeBendpoints" xmi:id="_2MKJ8l-1EeyQW63vjzyf6w" points="[0, -15, 14, -107]$[-14, 85, 0, -7]"/>
    <sourceAnchor xmi:type="notation:IdentityAnchor" xmi:id="_2NKPgF-1EeyQW63vjzyf6w" id="(0.39603960396039606,1.0)"/>
    <targetAnchor xmi:type="notation:IdentityAnchor" xmi:id="_2NKPgV-1EeyQW63vjzyf6w" id="(0.5566037735849056,0.175)"/>
  </edges>
  <edges xmi:type="notation:Connector" xmi:id="_3JLL0F-1EeyQW63vjzyf6w" type="ControlFlow_Edge" source="_E5mEMF-1EeyQW63vjzyf6w" target="_Cwg30F-1EeyQW63vjzyf6w">
    <children xmi:type="notation:DecorationNode" xmi:id="_3JLL01-1EeyQW63vjzyf6w" type="ControlFlow_NameLabel">
      <layoutConstraint xmi:type="notation:Location" xmi:id="_3JLL1F-1EeyQW63vjzyf6w" y="20"/>
    </children>
    <children xmi:type="notation:DecorationNode" xmi:id="_3JLL1V-1EeyQW63vjzyf6w" type="ControlFlow_WeightLabel">
      <layoutConstraint xmi:type="notation:Location" xmi:id="_3JLL1l-1EeyQW63vjzyf6w" y="20"/>
    </children>
    <children xmi:type="notation:DecorationNode" xmi:id="_3JLy4F-1EeyQW63vjzyf6w" type="ControlFlow_GuardLabel">
      <layoutConstraint xmi:type="notation:Location" xmi:id="_3JLy4V-1EeyQW63vjzyf6w" y="20"/>
    </children>
    <children xmi:type="notation:DecorationNode" xmi:id="_3JLy4l-1EeyQW63vjzyf6w" type="ControlFlow_StereotypeLabel">
      <layoutConstraint xmi:type="notation:Location" xmi:id="_3JLy41-1EeyQW63vjzyf6w" y="-20"/>
    </children>
    <styles xmi:type="notation:FontStyle" xmi:id="_3JLL0V-1EeyQW63vjzyf6w"/>
    <element xmi:type="uml:ControlFlow" href="ADMIN_activity_diagram.uml#_3ItRwF-1EeyQW63vjzyf6w"/>
    <bendpoints xmi:type="notation:RelativeBendpoints" xmi:id="_3JLL0l-1EeyQW63vjzyf6w" points="[0, -17, 5, -117]$[-5, 83, 0, -17]"/>
    <sourceAnchor xmi:type="notation:IdentityAnchor" xmi:id="_3KA5UF-1EeyQW63vjzyf6w" id="(0.35135135135135137,1.0)"/>
    <targetAnchor xmi:type="notation:IdentityAnchor" xmi:id="_3KBgYF-1EeyQW63vjzyf6w" id="(0.5471698113207547,0.425)"/>
  </edges>
  <edges xmi:type="notation:Connector" xmi:id="_30h18F-1EeyQW63vjzyf6w" type="ControlFlow_Edge" source="_IZzbkF-1EeyQW63vjzyf6w" target="_CuSDMF-1EeyQW63vjzyf6w">
    <children xmi:type="notation:DecorationNode" xmi:id="_30idAF-1EeyQW63vjzyf6w" type="ControlFlow_NameLabel">
      <styles xmi:type="notation:BooleanValueStyle" xmi:id="_HrWksF-2EeyQW63vjzyf6w" name="IS_UPDATED_POSITION" booleanValue="true"/>
      <layoutConstraint xmi:type="notation:Location" xmi:id="_30idAV-1EeyQW63vjzyf6w" x="-9" y="18"/>
    </children>
    <children xmi:type="notation:DecorationNode" xmi:id="_30idAl-1EeyQW63vjzyf6w" type="ControlFlow_WeightLabel">
      <styles xmi:type="notation:BooleanValueStyle" xmi:id="_Hru_MF-2EeyQW63vjzyf6w" name="IS_UPDATED_POSITION" booleanValue="true"/>
      <layoutConstraint xmi:type="notation:Location" xmi:id="_30idA1-1EeyQW63vjzyf6w" x="1" y="18"/>
    </children>
    <children xmi:type="notation:DecorationNode" xmi:id="_30idBF-1EeyQW63vjzyf6w" type="ControlFlow_GuardLabel">
      <styles xmi:type="notation:BooleanValueStyle" xmi:id="_HsEWYF-2EeyQW63vjzyf6w" name="IS_UPDATED_POSITION" booleanValue="true"/>
      <layoutConstraint xmi:type="notation:Location" xmi:id="_30idBV-1EeyQW63vjzyf6w" x="8" y="18"/>
    </children>
    <children xmi:type="notation:DecorationNode" xmi:id="_30idBl-1EeyQW63vjzyf6w" type="ControlFlow_StereotypeLabel">
      <styles xmi:type="notation:BooleanValueStyle" xmi:id="_HsZGgF-2EeyQW63vjzyf6w" name="IS_UPDATED_POSITION" booleanValue="true"/>
      <layoutConstraint xmi:type="notation:Location" xmi:id="_30idB1-1EeyQW63vjzyf6w" y="-19"/>
    </children>
    <styles xmi:type="notation:FontStyle" xmi:id="_30h18V-1EeyQW63vjzyf6w"/>
    <element xmi:type="uml:ControlFlow" href="ADMIN_activity_diagram.uml#_30FxEF-1EeyQW63vjzyf6w"/>
    <bendpoints xmi:type="notation:RelativeBendpoints" xmi:id="_30h18l-1EeyQW63vjzyf6w" points="[0, 18, 39, -75]$[-39, 78, 0, -15]"/>
    <sourceAnchor xmi:type="notation:IdentityAnchor" xmi:id="_31hUcF-1EeyQW63vjzyf6w" id="(0.4470588235294118,0.55)"/>
    <targetAnchor xmi:type="notation:IdentityAnchor" xmi:id="_31hUcV-1EeyQW63vjzyf6w" id="(0.5566037735849056,0.375)"/>
  </edges>
  <edges xmi:type="notation:Connector" xmi:id="_4bsjoF-1EeyQW63vjzyf6w" type="ControlFlow_Edge" source="_IZzbkF-1EeyQW63vjzyf6w" target="_Cr6rsF-1EeyQW63vjzyf6w">
    <children xmi:type="notation:DecorationNode" xmi:id="_4btKsF-1EeyQW63vjzyf6w" type="ControlFlow_NameLabel">
      <layoutConstraint xmi:type="notation:Location" xmi:id="_4btKsV-1EeyQW63vjzyf6w" y="20"/>
    </children>
    <children xmi:type="notation:DecorationNode" xmi:id="_4btKsl-1EeyQW63vjzyf6w" type="ControlFlow_WeightLabel">
      <layoutConstraint xmi:type="notation:Location" xmi:id="_4btKs1-1EeyQW63vjzyf6w" y="20"/>
    </children>
    <children xmi:type="notation:DecorationNode" xmi:id="_4btKtF-1EeyQW63vjzyf6w" type="ControlFlow_GuardLabel">
      <layoutConstraint xmi:type="notation:Location" xmi:id="_4btKtV-1EeyQW63vjzyf6w" y="20"/>
    </children>
    <children xmi:type="notation:DecorationNode" xmi:id="_4btKtl-1EeyQW63vjzyf6w" type="ControlFlow_StereotypeLabel">
      <layoutConstraint xmi:type="notation:Location" xmi:id="_4btKt1-1EeyQW63vjzyf6w" y="-20"/>
    </children>
    <styles xmi:type="notation:FontStyle" xmi:id="_4bsjoV-1EeyQW63vjzyf6w"/>
    <element xmi:type="uml:ControlFlow" href="ADMIN_activity_diagram.uml#_4bFfoF-1EeyQW63vjzyf6w"/>
    <bendpoints xmi:type="notation:RelativeBendpoints" xmi:id="_4bsjol-1EeyQW63vjzyf6w" points="[0, 12, -56, -73]$[56, 72, 0, -13]"/>
    <sourceAnchor xmi:type="notation:IdentityAnchor" xmi:id="_4co-0F-1EeyQW63vjzyf6w" id="(0.43529411764705883,0.7)"/>
    <targetAnchor xmi:type="notation:IdentityAnchor" xmi:id="_4co-0V-1EeyQW63vjzyf6w" id="(0.3113207547169811,0.325)"/>
  </edges>
  <edges xmi:type="notation:Connector" xmi:id="_5KbR4F-1EeyQW63vjzyf6w" type="ControlFlow_Edge" source="_I8ob0F-1EeyQW63vjzyf6w" target="_Cm4asF-1EeyQW63vjzyf6w">
    <children xmi:type="notation:DecorationNode" xmi:id="_5KbR41-1EeyQW63vjzyf6w" type="ControlFlow_NameLabel">
      <styles xmi:type="notation:BooleanValueStyle" xmi:id="_NzGmEF-2EeyQW63vjzyf6w" name="IS_UPDATED_POSITION" booleanValue="true"/>
      <layoutConstraint xmi:type="notation:Location" xmi:id="_5KbR5F-1EeyQW63vjzyf6w" x="-10" y="18"/>
    </children>
    <children xmi:type="notation:DecorationNode" xmi:id="_5KbR5V-1EeyQW63vjzyf6w" type="ControlFlow_WeightLabel">
      <styles xmi:type="notation:BooleanValueStyle" xmi:id="_Nzb9QF-2EeyQW63vjzyf6w" name="IS_UPDATED_POSITION" booleanValue="true"/>
      <layoutConstraint xmi:type="notation:Location" xmi:id="_5KbR5l-1EeyQW63vjzyf6w" x="-1" y="18"/>
    </children>
    <children xmi:type="notation:DecorationNode" xmi:id="_5Kb48F-1EeyQW63vjzyf6w" type="ControlFlow_GuardLabel">
      <styles xmi:type="notation:BooleanValueStyle" xmi:id="_NzyikF-2EeyQW63vjzyf6w" name="IS_UPDATED_POSITION" booleanValue="true"/>
      <layoutConstraint xmi:type="notation:Location" xmi:id="_5Kb48V-1EeyQW63vjzyf6w" x="8" y="18"/>
    </children>
    <children xmi:type="notation:DecorationNode" xmi:id="_5Kb48l-1EeyQW63vjzyf6w" type="ControlFlow_StereotypeLabel">
      <styles xmi:type="notation:BooleanValueStyle" xmi:id="_N0MyQF-2EeyQW63vjzyf6w" name="IS_UPDATED_POSITION" booleanValue="true"/>
      <layoutConstraint xmi:type="notation:Location" xmi:id="_5Kb481-1EeyQW63vjzyf6w" x="1" y="-19"/>
    </children>
    <styles xmi:type="notation:FontStyle" xmi:id="_5KbR4V-1EeyQW63vjzyf6w"/>
    <element xmi:type="uml:ControlFlow" href="ADMIN_activity_diagram.uml#_5J8JsF-1EeyQW63vjzyf6w"/>
    <bendpoints xmi:type="notation:RelativeBendpoints" xmi:id="_5KbR4l-1EeyQW63vjzyf6w" points="[0, -14, 0, -111]$[0, 86, 0, -11]"/>
    <sourceAnchor xmi:type="notation:IdentityAnchor" xmi:id="_5LlvgF-1EeyQW63vjzyf6w" id="(0.32978723404255317,1.0)"/>
    <targetAnchor xmi:type="notation:IdentityAnchor" xmi:id="_5LlvgV-1EeyQW63vjzyf6w" id="(0.27358490566037735,0.275)"/>
  </edges>
  <edges xmi:type="notation:Connector" xmi:id="_5-hoUF-1EeyQW63vjzyf6w" type="ControlFlow_Edge" source="_JXyGwF-1EeyQW63vjzyf6w" target="_EF3hMF-1EeyQW63vjzyf6w">
    <children xmi:type="notation:DecorationNode" xmi:id="_5-hoU1-1EeyQW63vjzyf6w" type="ControlFlow_NameLabel">
      <styles xmi:type="notation:BooleanValueStyle" xmi:id="_RzqRcF-2EeyQW63vjzyf6w" name="IS_UPDATED_POSITION" booleanValue="true"/>
      <layoutConstraint xmi:type="notation:Location" xmi:id="_5-hoVF-1EeyQW63vjzyf6w" x="-10" y="18"/>
    </children>
    <children xmi:type="notation:DecorationNode" xmi:id="_5-hoVV-1EeyQW63vjzyf6w" type="ControlFlow_WeightLabel">
      <styles xmi:type="notation:BooleanValueStyle" xmi:id="_R0DTAF-2EeyQW63vjzyf6w" name="IS_UPDATED_POSITION" booleanValue="true"/>
      <layoutConstraint xmi:type="notation:Location" xmi:id="_5-hoVl-1EeyQW63vjzyf6w" x="2" y="17"/>
    </children>
    <children xmi:type="notation:DecorationNode" xmi:id="_5-hoV1-1EeyQW63vjzyf6w" type="ControlFlow_GuardLabel">
      <styles xmi:type="notation:BooleanValueStyle" xmi:id="_R0ZRQF-2EeyQW63vjzyf6w" name="IS_UPDATED_POSITION" booleanValue="true"/>
      <layoutConstraint xmi:type="notation:Location" xmi:id="_5-iPYF-1EeyQW63vjzyf6w" x="9" y="17"/>
    </children>
    <children xmi:type="notation:DecorationNode" xmi:id="_5-iPYV-1EeyQW63vjzyf6w" type="ControlFlow_StereotypeLabel">
      <styles xmi:type="notation:BooleanValueStyle" xmi:id="_R0zg8F-2EeyQW63vjzyf6w" name="IS_UPDATED_POSITION" booleanValue="true"/>
      <layoutConstraint xmi:type="notation:Location" xmi:id="_5-iPYl-1EeyQW63vjzyf6w" x="-1" y="-18"/>
    </children>
    <styles xmi:type="notation:FontStyle" xmi:id="_5-hoUV-1EeyQW63vjzyf6w"/>
    <element xmi:type="uml:ControlFlow" href="ADMIN_activity_diagram.uml#_5-DHMF-1EeyQW63vjzyf6w"/>
    <bendpoints xmi:type="notation:RelativeBendpoints" xmi:id="_5-hoUl-1EeyQW63vjzyf6w" points="[0, 14, 0, -62]$[0, 74, 0, -2]"/>
    <sourceAnchor xmi:type="notation:IdentityAnchor" xmi:id="_5_WuwF-1EeyQW63vjzyf6w" id="(0.3448275862068966,0.65)"/>
    <targetAnchor xmi:type="notation:IdentityAnchor" xmi:id="_5_WuwV-1EeyQW63vjzyf6w" id="(0.42424242424242425,0.05)"/>
  </edges>
  <edges xmi:type="notation:Connector" xmi:id="_jsrhcF-2EeyQW63vjzyf6w" type="ControlFlow_Edge" source="_EF3hMF-1EeyQW63vjzyf6w" target="_X5hccF-2EeyQW63vjzyf6w">
    <children xmi:type="notation:DecorationNode" xmi:id="_jssIgF-2EeyQW63vjzyf6w" type="ControlFlow_NameLabel">
      <layoutConstraint xmi:type="notation:Location" xmi:id="_jssIgV-2EeyQW63vjzyf6w" y="20"/>
    </children>
    <children xmi:type="notation:DecorationNode" xmi:id="_jssIgl-2EeyQW63vjzyf6w" type="ControlFlow_WeightLabel">
      <layoutConstraint xmi:type="notation:Location" xmi:id="_jssIg1-2EeyQW63vjzyf6w" y="20"/>
    </children>
    <children xmi:type="notation:DecorationNode" xmi:id="_jssIhF-2EeyQW63vjzyf6w" type="ControlFlow_GuardLabel">
      <layoutConstraint xmi:type="notation:Location" xmi:id="_jssIhV-2EeyQW63vjzyf6w" y="20"/>
    </children>
    <children xmi:type="notation:DecorationNode" xmi:id="_jssIhl-2EeyQW63vjzyf6w" type="ControlFlow_StereotypeLabel">
      <layoutConstraint xmi:type="notation:Location" xmi:id="_jssIh1-2EeyQW63vjzyf6w" y="-20"/>
    </children>
    <styles xmi:type="notation:FontStyle" xmi:id="_jsrhcV-2EeyQW63vjzyf6w"/>
    <element xmi:type="uml:ControlFlow" href="ADMIN_activity_diagram.uml#_jsIH0F-2EeyQW63vjzyf6w"/>
    <bendpoints xmi:type="notation:RelativeBendpoints" xmi:id="_jsrhcl-2EeyQW63vjzyf6w" points="[-4, 408, 70, -29]$[-61, 468, 13, 31]"/>
    <sourceAnchor xmi:type="notation:IdentityAnchor" xmi:id="_jtjrMF-2EeyQW63vjzyf6w" id="(0.296,0.75)"/>
    <targetAnchor xmi:type="notation:IdentityAnchor" xmi:id="_jtkSQF-2EeyQW63vjzyf6w" id="(0.8956127080181543,0.1)"/>
  </edges>
  <edges xmi:type="notation:Connector" xmi:id="_keVA0F-2EeyQW63vjzyf6w" type="ControlFlow_Edge" source="_Cm4asF-1EeyQW63vjzyf6w" target="_X5hccF-2EeyQW63vjzyf6w">
    <children xmi:type="notation:DecorationNode" xmi:id="_keVn4F-2EeyQW63vjzyf6w" type="ControlFlow_NameLabel">
      <layoutConstraint xmi:type="notation:Location" xmi:id="_keVn4V-2EeyQW63vjzyf6w" y="20"/>
    </children>
    <children xmi:type="notation:DecorationNode" xmi:id="_keVn4l-2EeyQW63vjzyf6w" type="ControlFlow_WeightLabel">
      <layoutConstraint xmi:type="notation:Location" xmi:id="_keVn41-2EeyQW63vjzyf6w" y="20"/>
    </children>
    <children xmi:type="notation:DecorationNode" xmi:id="_keVn5F-2EeyQW63vjzyf6w" type="ControlFlow_GuardLabel">
      <layoutConstraint xmi:type="notation:Location" xmi:id="_keVn5V-2EeyQW63vjzyf6w" y="20"/>
    </children>
    <children xmi:type="notation:DecorationNode" xmi:id="_keVn5l-2EeyQW63vjzyf6w" type="ControlFlow_StereotypeLabel">
      <layoutConstraint xmi:type="notation:Location" xmi:id="_keVn51-2EeyQW63vjzyf6w" y="-20"/>
    </children>
    <styles xmi:type="notation:FontStyle" xmi:id="_keVA0V-2EeyQW63vjzyf6w"/>
    <element xmi:type="uml:ControlFlow" href="ADMIN_activity_diagram.uml#_kd4U4F-2EeyQW63vjzyf6w"/>
    <bendpoints xmi:type="notation:RelativeBendpoints" xmi:id="_keVA0l-2EeyQW63vjzyf6w" points="[0, 411, 35, -29]$[-28, 471, 7, 31]"/>
    <sourceAnchor xmi:type="notation:IdentityAnchor" xmi:id="_kfdpQF-2EeyQW63vjzyf6w" id="(0.35294117647058826,0.675)"/>
    <targetAnchor xmi:type="notation:IdentityAnchor" xmi:id="_kfdpQV-2EeyQW63vjzyf6w" id="(0.7231467473524962,0.1)"/>
  </edges>
  <edges xmi:type="notation:Connector" xmi:id="_lIxE8F-2EeyQW63vjzyf6w" type="ControlFlow_Edge" source="_Cr6rsF-1EeyQW63vjzyf6w" target="_X5hccF-2EeyQW63vjzyf6w">
    <children xmi:type="notation:DecorationNode" xmi:id="_lIxE81-2EeyQW63vjzyf6w" type="ControlFlow_NameLabel">
      <layoutConstraint xmi:type="notation:Location" xmi:id="_lIxE9F-2EeyQW63vjzyf6w" y="20"/>
    </children>
    <children xmi:type="notation:DecorationNode" xmi:id="_lIxE9V-2EeyQW63vjzyf6w" type="ControlFlow_WeightLabel">
      <layoutConstraint xmi:type="notation:Location" xmi:id="_lIxE9l-2EeyQW63vjzyf6w" y="20"/>
    </children>
    <children xmi:type="notation:DecorationNode" xmi:id="_lIxE91-2EeyQW63vjzyf6w" type="ControlFlow_GuardLabel">
      <layoutConstraint xmi:type="notation:Location" xmi:id="_lIxE-F-2EeyQW63vjzyf6w" y="20"/>
    </children>
    <children xmi:type="notation:DecorationNode" xmi:id="_lIxsAF-2EeyQW63vjzyf6w" type="ControlFlow_StereotypeLabel">
      <layoutConstraint xmi:type="notation:Location" xmi:id="_lIxsAV-2EeyQW63vjzyf6w" y="-20"/>
    </children>
    <styles xmi:type="notation:FontStyle" xmi:id="_lIxE8V-2EeyQW63vjzyf6w"/>
    <element xmi:type="uml:ControlFlow" href="ADMIN_activity_diagram.uml#_lITK4F-2EeyQW63vjzyf6w"/>
    <bendpoints xmi:type="notation:RelativeBendpoints" xmi:id="_lIxE8l-2EeyQW63vjzyf6w" points="[0, 415, 19, -30]$[-6, 475, 13, 30]"/>
    <sourceAnchor xmi:type="notation:IdentityAnchor" xmi:id="_lJ5GUF-2EeyQW63vjzyf6w" id="(0.5542168674698795,0.575)"/>
    <targetAnchor xmi:type="notation:IdentityAnchor" xmi:id="_lJ5GUV-2EeyQW63vjzyf6w" id="(0.5930408472012103,0.2)"/>
  </edges>
  <edges xmi:type="notation:Connector" xmi:id="_l0HvEF-2EeyQW63vjzyf6w" type="ControlFlow_Edge" source="_CuSDMF-1EeyQW63vjzyf6w" target="_X5hccF-2EeyQW63vjzyf6w">
    <children xmi:type="notation:DecorationNode" xmi:id="_l0HvE1-2EeyQW63vjzyf6w" type="ControlFlow_NameLabel">
      <layoutConstraint xmi:type="notation:Location" xmi:id="_l0HvFF-2EeyQW63vjzyf6w" y="20"/>
    </children>
    <children xmi:type="notation:DecorationNode" xmi:id="_l0HvFV-2EeyQW63vjzyf6w" type="ControlFlow_WeightLabel">
      <layoutConstraint xmi:type="notation:Location" xmi:id="_l0HvFl-2EeyQW63vjzyf6w" y="20"/>
    </children>
    <children xmi:type="notation:DecorationNode" xmi:id="_l0HvF1-2EeyQW63vjzyf6w" type="ControlFlow_GuardLabel">
      <layoutConstraint xmi:type="notation:Location" xmi:id="_l0HvGF-2EeyQW63vjzyf6w" y="20"/>
    </children>
    <children xmi:type="notation:DecorationNode" xmi:id="_l0HvGV-2EeyQW63vjzyf6w" type="ControlFlow_StereotypeLabel">
      <layoutConstraint xmi:type="notation:Location" xmi:id="_l0HvGl-2EeyQW63vjzyf6w" y="-20"/>
    </children>
    <styles xmi:type="notation:FontStyle" xmi:id="_l0HvEV-2EeyQW63vjzyf6w"/>
    <element xmi:type="uml:ControlFlow" href="ADMIN_activity_diagram.uml#_lzs4UF-2EeyQW63vjzyf6w"/>
    <bendpoints xmi:type="notation:RelativeBendpoints" xmi:id="_l0HvEl-2EeyQW63vjzyf6w" points="[0, 404, 5, -30]$[-2, 464, 3, 30]"/>
    <sourceAnchor xmi:type="notation:IdentityAnchor" xmi:id="_l1N7QF-2EeyQW63vjzyf6w" id="(0.6165413533834586,0.85)"/>
    <targetAnchor xmi:type="notation:IdentityAnchor" xmi:id="_l1N7QV-2EeyQW63vjzyf6w" id="(0.4266263237518911,0.2)"/>
  </edges>
  <edges xmi:type="notation:Connector" xmi:id="_mffnUF-2EeyQW63vjzyf6w" type="ControlFlow_Edge" source="_Cwg30F-1EeyQW63vjzyf6w" target="_X5hccF-2EeyQW63vjzyf6w">
    <children xmi:type="notation:DecorationNode" xmi:id="_mffnU1-2EeyQW63vjzyf6w" type="ControlFlow_NameLabel">
      <layoutConstraint xmi:type="notation:Location" xmi:id="_mffnVF-2EeyQW63vjzyf6w" y="20"/>
    </children>
    <children xmi:type="notation:DecorationNode" xmi:id="_mffnVV-2EeyQW63vjzyf6w" type="ControlFlow_WeightLabel">
      <layoutConstraint xmi:type="notation:Location" xmi:id="_mffnVl-2EeyQW63vjzyf6w" y="20"/>
    </children>
    <children xmi:type="notation:DecorationNode" xmi:id="_mffnV1-2EeyQW63vjzyf6w" type="ControlFlow_GuardLabel">
      <layoutConstraint xmi:type="notation:Location" xmi:id="_mfgOYF-2EeyQW63vjzyf6w" y="20"/>
    </children>
    <children xmi:type="notation:DecorationNode" xmi:id="_mfgOYV-2EeyQW63vjzyf6w" type="ControlFlow_StereotypeLabel">
      <layoutConstraint xmi:type="notation:Location" xmi:id="_mfgOYl-2EeyQW63vjzyf6w" y="-20"/>
    </children>
    <styles xmi:type="notation:FontStyle" xmi:id="_mffnUV-2EeyQW63vjzyf6w"/>
    <element xmi:type="uml:ControlFlow" href="ADMIN_activity_diagram.uml#_me6_kF-2EeyQW63vjzyf6w"/>
    <bendpoints xmi:type="notation:RelativeBendpoints" xmi:id="_mffnUl-2EeyQW63vjzyf6w" points="[8, -30, -45, -30]$[68, 30, 15, 30]"/>
    <sourceAnchor xmi:type="notation:IdentityAnchor" xmi:id="_mgnBoF-2EeyQW63vjzyf6w" id="(0.2247191011235955,1.0)"/>
    <targetAnchor xmi:type="notation:IdentityAnchor" xmi:id="_mgnBoV-2EeyQW63vjzyf6w" id="(0.2723146747352496,0.0)"/>
  </edges>
  <edges xmi:type="notation:Connector" xmi:id="_nKkkoF-2EeyQW63vjzyf6w" type="ControlFlow_Edge" source="_Cy9H0F-1EeyQW63vjzyf6w" target="_X5hccF-2EeyQW63vjzyf6w">
    <children xmi:type="notation:DecorationNode" xmi:id="_nKkko1-2EeyQW63vjzyf6w" type="ControlFlow_NameLabel">
      <layoutConstraint xmi:type="notation:Location" xmi:id="_nKkkpF-2EeyQW63vjzyf6w" y="20"/>
    </children>
    <children xmi:type="notation:DecorationNode" xmi:id="_nKkkpV-2EeyQW63vjzyf6w" type="ControlFlow_WeightLabel">
      <layoutConstraint xmi:type="notation:Location" xmi:id="_nKkkpl-2EeyQW63vjzyf6w" y="20"/>
    </children>
    <children xmi:type="notation:DecorationNode" xmi:id="_nKkkp1-2EeyQW63vjzyf6w" type="ControlFlow_GuardLabel">
      <layoutConstraint xmi:type="notation:Location" xmi:id="_nKkkqF-2EeyQW63vjzyf6w" y="20"/>
    </children>
    <children xmi:type="notation:DecorationNode" xmi:id="_nKkkqV-2EeyQW63vjzyf6w" type="ControlFlow_StereotypeLabel">
      <layoutConstraint xmi:type="notation:Location" xmi:id="_nKkkql-2EeyQW63vjzyf6w" y="-20"/>
    </children>
    <styles xmi:type="notation:FontStyle" xmi:id="_nKkkoV-2EeyQW63vjzyf6w"/>
    <element xmi:type="uml:ControlFlow" href="ADMIN_activity_diagram.uml#_nKKU8F-2EeyQW63vjzyf6w"/>
    <bendpoints xmi:type="notation:RelativeBendpoints" xmi:id="_nKkkol-2EeyQW63vjzyf6w" points="[-5, -29, -56, -30]$[55, 31, 4, 30]"/>
    <sourceAnchor xmi:type="notation:IdentityAnchor" xmi:id="_nLmfYF-2EeyQW63vjzyf6w" id="(0.6741573033707865,1.0)"/>
    <targetAnchor xmi:type="notation:IdentityAnchor" xmi:id="_nLmfYV-2EeyQW63vjzyf6w" id="(0.0907715582450832,0.0)"/>
  </edges>
  <edges xmi:type="notation:Connector" xmi:id="_oYHV0F-2EeyQW63vjzyf6w" type="ControlFlow_Edge" source="_X5hccF-2EeyQW63vjzyf6w" target="_GHrA4F-1EeyQW63vjzyf6w">
    <children xmi:type="notation:DecorationNode" xmi:id="_oYHV01-2EeyQW63vjzyf6w" type="ControlFlow_NameLabel">
      <styles xmi:type="notation:BooleanValueStyle" xmi:id="_skZJAF-2EeyQW63vjzyf6w" name="IS_UPDATED_POSITION" booleanValue="true"/>
      <layoutConstraint xmi:type="notation:Location" xmi:id="_oYHV1F-2EeyQW63vjzyf6w" x="-6" y="19"/>
    </children>
    <children xmi:type="notation:DecorationNode" xmi:id="_oYHV1V-2EeyQW63vjzyf6w" type="ControlFlow_WeightLabel">
      <styles xmi:type="notation:BooleanValueStyle" xmi:id="_sk4RMF-2EeyQW63vjzyf6w" name="IS_UPDATED_POSITION" booleanValue="true"/>
      <layoutConstraint xmi:type="notation:Location" xmi:id="_oYHV1l-2EeyQW63vjzyf6w" x="-1" y="18"/>
    </children>
    <children xmi:type="notation:DecorationNode" xmi:id="_oYHV11-2EeyQW63vjzyf6w" type="ControlFlow_GuardLabel">
      <styles xmi:type="notation:BooleanValueStyle" xmi:id="_slUWEF-2EeyQW63vjzyf6w" name="IS_UPDATED_POSITION" booleanValue="true"/>
      <layoutConstraint xmi:type="notation:Location" xmi:id="_oYHV2F-2EeyQW63vjzyf6w" x="5" y="19"/>
    </children>
    <children xmi:type="notation:DecorationNode" xmi:id="_oYHV2V-2EeyQW63vjzyf6w" type="ControlFlow_StereotypeLabel">
      <styles xmi:type="notation:BooleanValueStyle" xmi:id="_slvz4F-2EeyQW63vjzyf6w" name="IS_UPDATED_POSITION" booleanValue="true"/>
      <layoutConstraint xmi:type="notation:Location" xmi:id="_oYHV2l-2EeyQW63vjzyf6w" y="-19"/>
    </children>
    <styles xmi:type="notation:FontStyle" xmi:id="_oYHV0V-2EeyQW63vjzyf6w"/>
    <element xmi:type="uml:ControlFlow" href="ADMIN_activity_diagram.uml#_oXQaMF-2EeyQW63vjzyf6w"/>
    <bendpoints xmi:type="notation:RelativeBendpoints" xmi:id="_oYHV0l-2EeyQW63vjzyf6w" points="[380, 242, -643984, -643984]$[386, 282, -643984, -643984]"/>
    <sourceAnchor xmi:type="notation:IdentityAnchor" xmi:id="_oZJQkF-2EeyQW63vjzyf6w" id="(0.4236006051437216,1.0)"/>
    <targetAnchor xmi:type="notation:IdentityAnchor" xmi:id="_oZJQkV-2EeyQW63vjzyf6w" id="(0.4262295081967213,0.125)"/>
  </edges>
  <edges xmi:type="notation:Connector" xmi:id="_pON3YF-2EeyQW63vjzyf6w" type="ControlFlow_Edge" source="_GHrA4F-1EeyQW63vjzyf6w" target="_fBdIcF-2EeyQW63vjzyf6w">
    <children xmi:type="notation:DecorationNode" xmi:id="_pOOecF-2EeyQW63vjzyf6w" type="ControlFlow_NameLabel">
      <styles xmi:type="notation:BooleanValueStyle" xmi:id="_sifrkF-2EeyQW63vjzyf6w" name="IS_UPDATED_POSITION" booleanValue="true"/>
      <layoutConstraint xmi:type="notation:Location" xmi:id="_pOOecV-2EeyQW63vjzyf6w" x="-12" y="18"/>
    </children>
    <children xmi:type="notation:DecorationNode" xmi:id="_pOOecl-2EeyQW63vjzyf6w" type="ControlFlow_WeightLabel">
      <styles xmi:type="notation:BooleanValueStyle" xmi:id="_si6iUF-2EeyQW63vjzyf6w" name="IS_UPDATED_POSITION" booleanValue="true"/>
      <layoutConstraint xmi:type="notation:Location" xmi:id="_pOOec1-2EeyQW63vjzyf6w" x="1" y="18"/>
    </children>
    <children xmi:type="notation:DecorationNode" xmi:id="_pOOedF-2EeyQW63vjzyf6w" type="ControlFlow_GuardLabel">
      <styles xmi:type="notation:BooleanValueStyle" xmi:id="_sjbfsF-2EeyQW63vjzyf6w" name="IS_UPDATED_POSITION" booleanValue="true"/>
      <layoutConstraint xmi:type="notation:Location" xmi:id="_pOOedV-2EeyQW63vjzyf6w" x="9" y="15"/>
    </children>
    <children xmi:type="notation:DecorationNode" xmi:id="_pOOedl-2EeyQW63vjzyf6w" type="ControlFlow_StereotypeLabel">
      <styles xmi:type="notation:BooleanValueStyle" xmi:id="_sj7O8F-2EeyQW63vjzyf6w" name="IS_UPDATED_POSITION" booleanValue="true"/>
      <layoutConstraint xmi:type="notation:Location" xmi:id="_pOOed1-2EeyQW63vjzyf6w" x="-1" y="-19"/>
    </children>
    <styles xmi:type="notation:FontStyle" xmi:id="_pON3YV-2EeyQW63vjzyf6w"/>
    <element xmi:type="uml:ControlFlow" href="ADMIN_activity_diagram.uml#_pNv9UF-2EeyQW63vjzyf6w"/>
    <bendpoints xmi:type="notation:RelativeBendpoints" xmi:id="_pON3Yl-2EeyQW63vjzyf6w" points="[10, 65, 17, -54]$[-2, 146, 5, 27]"/>
    <sourceAnchor xmi:type="notation:IdentityAnchor" xmi:id="_pPQZMF-2EeyQW63vjzyf6w" id="(0.3442622950819672,1.0)"/>
    <targetAnchor xmi:type="notation:IdentityAnchor" xmi:id="_pPQZMV-2EeyQW63vjzyf6w" id="(0.4258620689655146,0.05)"/>
  </edges>
  <edges xmi:type="notation:Connector" xmi:id="_KSPR8F-3EeyQW63vjzyf6w" type="ControlFlow_Edge" source="_aqPigF-0EeyQW63vjzyf6w" target="_JXyGwF-1EeyQW63vjzyf6w">
    <children xmi:type="notation:DecorationNode" xmi:id="_KSP5AF-3EeyQW63vjzyf6w" type="ControlFlow_NameLabel">
      <layoutConstraint xmi:type="notation:Location" xmi:id="_KSP5AV-3EeyQW63vjzyf6w" y="20"/>
    </children>
    <children xmi:type="notation:DecorationNode" xmi:id="_KSP5Al-3EeyQW63vjzyf6w" type="ControlFlow_WeightLabel">
      <layoutConstraint xmi:type="notation:Location" xmi:id="_KSP5A1-3EeyQW63vjzyf6w" y="20"/>
    </children>
    <children xmi:type="notation:DecorationNode" xmi:id="_KSP5BF-3EeyQW63vjzyf6w" type="ControlFlow_GuardLabel">
      <layoutConstraint xmi:type="notation:Location" xmi:id="_KSP5BV-3EeyQW63vjzyf6w" y="20"/>
    </children>
    <children xmi:type="notation:DecorationNode" xmi:id="_KSP5Bl-3EeyQW63vjzyf6w" type="ControlFlow_StereotypeLabel">
      <layoutConstraint xmi:type="notation:Location" xmi:id="_KSP5B1-3EeyQW63vjzyf6w" y="-20"/>
    </children>
    <styles xmi:type="notation:FontStyle" xmi:id="_KSPR8V-3EeyQW63vjzyf6w"/>
    <element xmi:type="uml:ControlFlow" href="ADMIN_activity_diagram.uml#_KRgSIF-3EeyQW63vjzyf6w"/>
    <bendpoints xmi:type="notation:RelativeBendpoints" xmi:id="_KSPR8l-3EeyQW63vjzyf6w" points="[764, 274, -643984, -643984]$[777, 344, -643984, -643984]"/>
    <sourceAnchor xmi:type="notation:IdentityAnchor" xmi:id="_KT0mUF-3EeyQW63vjzyf6w" id="(0.9431345353675451,1.0)"/>
    <targetAnchor xmi:type="notation:IdentityAnchor" xmi:id="_KT0mUV-3EeyQW63vjzyf6w" id="(0.3793103448275862,0.45)"/>
  </edges>
  <edges xmi:type="notation:Connector" xmi:id="_KyA-MF-3EeyQW63vjzyf6w" type="ControlFlow_Edge" source="_aqPigF-0EeyQW63vjzyf6w" target="_I8ob0F-1EeyQW63vjzyf6w">
    <children xmi:type="notation:DecorationNode" xmi:id="_KyA-M1-3EeyQW63vjzyf6w" type="ControlFlow_NameLabel">
      <layoutConstraint xmi:type="notation:Location" xmi:id="_KyA-NF-3EeyQW63vjzyf6w" y="20"/>
    </children>
    <children xmi:type="notation:DecorationNode" xmi:id="_KyA-NV-3EeyQW63vjzyf6w" type="ControlFlow_WeightLabel">
      <layoutConstraint xmi:type="notation:Location" xmi:id="_KyA-Nl-3EeyQW63vjzyf6w" y="20"/>
    </children>
    <children xmi:type="notation:DecorationNode" xmi:id="_KyA-N1-3EeyQW63vjzyf6w" type="ControlFlow_GuardLabel">
      <layoutConstraint xmi:type="notation:Location" xmi:id="_KyA-OF-3EeyQW63vjzyf6w" y="20"/>
    </children>
    <children xmi:type="notation:DecorationNode" xmi:id="_KyA-OV-3EeyQW63vjzyf6w" type="ControlFlow_StereotypeLabel">
      <layoutConstraint xmi:type="notation:Location" xmi:id="_KyA-Ol-3EeyQW63vjzyf6w" y="-20"/>
    </children>
    <styles xmi:type="notation:FontStyle" xmi:id="_KyA-MV-3EeyQW63vjzyf6w"/>
    <element xmi:type="uml:ControlFlow" href="ADMIN_activity_diagram.uml#_KxMe0F-3EeyQW63vjzyf6w"/>
    <bendpoints xmi:type="notation:RelativeBendpoints" xmi:id="_KyA-Ml-3EeyQW63vjzyf6w" points="[620, 274, -643984, -643984]$[624, 344, -643984, -643984]"/>
    <sourceAnchor xmi:type="notation:IdentityAnchor" xmi:id="_KzC48F-3EeyQW63vjzyf6w" id="(0.7489597780859917,1.0)"/>
    <targetAnchor xmi:type="notation:IdentityAnchor" xmi:id="_KzC48V-3EeyQW63vjzyf6w" id="(0.46808510638297873,0.2)"/>
  </edges>
  <edges xmi:type="notation:Connector" xmi:id="_LV_1AF-3EeyQW63vjzyf6w" type="ControlFlow_Edge" source="_aqPigF-0EeyQW63vjzyf6w" target="_IZzbkF-1EeyQW63vjzyf6w">
    <children xmi:type="notation:DecorationNode" xmi:id="_LWAcEF-3EeyQW63vjzyf6w" type="ControlFlow_NameLabel">
      <layoutConstraint xmi:type="notation:Location" xmi:id="_LWAcEV-3EeyQW63vjzyf6w" y="20"/>
    </children>
    <children xmi:type="notation:DecorationNode" xmi:id="_LWAcEl-3EeyQW63vjzyf6w" type="ControlFlow_WeightLabel">
      <layoutConstraint xmi:type="notation:Location" xmi:id="_LWAcE1-3EeyQW63vjzyf6w" y="20"/>
    </children>
    <children xmi:type="notation:DecorationNode" xmi:id="_LWAcFF-3EeyQW63vjzyf6w" type="ControlFlow_GuardLabel">
      <layoutConstraint xmi:type="notation:Location" xmi:id="_LWAcFV-3EeyQW63vjzyf6w" y="20"/>
    </children>
    <children xmi:type="notation:DecorationNode" xmi:id="_LWAcFl-3EeyQW63vjzyf6w" type="ControlFlow_StereotypeLabel">
      <layoutConstraint xmi:type="notation:Location" xmi:id="_LWAcF1-3EeyQW63vjzyf6w" y="-20"/>
    </children>
    <styles xmi:type="notation:FontStyle" xmi:id="_LV_1AV-3EeyQW63vjzyf6w"/>
    <element xmi:type="uml:ControlFlow" href="ADMIN_activity_diagram.uml#_LVRcQF-3EeyQW63vjzyf6w"/>
    <bendpoints xmi:type="notation:RelativeBendpoints" xmi:id="_LV_1Al-3EeyQW63vjzyf6w" points="[440, 264, -643984, -643984]$[443, 344, -643984, -643984]"/>
    <sourceAnchor xmi:type="notation:IdentityAnchor" xmi:id="_LXIdcF-3EeyQW63vjzyf6w" id="(0.49930651872399445,1.0)"/>
    <targetAnchor xmi:type="notation:IdentityAnchor" xmi:id="_LXIdcV-3EeyQW63vjzyf6w" id="(0.5058823529411764,0.35)"/>
  </edges>
  <edges xmi:type="notation:Connector" xmi:id="_L9rgEF-3EeyQW63vjzyf6w" type="ControlFlow_Edge" source="_aqPigF-0EeyQW63vjzyf6w" target="_E5mEMF-1EeyQW63vjzyf6w">
    <children xmi:type="notation:DecorationNode" xmi:id="_L9rgE1-3EeyQW63vjzyf6w" type="ControlFlow_NameLabel">
      <layoutConstraint xmi:type="notation:Location" xmi:id="_L9rgFF-3EeyQW63vjzyf6w" y="20"/>
    </children>
    <children xmi:type="notation:DecorationNode" xmi:id="_L9rgFV-3EeyQW63vjzyf6w" type="ControlFlow_WeightLabel">
      <layoutConstraint xmi:type="notation:Location" xmi:id="_L9rgFl-3EeyQW63vjzyf6w" y="20"/>
    </children>
    <children xmi:type="notation:DecorationNode" xmi:id="_L9rgF1-3EeyQW63vjzyf6w" type="ControlFlow_GuardLabel">
      <layoutConstraint xmi:type="notation:Location" xmi:id="_L9rgGF-3EeyQW63vjzyf6w" y="20"/>
    </children>
    <children xmi:type="notation:DecorationNode" xmi:id="_L9rgGV-3EeyQW63vjzyf6w" type="ControlFlow_StereotypeLabel">
      <layoutConstraint xmi:type="notation:Location" xmi:id="_L9rgGl-3EeyQW63vjzyf6w" y="-20"/>
    </children>
    <styles xmi:type="notation:FontStyle" xmi:id="_L9rgEV-3EeyQW63vjzyf6w"/>
    <element xmi:type="uml:ControlFlow" href="ADMIN_activity_diagram.uml#_L9AKoF-3EeyQW63vjzyf6w"/>
    <bendpoints xmi:type="notation:RelativeBendpoints" xmi:id="_L9rgEl-3EeyQW63vjzyf6w" points="[280, 274, -643984, -643984]$[271, 344, -643984, -643984]"/>
    <sourceAnchor xmi:type="notation:IdentityAnchor" xmi:id="_L-y6YF-3EeyQW63vjzyf6w" id="(0.27739251040221913,1.0)"/>
    <targetAnchor xmi:type="notation:IdentityAnchor" xmi:id="_L-y6YV-3EeyQW63vjzyf6w" id="(0.4189189189189189,0.325)"/>
  </edges>
  <edges xmi:type="notation:Connector" xmi:id="_NeKbYF-3EeyQW63vjzyf6w" type="ControlFlow_Edge" source="_aqPigF-0EeyQW63vjzyf6w" target="_Bkd7cF-1EeyQW63vjzyf6w">
    <children xmi:type="notation:DecorationNode" xmi:id="_NeLCcF-3EeyQW63vjzyf6w" type="ControlFlow_NameLabel">
      <layoutConstraint xmi:type="notation:Location" xmi:id="_NeLCcV-3EeyQW63vjzyf6w" y="20"/>
    </children>
    <children xmi:type="notation:DecorationNode" xmi:id="_NeLCcl-3EeyQW63vjzyf6w" type="ControlFlow_WeightLabel">
      <layoutConstraint xmi:type="notation:Location" xmi:id="_NeLCc1-3EeyQW63vjzyf6w" y="20"/>
    </children>
    <children xmi:type="notation:DecorationNode" xmi:id="_NeLCdF-3EeyQW63vjzyf6w" type="ControlFlow_GuardLabel">
      <layoutConstraint xmi:type="notation:Location" xmi:id="_NeLCdV-3EeyQW63vjzyf6w" y="20"/>
    </children>
    <children xmi:type="notation:DecorationNode" xmi:id="_NeLCdl-3EeyQW63vjzyf6w" type="ControlFlow_StereotypeLabel">
      <layoutConstraint xmi:type="notation:Location" xmi:id="_NeLCd1-3EeyQW63vjzyf6w" y="-20"/>
    </children>
    <styles xmi:type="notation:FontStyle" xmi:id="_NeKbYV-3EeyQW63vjzyf6w"/>
    <element xmi:type="uml:ControlFlow" href="ADMIN_activity_diagram.uml#_NdVU8F-3EeyQW63vjzyf6w"/>
    <bendpoints xmi:type="notation:RelativeBendpoints" xmi:id="_NeKbYl-3EeyQW63vjzyf6w" points="[140, 264, -643984, -643984]$[142, 344, -643984, -643984]"/>
    <sourceAnchor xmi:type="notation:IdentityAnchor" xmi:id="_NfTD0F-3EeyQW63vjzyf6w" id="(0.08321775312066575,1.0)"/>
    <targetAnchor xmi:type="notation:IdentityAnchor" xmi:id="_NfTD0V-3EeyQW63vjzyf6w" id="(0.6138613861386139,0.12195121951219512)"/>
  </edges>
</notation:Diagram>
