<?xml version="1.0" encoding="UTF-8"?>
<notation:Diagram xmi:version="2.0" xmlns:xmi="http://www.omg.org/XMI" xmlns:notation="http://www.eclipse.org/gmf/runtime/1.0.3/notation" xmlns:style="http://www.eclipse.org/papyrus/infra/gmfdiag/style" xmlns:uml="http://www.eclipse.org/uml2/5.0.0/UML" xmi:id="_ul1UUGAOEey2WIUvgRTs1Q" type="PapyrusUMLClassDiagram" name="Class Diagram" measurementUnit="Pixel">
  <children xmi:type="notation:Shape" xmi:id="_GQ2YIGAPEey2WIUvgRTs1Q" type="Class_Shape">
    <children xmi:type="notation:DecorationNode" xmi:id="_GQ2_MGAPEey2WIUvgRTs1Q" type="Class_NameLabel"/>
    <children xmi:type="notation:DecorationNode" xmi:id="_GQ2_MWAPEey2WIUvgRTs1Q" type="Class_FloatingNameLabel">
      <layoutConstraint xmi:type="notation:Location" xmi:id="_GQ2_MmAPEey2WIUvgRTs1Q" y="15"/>
    </children>
    <children xmi:type="notation:BasicCompartment" xmi:id="_GQ2_M2APEey2WIUvgRTs1Q" type="Class_AttributeCompartment">
      <children xmi:type="notation:Shape" xmi:id="_al2iYGAPEey2WIUvgRTs1Q" type="Property_ClassAttributeLabel">
        <element xmi:type="uml:Property" href="class.uml#_alvNoGAPEey2WIUvgRTs1Q"/>
        <layoutConstraint xmi:type="notation:Location" xmi:id="_al2iYWAPEey2WIUvgRTs1Q"/>
      </children>
      <children xmi:type="notation:Shape" xmi:id="_iRvQAGAPEey2WIUvgRTs1Q" type="Property_ClassAttributeLabel">
        <element xmi:type="uml:Property" href="class.uml#_iRmtIGAPEey2WIUvgRTs1Q"/>
        <layoutConstraint xmi:type="notation:Location" xmi:id="_iRvQAWAPEey2WIUvgRTs1Q"/>
      </children>
      <styles xmi:type="notation:TitleStyle" xmi:id="_GQ2_NGAPEey2WIUvgRTs1Q"/>
      <styles xmi:type="notation:SortingStyle" xmi:id="_GQ2_NWAPEey2WIUvgRTs1Q"/>
      <styles xmi:type="notation:FilteringStyle" xmi:id="_GQ2_NmAPEey2WIUvgRTs1Q"/>
      <layoutConstraint xmi:type="notation:Bounds" xmi:id="_GQ2_N2APEey2WIUvgRTs1Q"/>
    </children>
    <children xmi:type="notation:BasicCompartment" xmi:id="_GQ2_OGAPEey2WIUvgRTs1Q" type="Class_OperationCompartment">
      <children xmi:type="notation:Shape" xmi:id="_JqHkkGAQEey2WIUvgRTs1Q" type="Operation_ClassOperationLabel">
        <element xmi:type="uml:Operation" href="class.uml#_JqCFAGAQEey2WIUvgRTs1Q"/>
        <layoutConstraint xmi:type="notation:Location" xmi:id="_JqHkkWAQEey2WIUvgRTs1Q"/>
      </children>
      <children xmi:type="notation:Shape" xmi:id="_M8sIkGAQEey2WIUvgRTs1Q" type="Operation_ClassOperationLabel">
        <element xmi:type="uml:Operation" href="class.uml#_M8hwgGAQEey2WIUvgRTs1Q"/>
        <layoutConstraint xmi:type="notation:Location" xmi:id="_M8sIkWAQEey2WIUvgRTs1Q"/>
      </children>
      <children xmi:type="notation:Shape" xmi:id="_QNcHoGAQEey2WIUvgRTs1Q" type="Operation_ClassOperationLabel">
        <element xmi:type="uml:Operation" href="class.uml#_QNUy4GAQEey2WIUvgRTs1Q"/>
        <layoutConstraint xmi:type="notation:Location" xmi:id="_QNcHoWAQEey2WIUvgRTs1Q"/>
      </children>
      <children xmi:type="notation:Shape" xmi:id="_hg-E8GAQEey2WIUvgRTs1Q" type="Operation_ClassOperationLabel">
        <element xmi:type="uml:Operation" href="class.uml#_hg2JIGAQEey2WIUvgRTs1Q"/>
        <layoutConstraint xmi:type="notation:Location" xmi:id="_hg-E8WAQEey2WIUvgRTs1Q"/>
      </children>
      <children xmi:type="notation:Shape" xmi:id="_nA0_4GAQEey2WIUvgRTs1Q" type="Operation_ClassOperationLabel">
        <element xmi:type="uml:Operation" href="class.uml#_nAtEEGAQEey2WIUvgRTs1Q"/>
        <layoutConstraint xmi:type="notation:Location" xmi:id="_nA0_4WAQEey2WIUvgRTs1Q"/>
      </children>
      <children xmi:type="notation:Shape" xmi:id="_yEFR8GAQEey2WIUvgRTs1Q" type="Operation_ClassOperationLabel">
        <element xmi:type="uml:Operation" href="class.uml#_yD8vEGAQEey2WIUvgRTs1Q"/>
        <layoutConstraint xmi:type="notation:Location" xmi:id="_yEFR8WAQEey2WIUvgRTs1Q"/>
      </children>
      <children xmi:type="notation:Shape" xmi:id="_5JwUIGAQEey2WIUvgRTs1Q" type="Operation_ClassOperationLabel">
        <element xmi:type="uml:Operation" href="class.uml#_5JoYUGAQEey2WIUvgRTs1Q"/>
        <layoutConstraint xmi:type="notation:Location" xmi:id="_5JwUIWAQEey2WIUvgRTs1Q"/>
      </children>
      <children xmi:type="notation:Shape" xmi:id="_6sfSMGAQEey2WIUvgRTs1Q" type="Operation_ClassOperationLabel">
        <element xmi:type="uml:Operation" href="class.uml#_6sWIQGAQEey2WIUvgRTs1Q"/>
        <layoutConstraint xmi:type="notation:Location" xmi:id="_6sfSMWAQEey2WIUvgRTs1Q"/>
      </children>
      <styles xmi:type="notation:TitleStyle" xmi:id="_GQ2_OWAPEey2WIUvgRTs1Q"/>
      <styles xmi:type="notation:SortingStyle" xmi:id="_GQ2_OmAPEey2WIUvgRTs1Q"/>
      <styles xmi:type="notation:FilteringStyle" xmi:id="_GQ2_O2APEey2WIUvgRTs1Q"/>
      <layoutConstraint xmi:type="notation:Bounds" xmi:id="_GQ2_PGAPEey2WIUvgRTs1Q"/>
    </children>
    <children xmi:type="notation:BasicCompartment" xmi:id="_GQ2_PWAPEey2WIUvgRTs1Q" type="Class_NestedClassifierCompartment">
      <styles xmi:type="notation:TitleStyle" xmi:id="_GQ2_PmAPEey2WIUvgRTs1Q"/>
      <styles xmi:type="notation:SortingStyle" xmi:id="_GQ2_P2APEey2WIUvgRTs1Q"/>
      <styles xmi:type="notation:FilteringStyle" xmi:id="_GQ2_QGAPEey2WIUvgRTs1Q"/>
      <layoutConstraint xmi:type="notation:Bounds" xmi:id="_GQ2_QWAPEey2WIUvgRTs1Q"/>
    </children>
    <element xmi:type="uml:Class" href="class.uml#_GQ0i8GAPEey2WIUvgRTs1Q"/>
    <layoutConstraint xmi:type="notation:Bounds" xmi:id="_GQ2YIWAPEey2WIUvgRTs1Q" x="420" y="120" width="201" height="241"/>
  </children>
  <children xmi:type="notation:Shape" xmi:id="_nvBYEGAPEey2WIUvgRTs1Q" type="Class_Shape">
    <children xmi:type="notation:DecorationNode" xmi:id="_nvB_IGAPEey2WIUvgRTs1Q" type="Class_NameLabel"/>
    <children xmi:type="notation:DecorationNode" xmi:id="_nvB_IWAPEey2WIUvgRTs1Q" type="Class_FloatingNameLabel">
      <layoutConstraint xmi:type="notation:Location" xmi:id="_nvB_ImAPEey2WIUvgRTs1Q" y="15"/>
    </children>
    <children xmi:type="notation:BasicCompartment" xmi:id="_nvB_I2APEey2WIUvgRTs1Q" type="Class_AttributeCompartment">
      <children xmi:type="notation:Shape" xmi:id="_rkIBYGAPEey2WIUvgRTs1Q" type="Property_ClassAttributeLabel">
        <element xmi:type="uml:Property" href="class.uml#_rkAsoGAPEey2WIUvgRTs1Q"/>
        <layoutConstraint xmi:type="notation:Location" xmi:id="_rkIBYWAPEey2WIUvgRTs1Q"/>
      </children>
      <children xmi:type="notation:Shape" xmi:id="_wqZXoGAPEey2WIUvgRTs1Q" type="Property_ClassAttributeLabel">
        <element xmi:type="uml:Property" href="class.uml#_wqVGMGAPEey2WIUvgRTs1Q"/>
        <layoutConstraint xmi:type="notation:Location" xmi:id="_wqZXoWAPEey2WIUvgRTs1Q"/>
      </children>
      <children xmi:type="notation:Shape" xmi:id="_3n-NwGAPEey2WIUvgRTs1Q" type="Property_ClassAttributeLabel">
        <element xmi:type="uml:Property" href="class.uml#_3n4uMGAPEey2WIUvgRTs1Q"/>
        <layoutConstraint xmi:type="notation:Location" xmi:id="_3n-NwWAPEey2WIUvgRTs1Q"/>
      </children>
      <styles xmi:type="notation:TitleStyle" xmi:id="_nvB_JGAPEey2WIUvgRTs1Q"/>
      <styles xmi:type="notation:SortingStyle" xmi:id="_nvB_JWAPEey2WIUvgRTs1Q"/>
      <styles xmi:type="notation:FilteringStyle" xmi:id="_nvB_JmAPEey2WIUvgRTs1Q"/>
      <layoutConstraint xmi:type="notation:Bounds" xmi:id="_nvB_J2APEey2WIUvgRTs1Q"/>
    </children>
    <children xmi:type="notation:BasicCompartment" xmi:id="_nvB_KGAPEey2WIUvgRTs1Q" type="Class_OperationCompartment">
      <styles xmi:type="notation:TitleStyle" xmi:id="_nvB_KWAPEey2WIUvgRTs1Q"/>
      <styles xmi:type="notation:SortingStyle" xmi:id="_nvB_KmAPEey2WIUvgRTs1Q"/>
      <styles xmi:type="notation:FilteringStyle" xmi:id="_nvB_K2APEey2WIUvgRTs1Q"/>
      <layoutConstraint xmi:type="notation:Bounds" xmi:id="_nvB_LGAPEey2WIUvgRTs1Q"/>
    </children>
    <children xmi:type="notation:BasicCompartment" xmi:id="_nvB_LWAPEey2WIUvgRTs1Q" type="Class_NestedClassifierCompartment">
      <styles xmi:type="notation:TitleStyle" xmi:id="_nvB_LmAPEey2WIUvgRTs1Q"/>
      <styles xmi:type="notation:SortingStyle" xmi:id="_nvB_L2APEey2WIUvgRTs1Q"/>
      <styles xmi:type="notation:FilteringStyle" xmi:id="_nvB_MGAPEey2WIUvgRTs1Q"/>
      <layoutConstraint xmi:type="notation:Bounds" xmi:id="_nvB_MWAPEey2WIUvgRTs1Q"/>
    </children>
    <element xmi:type="uml:Class" href="class.uml#_nvAJ8GAPEey2WIUvgRTs1Q"/>
    <layoutConstraint xmi:type="notation:Bounds" xmi:id="_nvBYEWAPEey2WIUvgRTs1Q" x="420" y="20" width="181" height="81"/>
  </children>
  <children xmi:type="notation:Shape" xmi:id="_NNnrEGAREey2WIUvgRTs1Q" type="Class_Shape">
    <children xmi:type="notation:DecorationNode" xmi:id="_NNnrEmAREey2WIUvgRTs1Q" type="Class_NameLabel"/>
    <children xmi:type="notation:DecorationNode" xmi:id="_NNnrE2AREey2WIUvgRTs1Q" type="Class_FloatingNameLabel">
      <layoutConstraint xmi:type="notation:Location" xmi:id="_NNnrFGAREey2WIUvgRTs1Q" y="15"/>
    </children>
    <children xmi:type="notation:BasicCompartment" xmi:id="_NNnrFWAREey2WIUvgRTs1Q" type="Class_AttributeCompartment">
      <children xmi:type="notation:Shape" xmi:id="_QwJWoGAREey2WIUvgRTs1Q" type="Property_ClassAttributeLabel">
        <element xmi:type="uml:Property" href="class.uml#_QwDQAGAREey2WIUvgRTs1Q"/>
        <layoutConstraint xmi:type="notation:Location" xmi:id="_QwJWoWAREey2WIUvgRTs1Q"/>
      </children>
      <children xmi:type="notation:Shape" xmi:id="_WyKjcGAREey2WIUvgRTs1Q" type="Property_ClassAttributeLabel">
        <element xmi:type="uml:Property" href="class.uml#_WyFD4GAREey2WIUvgRTs1Q"/>
        <layoutConstraint xmi:type="notation:Location" xmi:id="_WyKjcWAREey2WIUvgRTs1Q"/>
      </children>
      <children xmi:type="notation:Shape" xmi:id="_arLcYGAREey2WIUvgRTs1Q" type="Property_ClassAttributeLabel">
        <element xmi:type="uml:Property" href="class.uml#_arF80GAREey2WIUvgRTs1Q"/>
        <layoutConstraint xmi:type="notation:Location" xmi:id="_arLcYWAREey2WIUvgRTs1Q"/>
      </children>
      <styles xmi:type="notation:TitleStyle" xmi:id="_NNnrFmAREey2WIUvgRTs1Q"/>
      <styles xmi:type="notation:SortingStyle" xmi:id="_NNnrF2AREey2WIUvgRTs1Q"/>
      <styles xmi:type="notation:FilteringStyle" xmi:id="_NNnrGGAREey2WIUvgRTs1Q"/>
      <layoutConstraint xmi:type="notation:Bounds" xmi:id="_NNnrGWAREey2WIUvgRTs1Q"/>
    </children>
    <children xmi:type="notation:BasicCompartment" xmi:id="_NNoSIGAREey2WIUvgRTs1Q" type="Class_OperationCompartment">
      <styles xmi:type="notation:TitleStyle" xmi:id="_NNoSIWAREey2WIUvgRTs1Q"/>
      <styles xmi:type="notation:SortingStyle" xmi:id="_NNoSImAREey2WIUvgRTs1Q"/>
      <styles xmi:type="notation:FilteringStyle" xmi:id="_NNoSI2AREey2WIUvgRTs1Q"/>
      <layoutConstraint xmi:type="notation:Bounds" xmi:id="_NNoSJGAREey2WIUvgRTs1Q"/>
    </children>
    <children xmi:type="notation:BasicCompartment" xmi:id="_NNoSJWAREey2WIUvgRTs1Q" type="Class_NestedClassifierCompartment">
      <styles xmi:type="notation:TitleStyle" xmi:id="_NNoSJmAREey2WIUvgRTs1Q"/>
      <styles xmi:type="notation:SortingStyle" xmi:id="_NNoSJ2AREey2WIUvgRTs1Q"/>
      <styles xmi:type="notation:FilteringStyle" xmi:id="_NNoSKGAREey2WIUvgRTs1Q"/>
      <layoutConstraint xmi:type="notation:Bounds" xmi:id="_NNoSKWAREey2WIUvgRTs1Q"/>
    </children>
    <element xmi:type="uml:Class" href="class.uml#_NNlO0GAREey2WIUvgRTs1Q"/>
    <layoutConstraint xmi:type="notation:Bounds" xmi:id="_NNnrEWAREey2WIUvgRTs1Q" x="120" y="40" width="101" height="101"/>
  </children>
  <children xmi:type="notation:Shape" xmi:id="_m0FH4GAREey2WIUvgRTs1Q" type="Class_Shape">
    <children xmi:type="notation:DecorationNode" xmi:id="_m0FH4mAREey2WIUvgRTs1Q" type="Class_NameLabel"/>
    <children xmi:type="notation:DecorationNode" xmi:id="_m0FH42AREey2WIUvgRTs1Q" type="Class_FloatingNameLabel">
      <layoutConstraint xmi:type="notation:Location" xmi:id="_m0FH5GAREey2WIUvgRTs1Q" y="15"/>
    </children>
    <children xmi:type="notation:BasicCompartment" xmi:id="_m0FH5WAREey2WIUvgRTs1Q" type="Class_AttributeCompartment">
      <children xmi:type="notation:Shape" xmi:id="_qwUT8GAREey2WIUvgRTs1Q" type="Property_ClassAttributeLabel">
        <element xmi:type="uml:Property" href="class.uml#_qwKi8GAREey2WIUvgRTs1Q"/>
        <layoutConstraint xmi:type="notation:Location" xmi:id="_qwUT8WAREey2WIUvgRTs1Q"/>
      </children>
      <children xmi:type="notation:Shape" xmi:id="_uW0gkGAREey2WIUvgRTs1Q" type="Property_ClassAttributeLabel">
        <element xmi:type="uml:Property" href="class.uml#_uWty4GAREey2WIUvgRTs1Q"/>
        <layoutConstraint xmi:type="notation:Location" xmi:id="_uW0gkWAREey2WIUvgRTs1Q"/>
      </children>
      <children xmi:type="notation:Shape" xmi:id="_I_Q-0GASEey2WIUvgRTs1Q" type="Property_ClassAttributeLabel">
        <element xmi:type="uml:Property" href="class.uml#_I_Ib8GASEey2WIUvgRTs1Q"/>
        <layoutConstraint xmi:type="notation:Location" xmi:id="_I_Q-0WASEey2WIUvgRTs1Q"/>
      </children>
      <children xmi:type="notation:Shape" xmi:id="_NNR3YGASEey2WIUvgRTs1Q" type="Property_ClassAttributeLabel">
        <element xmi:type="uml:Property" href="class.uml#_NNJUgGASEey2WIUvgRTs1Q"/>
        <layoutConstraint xmi:type="notation:Location" xmi:id="_NNR3YWASEey2WIUvgRTs1Q"/>
      </children>
      <styles xmi:type="notation:TitleStyle" xmi:id="_m0FH5mAREey2WIUvgRTs1Q"/>
      <styles xmi:type="notation:SortingStyle" xmi:id="_m0FH52AREey2WIUvgRTs1Q"/>
      <styles xmi:type="notation:FilteringStyle" xmi:id="_m0FH6GAREey2WIUvgRTs1Q"/>
      <layoutConstraint xmi:type="notation:Bounds" xmi:id="_m0FH6WAREey2WIUvgRTs1Q"/>
    </children>
    <children xmi:type="notation:BasicCompartment" xmi:id="_m0FH6mAREey2WIUvgRTs1Q" type="Class_OperationCompartment">
      <styles xmi:type="notation:TitleStyle" xmi:id="_m0FH62AREey2WIUvgRTs1Q"/>
      <styles xmi:type="notation:SortingStyle" xmi:id="_m0FH7GAREey2WIUvgRTs1Q"/>
      <styles xmi:type="notation:FilteringStyle" xmi:id="_m0FH7WAREey2WIUvgRTs1Q"/>
      <layoutConstraint xmi:type="notation:Bounds" xmi:id="_m0FH7mAREey2WIUvgRTs1Q"/>
    </children>
    <children xmi:type="notation:BasicCompartment" xmi:id="_m0FH72AREey2WIUvgRTs1Q" type="Class_NestedClassifierCompartment">
      <styles xmi:type="notation:TitleStyle" xmi:id="_m0FH8GAREey2WIUvgRTs1Q"/>
      <styles xmi:type="notation:SortingStyle" xmi:id="_m0FH8WAREey2WIUvgRTs1Q"/>
      <styles xmi:type="notation:FilteringStyle" xmi:id="_m0FH8mAREey2WIUvgRTs1Q"/>
      <layoutConstraint xmi:type="notation:Bounds" xmi:id="_m0FH82AREey2WIUvgRTs1Q"/>
    </children>
    <element xmi:type="uml:Class" href="class.uml#_m0Eg0GAREey2WIUvgRTs1Q"/>
    <layoutConstraint xmi:type="notation:Bounds" xmi:id="_m0FH4WAREey2WIUvgRTs1Q" x="420" y="420" width="161" height="141"/>
  </children>
  <children xmi:type="notation:Shape" xmi:id="_18Zx4GAREey2WIUvgRTs1Q" type="Class_Shape">
    <children xmi:type="notation:DecorationNode" xmi:id="_18Zx4mAREey2WIUvgRTs1Q" type="Class_NameLabel"/>
    <children xmi:type="notation:DecorationNode" xmi:id="_18Zx42AREey2WIUvgRTs1Q" type="Class_FloatingNameLabel">
      <layoutConstraint xmi:type="notation:Location" xmi:id="_18Zx5GAREey2WIUvgRTs1Q" y="15"/>
    </children>
    <children xmi:type="notation:BasicCompartment" xmi:id="_18Zx5WAREey2WIUvgRTs1Q" type="Class_AttributeCompartment">
      <children xmi:type="notation:Shape" xmi:id="_5pNa0GAREey2WIUvgRTs1Q" type="Property_ClassAttributeLabel">
        <element xmi:type="uml:Property" href="class.uml#_5pE38GAREey2WIUvgRTs1Q"/>
        <layoutConstraint xmi:type="notation:Location" xmi:id="_5pOB4GAREey2WIUvgRTs1Q"/>
      </children>
      <children xmi:type="notation:Shape" xmi:id="_9Tvy4GAREey2WIUvgRTs1Q" type="Property_ClassAttributeLabel">
        <element xmi:type="uml:Property" href="class.uml#_9TnQAGAREey2WIUvgRTs1Q"/>
        <layoutConstraint xmi:type="notation:Location" xmi:id="_9Tvy4WAREey2WIUvgRTs1Q"/>
      </children>
      <children xmi:type="notation:Shape" xmi:id="_Dbl64GASEey2WIUvgRTs1Q" type="Property_ClassAttributeLabel">
        <element xmi:type="uml:Property" href="class.uml#_Dbd_EGASEey2WIUvgRTs1Q"/>
        <layoutConstraint xmi:type="notation:Location" xmi:id="_Dbl64WASEey2WIUvgRTs1Q"/>
      </children>
      <styles xmi:type="notation:TitleStyle" xmi:id="_18Zx5mAREey2WIUvgRTs1Q"/>
      <styles xmi:type="notation:SortingStyle" xmi:id="_18Zx52AREey2WIUvgRTs1Q"/>
      <styles xmi:type="notation:FilteringStyle" xmi:id="_18Zx6GAREey2WIUvgRTs1Q"/>
      <layoutConstraint xmi:type="notation:Bounds" xmi:id="_18Zx6WAREey2WIUvgRTs1Q"/>
    </children>
    <children xmi:type="notation:BasicCompartment" xmi:id="_18Zx6mAREey2WIUvgRTs1Q" type="Class_OperationCompartment">
      <styles xmi:type="notation:TitleStyle" xmi:id="_18Zx62AREey2WIUvgRTs1Q"/>
      <styles xmi:type="notation:SortingStyle" xmi:id="_18Zx7GAREey2WIUvgRTs1Q"/>
      <styles xmi:type="notation:FilteringStyle" xmi:id="_18Zx7WAREey2WIUvgRTs1Q"/>
      <layoutConstraint xmi:type="notation:Bounds" xmi:id="_18Zx7mAREey2WIUvgRTs1Q"/>
    </children>
    <children xmi:type="notation:BasicCompartment" xmi:id="_18Zx72AREey2WIUvgRTs1Q" type="Class_NestedClassifierCompartment">
      <styles xmi:type="notation:TitleStyle" xmi:id="_18Zx8GAREey2WIUvgRTs1Q"/>
      <styles xmi:type="notation:SortingStyle" xmi:id="_18Zx8WAREey2WIUvgRTs1Q"/>
      <styles xmi:type="notation:FilteringStyle" xmi:id="_18Zx8mAREey2WIUvgRTs1Q"/>
      <layoutConstraint xmi:type="notation:Bounds" xmi:id="_18Zx82AREey2WIUvgRTs1Q"/>
    </children>
    <element xmi:type="uml:Class" href="class.uml#_18YjwGAREey2WIUvgRTs1Q"/>
    <layoutConstraint xmi:type="notation:Bounds" xmi:id="_18Zx4WAREey2WIUvgRTs1Q" x="420" y="620" width="201" height="101"/>
  </children>
  <children xmi:type="notation:Shape" xmi:id="_cZBo0GASEey2WIUvgRTs1Q" type="Class_Shape">
    <children xmi:type="notation:DecorationNode" xmi:id="_cZBo0mASEey2WIUvgRTs1Q" type="Class_NameLabel"/>
    <children xmi:type="notation:DecorationNode" xmi:id="_cZBo02ASEey2WIUvgRTs1Q" type="Class_FloatingNameLabel">
      <layoutConstraint xmi:type="notation:Location" xmi:id="_cZBo1GASEey2WIUvgRTs1Q" y="15"/>
    </children>
    <children xmi:type="notation:BasicCompartment" xmi:id="_cZBo1WASEey2WIUvgRTs1Q" type="Class_AttributeCompartment">
      <styles xmi:type="notation:TitleStyle" xmi:id="_cZBo1mASEey2WIUvgRTs1Q"/>
      <styles xmi:type="notation:SortingStyle" xmi:id="_cZBo12ASEey2WIUvgRTs1Q"/>
      <styles xmi:type="notation:FilteringStyle" xmi:id="_cZBo2GASEey2WIUvgRTs1Q"/>
      <layoutConstraint xmi:type="notation:Bounds" xmi:id="_cZBo2WASEey2WIUvgRTs1Q"/>
    </children>
    <children xmi:type="notation:BasicCompartment" xmi:id="_cZBo2mASEey2WIUvgRTs1Q" type="Class_OperationCompartment">
      <children xmi:type="notation:Shape" xmi:id="_qJw00GASEey2WIUvgRTs1Q" type="Operation_ClassOperationLabel">
        <element xmi:type="uml:Operation" href="class.uml#_qJqHIGASEey2WIUvgRTs1Q"/>
        <layoutConstraint xmi:type="notation:Location" xmi:id="_qJw00WASEey2WIUvgRTs1Q"/>
      </children>
      <children xmi:type="notation:Shape" xmi:id="_3l2mgGASEey2WIUvgRTs1Q" type="Operation_ClassOperationLabel">
        <element xmi:type="uml:Operation" href="class.uml#_3ltckGASEey2WIUvgRTs1Q"/>
        <layoutConstraint xmi:type="notation:Location" xmi:id="_3l2mgWASEey2WIUvgRTs1Q"/>
      </children>
      <children xmi:type="notation:Shape" xmi:id="_7tOEgGASEey2WIUvgRTs1Q" type="Operation_ClassOperationLabel">
        <element xmi:type="uml:Operation" href="class.uml#_7tETgGASEey2WIUvgRTs1Q"/>
        <layoutConstraint xmi:type="notation:Location" xmi:id="_7tOEgWASEey2WIUvgRTs1Q"/>
      </children>
      <styles xmi:type="notation:TitleStyle" xmi:id="_cZBo22ASEey2WIUvgRTs1Q"/>
      <styles xmi:type="notation:SortingStyle" xmi:id="_cZBo3GASEey2WIUvgRTs1Q"/>
      <styles xmi:type="notation:FilteringStyle" xmi:id="_cZBo3WASEey2WIUvgRTs1Q"/>
      <layoutConstraint xmi:type="notation:Bounds" xmi:id="_cZBo3mASEey2WIUvgRTs1Q"/>
    </children>
    <children xmi:type="notation:BasicCompartment" xmi:id="_cZCP4GASEey2WIUvgRTs1Q" type="Class_NestedClassifierCompartment">
      <styles xmi:type="notation:TitleStyle" xmi:id="_cZCP4WASEey2WIUvgRTs1Q"/>
      <styles xmi:type="notation:SortingStyle" xmi:id="_cZCP4mASEey2WIUvgRTs1Q"/>
      <styles xmi:type="notation:FilteringStyle" xmi:id="_cZCP42ASEey2WIUvgRTs1Q"/>
      <layoutConstraint xmi:type="notation:Bounds" xmi:id="_cZCP5GASEey2WIUvgRTs1Q"/>
    </children>
    <element xmi:type="uml:Class" href="class.uml#_cZBBwGASEey2WIUvgRTs1Q"/>
    <layoutConstraint xmi:type="notation:Bounds" xmi:id="_cZBo0WASEey2WIUvgRTs1Q" x="20" y="260" width="261" height="141"/>
  </children>
  <children xmi:type="notation:Shape" xmi:id="_GaYKwGATEey2WIUvgRTs1Q" type="Class_Shape">
    <children xmi:type="notation:DecorationNode" xmi:id="_GaYKwmATEey2WIUvgRTs1Q" type="Class_NameLabel"/>
    <children xmi:type="notation:DecorationNode" xmi:id="_GaYKw2ATEey2WIUvgRTs1Q" type="Class_FloatingNameLabel">
      <layoutConstraint xmi:type="notation:Location" xmi:id="_GaYKxGATEey2WIUvgRTs1Q" y="15"/>
    </children>
    <children xmi:type="notation:BasicCompartment" xmi:id="_GaYKxWATEey2WIUvgRTs1Q" type="Class_AttributeCompartment">
      <children xmi:type="notation:Shape" xmi:id="_Jn2MUGATEey2WIUvgRTs1Q" type="Property_ClassAttributeLabel">
        <element xmi:type="uml:Property" href="class.uml#_JntCYGATEey2WIUvgRTs1Q"/>
        <layoutConstraint xmi:type="notation:Location" xmi:id="_Jn2MUWATEey2WIUvgRTs1Q"/>
      </children>
      <children xmi:type="notation:Shape" xmi:id="_T2iN4GATEey2WIUvgRTs1Q" type="Property_ClassAttributeLabel">
        <element xmi:type="uml:Property" href="class.uml#_T2Yc4GATEey2WIUvgRTs1Q"/>
        <layoutConstraint xmi:type="notation:Location" xmi:id="_T2iN4WATEey2WIUvgRTs1Q"/>
      </children>
      <children xmi:type="notation:Shape" xmi:id="_ZZT58GATEey2WIUvgRTs1Q" type="Property_ClassAttributeLabel">
        <element xmi:type="uml:Property" href="class.uml#_ZZKI8GATEey2WIUvgRTs1Q"/>
        <layoutConstraint xmi:type="notation:Location" xmi:id="_ZZT58WATEey2WIUvgRTs1Q"/>
      </children>
      <styles xmi:type="notation:TitleStyle" xmi:id="_GaYKxmATEey2WIUvgRTs1Q"/>
      <styles xmi:type="notation:SortingStyle" xmi:id="_GaYKx2ATEey2WIUvgRTs1Q"/>
      <styles xmi:type="notation:FilteringStyle" xmi:id="_GaYKyGATEey2WIUvgRTs1Q"/>
      <layoutConstraint xmi:type="notation:Bounds" xmi:id="_GaYKyWATEey2WIUvgRTs1Q"/>
    </children>
    <children xmi:type="notation:BasicCompartment" xmi:id="_GaYKymATEey2WIUvgRTs1Q" type="Class_OperationCompartment">
      <children xmi:type="notation:Shape" xmi:id="_etDEcGATEey2WIUvgRTs1Q" type="Operation_ClassOperationLabel">
        <element xmi:type="uml:Operation" href="class.uml#_es4sYGATEey2WIUvgRTs1Q"/>
        <layoutConstraint xmi:type="notation:Location" xmi:id="_etDEcWATEey2WIUvgRTs1Q"/>
      </children>
      <children xmi:type="notation:Shape" xmi:id="_qT2IcGATEey2WIUvgRTs1Q" type="Operation_ClassOperationLabel">
        <element xmi:type="uml:Operation" href="class.uml#_qTrwYGATEey2WIUvgRTs1Q"/>
        <layoutConstraint xmi:type="notation:Location" xmi:id="_qT2IcWATEey2WIUvgRTs1Q"/>
      </children>
      <styles xmi:type="notation:TitleStyle" xmi:id="_GaYKy2ATEey2WIUvgRTs1Q"/>
      <styles xmi:type="notation:SortingStyle" xmi:id="_GaYKzGATEey2WIUvgRTs1Q"/>
      <styles xmi:type="notation:FilteringStyle" xmi:id="_GaYKzWATEey2WIUvgRTs1Q"/>
      <layoutConstraint xmi:type="notation:Bounds" xmi:id="_GaYKzmATEey2WIUvgRTs1Q"/>
    </children>
    <children xmi:type="notation:BasicCompartment" xmi:id="_GaYKz2ATEey2WIUvgRTs1Q" type="Class_NestedClassifierCompartment">
      <styles xmi:type="notation:TitleStyle" xmi:id="_GaYK0GATEey2WIUvgRTs1Q"/>
      <styles xmi:type="notation:SortingStyle" xmi:id="_GaYK0WATEey2WIUvgRTs1Q"/>
      <styles xmi:type="notation:FilteringStyle" xmi:id="_GaYK0mATEey2WIUvgRTs1Q"/>
      <layoutConstraint xmi:type="notation:Bounds" xmi:id="_GaYK02ATEey2WIUvgRTs1Q"/>
    </children>
    <element xmi:type="uml:Class" href="class.uml#_GaW8oGATEey2WIUvgRTs1Q"/>
    <layoutConstraint xmi:type="notation:Bounds" xmi:id="_GaYKwWATEey2WIUvgRTs1Q" x="740" y="160" width="261" height="141"/>
  </children>
  <children xmi:type="notation:Shape" xmi:id="_xCMPwGATEey2WIUvgRTs1Q" type="Class_Shape">
    <children xmi:type="notation:DecorationNode" xmi:id="_xCMPwmATEey2WIUvgRTs1Q" type="Class_NameLabel"/>
    <children xmi:type="notation:DecorationNode" xmi:id="_xCMPw2ATEey2WIUvgRTs1Q" type="Class_FloatingNameLabel">
      <layoutConstraint xmi:type="notation:Location" xmi:id="_xCMPxGATEey2WIUvgRTs1Q" y="15"/>
    </children>
    <children xmi:type="notation:BasicCompartment" xmi:id="_xCMPxWATEey2WIUvgRTs1Q" type="Class_AttributeCompartment">
      <children xmi:type="notation:Shape" xmi:id="_5WmV8GATEey2WIUvgRTs1Q" type="Property_ClassAttributeLabel">
        <element xmi:type="uml:Property" href="class.uml#_5Wb94GATEey2WIUvgRTs1Q"/>
        <layoutConstraint xmi:type="notation:Location" xmi:id="_5WmV8WATEey2WIUvgRTs1Q"/>
      </children>
      <children xmi:type="notation:Shape" xmi:id="_IVySEGAUEey2WIUvgRTs1Q" type="Property_ClassAttributeLabel">
        <element xmi:type="uml:Property" href="class.uml#_IVwc4GAUEey2WIUvgRTs1Q"/>
        <layoutConstraint xmi:type="notation:Location" xmi:id="_IVySEWAUEey2WIUvgRTs1Q"/>
      </children>
      <children xmi:type="notation:Shape" xmi:id="_KYM1wGAUEey2WIUvgRTs1Q" type="Property_ClassAttributeLabel">
        <element xmi:type="uml:Property" href="class.uml#_KYGIEGAUEey2WIUvgRTs1Q"/>
        <layoutConstraint xmi:type="notation:Location" xmi:id="_KYM1wWAUEey2WIUvgRTs1Q"/>
      </children>
      <styles xmi:type="notation:TitleStyle" xmi:id="_xCMPxmATEey2WIUvgRTs1Q"/>
      <styles xmi:type="notation:SortingStyle" xmi:id="_xCMPx2ATEey2WIUvgRTs1Q"/>
      <styles xmi:type="notation:FilteringStyle" xmi:id="_xCMPyGATEey2WIUvgRTs1Q"/>
      <layoutConstraint xmi:type="notation:Bounds" xmi:id="_xCMPyWATEey2WIUvgRTs1Q"/>
    </children>
    <children xmi:type="notation:BasicCompartment" xmi:id="_xCM20GATEey2WIUvgRTs1Q" type="Class_OperationCompartment">
      <styles xmi:type="notation:TitleStyle" xmi:id="_xCM20WATEey2WIUvgRTs1Q"/>
      <styles xmi:type="notation:SortingStyle" xmi:id="_xCM20mATEey2WIUvgRTs1Q"/>
      <styles xmi:type="notation:FilteringStyle" xmi:id="_xCM202ATEey2WIUvgRTs1Q"/>
      <layoutConstraint xmi:type="notation:Bounds" xmi:id="_xCM21GATEey2WIUvgRTs1Q"/>
    </children>
    <children xmi:type="notation:BasicCompartment" xmi:id="_xCM21WATEey2WIUvgRTs1Q" type="Class_NestedClassifierCompartment">
      <styles xmi:type="notation:TitleStyle" xmi:id="_xCM21mATEey2WIUvgRTs1Q"/>
      <styles xmi:type="notation:SortingStyle" xmi:id="_xCM212ATEey2WIUvgRTs1Q"/>
      <styles xmi:type="notation:FilteringStyle" xmi:id="_xCM22GATEey2WIUvgRTs1Q"/>
      <layoutConstraint xmi:type="notation:Bounds" xmi:id="_xCM22WATEey2WIUvgRTs1Q"/>
    </children>
    <element xmi:type="uml:Class" href="class.uml#_xCLosGATEey2WIUvgRTs1Q"/>
    <layoutConstraint xmi:type="notation:Bounds" xmi:id="_xCMPwWATEey2WIUvgRTs1Q" x="920" y="400" width="161" height="121"/>
  </children>
  <children xmi:type="notation:Shape" xmi:id="_xZ16wGATEey2WIUvgRTs1Q" type="Class_Shape">
    <children xmi:type="notation:DecorationNode" xmi:id="_xZ16wmATEey2WIUvgRTs1Q" type="Class_NameLabel"/>
    <children xmi:type="notation:DecorationNode" xmi:id="_xZ16w2ATEey2WIUvgRTs1Q" type="Class_FloatingNameLabel">
      <layoutConstraint xmi:type="notation:Location" xmi:id="_xZ16xGATEey2WIUvgRTs1Q" y="15"/>
    </children>
    <children xmi:type="notation:BasicCompartment" xmi:id="_xZ16xWATEey2WIUvgRTs1Q" type="Class_AttributeCompartment">
      <children xmi:type="notation:Shape" xmi:id="_N4tvIGAUEey2WIUvgRTs1Q" type="Property_ClassAttributeLabel">
        <element xmi:type="uml:Property" href="class.uml#_N4nogGAUEey2WIUvgRTs1Q"/>
        <layoutConstraint xmi:type="notation:Location" xmi:id="_N4tvIWAUEey2WIUvgRTs1Q"/>
      </children>
      <children xmi:type="notation:Shape" xmi:id="_Q10ZcGAUEey2WIUvgRTs1Q" type="Property_ClassAttributeLabel">
        <element xmi:type="uml:Property" href="class.uml#_Q1xWIGAUEey2WIUvgRTs1Q"/>
        <layoutConstraint xmi:type="notation:Location" xmi:id="_Q10ZcWAUEey2WIUvgRTs1Q"/>
      </children>
      <children xmi:type="notation:Shape" xmi:id="_TpieQGAUEey2WIUvgRTs1Q" type="Property_ClassAttributeLabel">
        <element xmi:type="uml:Property" href="class.uml#_TpbJgGAUEey2WIUvgRTs1Q"/>
        <layoutConstraint xmi:type="notation:Location" xmi:id="_TpieQWAUEey2WIUvgRTs1Q"/>
      </children>
      <styles xmi:type="notation:TitleStyle" xmi:id="_xZ16xmATEey2WIUvgRTs1Q"/>
      <styles xmi:type="notation:SortingStyle" xmi:id="_xZ16x2ATEey2WIUvgRTs1Q"/>
      <styles xmi:type="notation:FilteringStyle" xmi:id="_xZ16yGATEey2WIUvgRTs1Q"/>
      <layoutConstraint xmi:type="notation:Bounds" xmi:id="_xZ16yWATEey2WIUvgRTs1Q"/>
    </children>
    <children xmi:type="notation:BasicCompartment" xmi:id="_xZ16ymATEey2WIUvgRTs1Q" type="Class_OperationCompartment">
      <styles xmi:type="notation:TitleStyle" xmi:id="_xZ16y2ATEey2WIUvgRTs1Q"/>
      <styles xmi:type="notation:SortingStyle" xmi:id="_xZ16zGATEey2WIUvgRTs1Q"/>
      <styles xmi:type="notation:FilteringStyle" xmi:id="_xZ16zWATEey2WIUvgRTs1Q"/>
      <layoutConstraint xmi:type="notation:Bounds" xmi:id="_xZ16zmATEey2WIUvgRTs1Q"/>
    </children>
    <children xmi:type="notation:BasicCompartment" xmi:id="_xZ2h0GATEey2WIUvgRTs1Q" type="Class_NestedClassifierCompartment">
      <styles xmi:type="notation:TitleStyle" xmi:id="_xZ2h0WATEey2WIUvgRTs1Q"/>
      <styles xmi:type="notation:SortingStyle" xmi:id="_xZ2h0mATEey2WIUvgRTs1Q"/>
      <styles xmi:type="notation:FilteringStyle" xmi:id="_xZ2h02ATEey2WIUvgRTs1Q"/>
      <layoutConstraint xmi:type="notation:Bounds" xmi:id="_xZ2h1GATEey2WIUvgRTs1Q"/>
    </children>
    <element xmi:type="uml:Class" href="class.uml#_xZ1TsGATEey2WIUvgRTs1Q"/>
    <layoutConstraint xmi:type="notation:Bounds" xmi:id="_xZ16wWATEey2WIUvgRTs1Q" x="720" y="420" height="121"/>
  </children>
  <styles xmi:type="notation:StringValueStyle" xmi:id="_ul1UUWAOEey2WIUvgRTs1Q" name="diagram_compatibility_version" stringValue="1.4.0"/>
  <styles xmi:type="notation:DiagramStyle" xmi:id="_ul1UUmAOEey2WIUvgRTs1Q"/>
  <styles xmi:type="style:PapyrusDiagramStyle" xmi:id="_ul1UU2AOEey2WIUvgRTs1Q" diagramKindId="org.eclipse.papyrus.uml.diagram.class">
    <owner xmi:type="uml:Model" href="class.uml#_uladkGAOEey2WIUvgRTs1Q"/>
  </styles>
  <element xmi:type="uml:Model" href="class.uml#_uladkGAOEey2WIUvgRTs1Q"/>
  <edges xmi:type="notation:Connector" xmi:id="_EdV9sGAQEey2WIUvgRTs1Q" type="Generalization_Edge" source="_GQ2YIGAPEey2WIUvgRTs1Q" target="_nvBYEGAPEey2WIUvgRTs1Q">
    <children xmi:type="notation:DecorationNode" xmi:id="_EdWkwGAQEey2WIUvgRTs1Q" type="Generalization_StereotypeLabel">
      <styles xmi:type="notation:BooleanValueStyle" xmi:id="_JEP3YGAQEey2WIUvgRTs1Q" name="IS_UPDATED_POSITION" booleanValue="true"/>
      <layoutConstraint xmi:type="notation:Location" xmi:id="_EdWkwWAQEey2WIUvgRTs1Q" y="40"/>
    </children>
    <styles xmi:type="notation:FontStyle" xmi:id="_EdV9sWAQEey2WIUvgRTs1Q"/>
    <element xmi:type="uml:Generalization" href="class.uml#_EdRFMGAQEey2WIUvgRTs1Q"/>
    <bendpoints xmi:type="notation:RelativeBendpoints" xmi:id="_EdV9smAQEey2WIUvgRTs1Q" points="[500, 140, -643984, -643984]$[500, 101, -643984, -643984]"/>
    <sourceAnchor xmi:type="notation:IdentityAnchor" xmi:id="_Edhj4GAQEey2WIUvgRTs1Q" id="(0.39800995024875624,0.0)"/>
    <targetAnchor xmi:type="notation:IdentityAnchor" xmi:id="_Edhj4WAQEey2WIUvgRTs1Q" id="(0.4419889502762431,1.0)"/>
  </edges>
  <edges xmi:type="notation:Connector" xmi:id="_h7ZaUGAUEey2WIUvgRTs1Q" type="Association_Edge" source="_nvBYEGAPEey2WIUvgRTs1Q" target="_NNnrEGAREey2WIUvgRTs1Q">
    <children xmi:type="notation:DecorationNode" xmi:id="_h7ZaU2AUEey2WIUvgRTs1Q" type="Association_StereotypeLabel">
      <layoutConstraint xmi:type="notation:Location" xmi:id="_h7ZaVGAUEey2WIUvgRTs1Q" y="-20"/>
    </children>
    <children xmi:type="notation:DecorationNode" xmi:id="_h7ZaVWAUEey2WIUvgRTs1Q" type="Association_NameLabel">
      <layoutConstraint xmi:type="notation:Location" xmi:id="_h7ZaVmAUEey2WIUvgRTs1Q" y="20"/>
    </children>
    <children xmi:type="notation:DecorationNode" xmi:id="_h7ZaV2AUEey2WIUvgRTs1Q" type="Association_TargetRoleLabel">
      <layoutConstraint xmi:type="notation:Location" xmi:id="_h7ZaWGAUEey2WIUvgRTs1Q" y="-20"/>
    </children>
    <children xmi:type="notation:DecorationNode" xmi:id="_h7ZaWWAUEey2WIUvgRTs1Q" type="Association_SourceRoleLabel">
      <layoutConstraint xmi:type="notation:Location" xmi:id="_h7ZaWmAUEey2WIUvgRTs1Q" x="-16" y="-67"/>
    </children>
    <children xmi:type="notation:DecorationNode" xmi:id="_h7ZaW2AUEey2WIUvgRTs1Q" type="Association_SourceMultiplicityLabel">
      <layoutConstraint xmi:type="notation:Location" xmi:id="_h7ZaXGAUEey2WIUvgRTs1Q" y="20"/>
    </children>
    <children xmi:type="notation:DecorationNode" xmi:id="_h7ZaXWAUEey2WIUvgRTs1Q" type="Association_TargetMultiplicityLabel">
      <layoutConstraint xmi:type="notation:Location" xmi:id="_h7ZaXmAUEey2WIUvgRTs1Q" y="-20"/>
    </children>
    <styles xmi:type="notation:FontStyle" xmi:id="_h7ZaUWAUEey2WIUvgRTs1Q"/>
    <element xmi:type="uml:Association" href="class.uml#_h7JisGAUEey2WIUvgRTs1Q"/>
    <bendpoints xmi:type="notation:RelativeBendpoints" xmi:id="_h7ZaUmAUEey2WIUvgRTs1Q" points="[420, 80, -643984, -643984]$[221, 80, -643984, -643984]"/>
    <sourceAnchor xmi:type="notation:IdentityAnchor" xmi:id="_h8NSoGAUEey2WIUvgRTs1Q" id="(0.0,0.7407407407407407)"/>
    <targetAnchor xmi:type="notation:IdentityAnchor" xmi:id="_h8NSoWAUEey2WIUvgRTs1Q" id="(1.0,0.39603960396039606)"/>
  </edges>
  <edges xmi:type="notation:Connector" xmi:id="_zYNPcGAUEey2WIUvgRTs1Q" type="Association_Edge" source="_GQ2YIGAPEey2WIUvgRTs1Q" target="_cZBo0GASEey2WIUvgRTs1Q">
    <children xmi:type="notation:DecorationNode" xmi:id="_zYNPc2AUEey2WIUvgRTs1Q" type="Association_StereotypeLabel">
      <layoutConstraint xmi:type="notation:Location" xmi:id="_zYNPdGAUEey2WIUvgRTs1Q" y="-20"/>
    </children>
    <children xmi:type="notation:DecorationNode" xmi:id="_zYNPdWAUEey2WIUvgRTs1Q" type="Association_NameLabel">
      <layoutConstraint xmi:type="notation:Location" xmi:id="_zYNPdmAUEey2WIUvgRTs1Q" y="20"/>
    </children>
    <children xmi:type="notation:DecorationNode" xmi:id="_zYNPd2AUEey2WIUvgRTs1Q" type="Association_TargetRoleLabel">
      <layoutConstraint xmi:type="notation:Location" xmi:id="_zYNPeGAUEey2WIUvgRTs1Q" y="-20"/>
    </children>
    <children xmi:type="notation:DecorationNode" xmi:id="_zYNPeWAUEey2WIUvgRTs1Q" type="Association_SourceRoleLabel">
      <layoutConstraint xmi:type="notation:Location" xmi:id="_zYNPemAUEey2WIUvgRTs1Q" y="20"/>
    </children>
    <children xmi:type="notation:DecorationNode" xmi:id="_zYNPe2AUEey2WIUvgRTs1Q" type="Association_SourceMultiplicityLabel">
      <layoutConstraint xmi:type="notation:Location" xmi:id="_zYNPfGAUEey2WIUvgRTs1Q" y="20"/>
    </children>
    <children xmi:type="notation:DecorationNode" xmi:id="_zYNPfWAUEey2WIUvgRTs1Q" type="Association_TargetMultiplicityLabel">
      <layoutConstraint xmi:type="notation:Location" xmi:id="_zYNPfmAUEey2WIUvgRTs1Q" y="-20"/>
    </children>
    <styles xmi:type="notation:FontStyle" xmi:id="_zYNPcWAUEey2WIUvgRTs1Q"/>
    <element xmi:type="uml:Association" href="class.uml#_zX008GAUEey2WIUvgRTs1Q"/>
    <bendpoints xmi:type="notation:RelativeBendpoints" xmi:id="_zYNPcmAUEey2WIUvgRTs1Q" points="[420, 320, -643984, -643984]$[281, 320, -643984, -643984]"/>
    <sourceAnchor xmi:type="notation:IdentityAnchor" xmi:id="_zYuM0GAUEey2WIUvgRTs1Q" id="(0.0,0.8298755186721992)"/>
    <targetAnchor xmi:type="notation:IdentityAnchor" xmi:id="_zYuM0WAUEey2WIUvgRTs1Q" id="(1.0,0.425531914893617)"/>
  </edges>
  <edges xmi:type="notation:Connector" xmi:id="_96EEoGAUEey2WIUvgRTs1Q" type="Association_Edge" source="_m0FH4GAREey2WIUvgRTs1Q" target="_cZBo0GASEey2WIUvgRTs1Q">
    <children xmi:type="notation:DecorationNode" xmi:id="_96ErsGAUEey2WIUvgRTs1Q" type="Association_StereotypeLabel">
      <styles xmi:type="notation:BooleanValueStyle" xmi:id="__pCu8GAUEey2WIUvgRTs1Q" name="IS_UPDATED_POSITION" booleanValue="true"/>
      <layoutConstraint xmi:type="notation:Location" xmi:id="_96ErsWAUEey2WIUvgRTs1Q" y="-19"/>
    </children>
    <children xmi:type="notation:DecorationNode" xmi:id="_96ErsmAUEey2WIUvgRTs1Q" type="Association_NameLabel">
      <styles xmi:type="notation:BooleanValueStyle" xmi:id="__pQKUGAUEey2WIUvgRTs1Q" name="IS_UPDATED_POSITION" booleanValue="true"/>
      <layoutConstraint xmi:type="notation:Location" xmi:id="_96Ers2AUEey2WIUvgRTs1Q" x="-1" y="18"/>
    </children>
    <children xmi:type="notation:DecorationNode" xmi:id="_96ErtGAUEey2WIUvgRTs1Q" type="Association_TargetRoleLabel">
      <styles xmi:type="notation:BooleanValueStyle" xmi:id="__pdlsGAUEey2WIUvgRTs1Q" name="IS_UPDATED_POSITION" booleanValue="true"/>
      <layoutConstraint xmi:type="notation:Location" xmi:id="_96ErtWAUEey2WIUvgRTs1Q" x="39" y="-18"/>
    </children>
    <children xmi:type="notation:DecorationNode" xmi:id="_96ErtmAUEey2WIUvgRTs1Q" type="Association_SourceRoleLabel">
      <styles xmi:type="notation:BooleanValueStyle" xmi:id="__proIGAUEey2WIUvgRTs1Q" name="IS_UPDATED_POSITION" booleanValue="true"/>
      <layoutConstraint xmi:type="notation:Location" xmi:id="_96Ert2AUEey2WIUvgRTs1Q" x="-40" y="17"/>
    </children>
    <children xmi:type="notation:DecorationNode" xmi:id="_96EruGAUEey2WIUvgRTs1Q" type="Association_SourceMultiplicityLabel">
      <styles xmi:type="notation:BooleanValueStyle" xmi:id="__p5DgGAUEey2WIUvgRTs1Q" name="IS_UPDATED_POSITION" booleanValue="true"/>
      <layoutConstraint xmi:type="notation:Location" xmi:id="_96EruWAUEey2WIUvgRTs1Q" x="40" y="19"/>
    </children>
    <children xmi:type="notation:DecorationNode" xmi:id="_96ErumAUEey2WIUvgRTs1Q" type="Association_TargetMultiplicityLabel">
      <styles xmi:type="notation:BooleanValueStyle" xmi:id="__qHF8GAUEey2WIUvgRTs1Q" name="IS_UPDATED_POSITION" booleanValue="true"/>
      <layoutConstraint xmi:type="notation:Location" xmi:id="_96Eru2AUEey2WIUvgRTs1Q" x="-41" y="-19"/>
    </children>
    <styles xmi:type="notation:FontStyle" xmi:id="_96EEoWAUEey2WIUvgRTs1Q"/>
    <element xmi:type="uml:Association" href="class.uml#_95zl8GAUEey2WIUvgRTs1Q"/>
    <bendpoints xmi:type="notation:RelativeBendpoints" xmi:id="_96EEomAUEey2WIUvgRTs1Q" points="[420, 520, -643984, -643984]$[200, 520, -643984, -643984]$[200, 401, -643984, -643984]"/>
    <sourceAnchor xmi:type="notation:IdentityAnchor" xmi:id="_96lpEGAUEey2WIUvgRTs1Q" id="(0.0,0.7092198581560284)"/>
    <targetAnchor xmi:type="notation:IdentityAnchor" xmi:id="_96lpEWAUEey2WIUvgRTs1Q" id="(0.6896551724137931,1.0)"/>
  </edges>
  <edges xmi:type="notation:Connector" xmi:id="_ehu6YGAVEey2WIUvgRTs1Q" type="Association_Edge" source="_m0FH4GAREey2WIUvgRTs1Q" target="_18Zx4GAREey2WIUvgRTs1Q">
    <children xmi:type="notation:DecorationNode" xmi:id="_ehu6Y2AVEey2WIUvgRTs1Q" type="Association_StereotypeLabel">
      <layoutConstraint xmi:type="notation:Location" xmi:id="_ehu6ZGAVEey2WIUvgRTs1Q" y="-20"/>
    </children>
    <children xmi:type="notation:DecorationNode" xmi:id="_ehu6ZWAVEey2WIUvgRTs1Q" type="Association_NameLabel">
      <layoutConstraint xmi:type="notation:Location" xmi:id="_ehu6ZmAVEey2WIUvgRTs1Q" y="20"/>
    </children>
    <children xmi:type="notation:DecorationNode" xmi:id="_ehu6Z2AVEey2WIUvgRTs1Q" type="Association_TargetRoleLabel">
      <layoutConstraint xmi:type="notation:Location" xmi:id="_ehu6aGAVEey2WIUvgRTs1Q" y="-20"/>
    </children>
    <children xmi:type="notation:DecorationNode" xmi:id="_ehu6aWAVEey2WIUvgRTs1Q" type="Association_SourceRoleLabel">
      <layoutConstraint xmi:type="notation:Location" xmi:id="_ehu6amAVEey2WIUvgRTs1Q" y="20"/>
    </children>
    <children xmi:type="notation:DecorationNode" xmi:id="_ehu6a2AVEey2WIUvgRTs1Q" type="Association_SourceMultiplicityLabel">
      <layoutConstraint xmi:type="notation:Location" xmi:id="_ehu6bGAVEey2WIUvgRTs1Q" y="20"/>
    </children>
    <children xmi:type="notation:DecorationNode" xmi:id="_ehu6bWAVEey2WIUvgRTs1Q" type="Association_TargetMultiplicityLabel">
      <layoutConstraint xmi:type="notation:Location" xmi:id="_ehu6bmAVEey2WIUvgRTs1Q" y="-20"/>
    </children>
    <styles xmi:type="notation:FontStyle" xmi:id="_ehu6YWAVEey2WIUvgRTs1Q"/>
    <element xmi:type="uml:Association" href="class.uml#_ehMu4GAVEey2WIUvgRTs1Q"/>
    <bendpoints xmi:type="notation:RelativeBendpoints" xmi:id="_ehu6YmAVEey2WIUvgRTs1Q" points="[480, 561, -643984, -643984]$[480, 620, -643984, -643984]"/>
    <sourceAnchor xmi:type="notation:IdentityAnchor" xmi:id="_eiOpoGAVEey2WIUvgRTs1Q" id="(0.37267080745341613,1.0)"/>
    <targetAnchor xmi:type="notation:IdentityAnchor" xmi:id="_eiOpoWAVEey2WIUvgRTs1Q" id="(0.29850746268656714,0.0)"/>
  </edges>
  <edges xmi:type="notation:Connector" xmi:id="_pJMoUGAVEey2WIUvgRTs1Q" type="Association_Edge" source="_GaYKwGATEey2WIUvgRTs1Q" target="_xZ16wGATEey2WIUvgRTs1Q">
    <children xmi:type="notation:DecorationNode" xmi:id="_pJMoU2AVEey2WIUvgRTs1Q" type="Association_StereotypeLabel">
      <styles xmi:type="notation:BooleanValueStyle" xmi:id="_9FQHEGAVEey2WIUvgRTs1Q" name="IS_UPDATED_POSITION" booleanValue="true"/>
      <layoutConstraint xmi:type="notation:Location" xmi:id="_pJMoVGAVEey2WIUvgRTs1Q" y="-20"/>
    </children>
    <children xmi:type="notation:DecorationNode" xmi:id="_pJMoVWAVEey2WIUvgRTs1Q" type="Association_NameLabel">
      <styles xmi:type="notation:BooleanValueStyle" xmi:id="_9FdicGAVEey2WIUvgRTs1Q" name="IS_UPDATED_POSITION" booleanValue="true"/>
      <layoutConstraint xmi:type="notation:Location" xmi:id="_pJMoVmAVEey2WIUvgRTs1Q" y="20"/>
    </children>
    <children xmi:type="notation:DecorationNode" xmi:id="_pJMoV2AVEey2WIUvgRTs1Q" type="Association_TargetRoleLabel">
      <styles xmi:type="notation:BooleanValueStyle" xmi:id="_9Frk4GAVEey2WIUvgRTs1Q" name="IS_UPDATED_POSITION" booleanValue="true"/>
      <layoutConstraint xmi:type="notation:Location" xmi:id="_pJMoWGAVEey2WIUvgRTs1Q" x="8" y="-20"/>
    </children>
    <children xmi:type="notation:DecorationNode" xmi:id="_pJMoWWAVEey2WIUvgRTs1Q" type="Association_SourceRoleLabel">
      <styles xmi:type="notation:BooleanValueStyle" xmi:id="_9F6OYGAVEey2WIUvgRTs1Q" name="IS_UPDATED_POSITION" booleanValue="true"/>
      <layoutConstraint xmi:type="notation:Location" xmi:id="_pJMoWmAVEey2WIUvgRTs1Q" x="-9" y="20"/>
    </children>
    <children xmi:type="notation:DecorationNode" xmi:id="_pJMoW2AVEey2WIUvgRTs1Q" type="Association_SourceMultiplicityLabel">
      <styles xmi:type="notation:BooleanValueStyle" xmi:id="_9GIQ0GAVEey2WIUvgRTs1Q" name="IS_UPDATED_POSITION" booleanValue="true"/>
      <layoutConstraint xmi:type="notation:Location" xmi:id="_pJMoXGAVEey2WIUvgRTs1Q" x="8" y="20"/>
    </children>
    <children xmi:type="notation:DecorationNode" xmi:id="_pJMoXWAVEey2WIUvgRTs1Q" type="Association_TargetMultiplicityLabel">
      <styles xmi:type="notation:BooleanValueStyle" xmi:id="_9GVFIGAVEey2WIUvgRTs1Q" name="IS_UPDATED_POSITION" booleanValue="true"/>
      <layoutConstraint xmi:type="notation:Location" xmi:id="_pJMoXmAVEey2WIUvgRTs1Q" x="-9" y="-20"/>
    </children>
    <styles xmi:type="notation:FontStyle" xmi:id="_pJMoUWAVEey2WIUvgRTs1Q"/>
    <element xmi:type="uml:Association" href="class.uml#_pIrD4GAVEey2WIUvgRTs1Q"/>
    <bendpoints xmi:type="notation:RelativeBendpoints" xmi:id="_pJMoUmAVEey2WIUvgRTs1Q" points="[780, 301, -643984, -643984]$[780, 360, -643984, -643984]"/>
    <sourceAnchor xmi:type="notation:IdentityAnchor" xmi:id="_pJuz0GAVEey2WIUvgRTs1Q" id="(0.1532567049808429,1.0)"/>
    <targetAnchor xmi:type="notation:IdentityAnchor" xmi:id="_pJva4GAVEey2WIUvgRTs1Q" id="(0.38461538461538464,0.0)"/>
  </edges>
  <edges xmi:type="notation:Connector" xmi:id="_qaYjYGAVEey2WIUvgRTs1Q" type="Association_Edge" source="_GaYKwGATEey2WIUvgRTs1Q" target="_xCMPwGATEey2WIUvgRTs1Q">
    <children xmi:type="notation:DecorationNode" xmi:id="_qaZKcGAVEey2WIUvgRTs1Q" type="Association_StereotypeLabel">
      <styles xmi:type="notation:BooleanValueStyle" xmi:id="_6LMJsGAVEey2WIUvgRTs1Q" name="IS_UPDATED_POSITION" booleanValue="true"/>
      <layoutConstraint xmi:type="notation:Location" xmi:id="_qaZKcWAVEey2WIUvgRTs1Q" x="-1" y="-19"/>
    </children>
    <children xmi:type="notation:DecorationNode" xmi:id="_qaZKcmAVEey2WIUvgRTs1Q" type="Association_NameLabel">
      <styles xmi:type="notation:BooleanValueStyle" xmi:id="_6LZlEGAVEey2WIUvgRTs1Q" name="IS_UPDATED_POSITION" booleanValue="true"/>
      <layoutConstraint xmi:type="notation:Location" xmi:id="_qaZKc2AVEey2WIUvgRTs1Q" x="1" y="18"/>
    </children>
    <children xmi:type="notation:DecorationNode" xmi:id="_qaZKdGAVEey2WIUvgRTs1Q" type="Association_TargetRoleLabel">
      <styles xmi:type="notation:BooleanValueStyle" xmi:id="_6LnngGAVEey2WIUvgRTs1Q" name="IS_UPDATED_POSITION" booleanValue="true"/>
      <layoutConstraint xmi:type="notation:Location" xmi:id="_qaZKdWAVEey2WIUvgRTs1Q" x="14" y="-19"/>
    </children>
    <children xmi:type="notation:DecorationNode" xmi:id="_qaZKdmAVEey2WIUvgRTs1Q" type="Association_SourceRoleLabel">
      <styles xmi:type="notation:BooleanValueStyle" xmi:id="_6L0b0GAVEey2WIUvgRTs1Q" name="IS_UPDATED_POSITION" booleanValue="true"/>
      <layoutConstraint xmi:type="notation:Location" xmi:id="_qaZKd2AVEey2WIUvgRTs1Q" x="-15" y="18"/>
    </children>
    <children xmi:type="notation:DecorationNode" xmi:id="_qaZKeGAVEey2WIUvgRTs1Q" type="Association_SourceMultiplicityLabel">
      <styles xmi:type="notation:BooleanValueStyle" xmi:id="_6MBQIGAVEey2WIUvgRTs1Q" name="IS_UPDATED_POSITION" booleanValue="true"/>
      <layoutConstraint xmi:type="notation:Location" xmi:id="_qaZKeWAVEey2WIUvgRTs1Q" x="16" y="18"/>
    </children>
    <children xmi:type="notation:DecorationNode" xmi:id="_qaZKemAVEey2WIUvgRTs1Q" type="Association_TargetMultiplicityLabel">
      <styles xmi:type="notation:BooleanValueStyle" xmi:id="_6MPSkGAVEey2WIUvgRTs1Q" name="IS_UPDATED_POSITION" booleanValue="true"/>
      <layoutConstraint xmi:type="notation:Location" xmi:id="_qaZKe2AVEey2WIUvgRTs1Q" x="-17" y="-18"/>
    </children>
    <styles xmi:type="notation:FontStyle" xmi:id="_qaYjYWAVEey2WIUvgRTs1Q"/>
    <element xmi:type="uml:Association" href="class.uml#_qZxfYGAVEey2WIUvgRTs1Q"/>
    <bendpoints xmi:type="notation:RelativeBendpoints" xmi:id="_qaYjYmAVEey2WIUvgRTs1Q" points="[960, 301, -643984, -643984]$[980, 400, -643984, -643984]"/>
    <sourceAnchor xmi:type="notation:IdentityAnchor" xmi:id="_qbCDoGAVEey2WIUvgRTs1Q" id="(0.842911877394636,1.0)"/>
    <targetAnchor xmi:type="notation:IdentityAnchor" xmi:id="_qbCDoWAVEey2WIUvgRTs1Q" id="(0.2484472049689441,0.0)"/>
  </edges>
  <edges xmi:type="notation:Connector" xmi:id="_JEdrEGAWEey2WIUvgRTs1Q" type="Association_Edge" source="_GQ2YIGAPEey2WIUvgRTs1Q" target="_GaYKwGATEey2WIUvgRTs1Q">
    <children xmi:type="notation:DecorationNode" xmi:id="_JEeSIGAWEey2WIUvgRTs1Q" type="Association_StereotypeLabel">
      <layoutConstraint xmi:type="notation:Location" xmi:id="_JEeSIWAWEey2WIUvgRTs1Q" y="-20"/>
    </children>
    <children xmi:type="notation:DecorationNode" xmi:id="_JEeSImAWEey2WIUvgRTs1Q" type="Association_NameLabel">
      <layoutConstraint xmi:type="notation:Location" xmi:id="_JEeSI2AWEey2WIUvgRTs1Q" y="20"/>
    </children>
    <children xmi:type="notation:DecorationNode" xmi:id="_JEeSJGAWEey2WIUvgRTs1Q" type="Association_TargetRoleLabel">
      <layoutConstraint xmi:type="notation:Location" xmi:id="_JEeSJWAWEey2WIUvgRTs1Q" y="-20"/>
    </children>
    <children xmi:type="notation:DecorationNode" xmi:id="_JEeSJmAWEey2WIUvgRTs1Q" type="Association_SourceRoleLabel">
      <layoutConstraint xmi:type="notation:Location" xmi:id="_JEeSJ2AWEey2WIUvgRTs1Q" y="20"/>
    </children>
    <children xmi:type="notation:DecorationNode" xmi:id="_JEeSKGAWEey2WIUvgRTs1Q" type="Association_SourceMultiplicityLabel">
      <layoutConstraint xmi:type="notation:Location" xmi:id="_JEeSKWAWEey2WIUvgRTs1Q" y="20"/>
    </children>
    <children xmi:type="notation:DecorationNode" xmi:id="_JEeSKmAWEey2WIUvgRTs1Q" type="Association_TargetMultiplicityLabel">
      <layoutConstraint xmi:type="notation:Location" xmi:id="_JEeSK2AWEey2WIUvgRTs1Q" y="-20"/>
    </children>
    <styles xmi:type="notation:FontStyle" xmi:id="_JEdrEWAWEey2WIUvgRTs1Q"/>
    <element xmi:type="uml:Association" href="class.uml#_JEMlUGAWEey2WIUvgRTs1Q"/>
    <bendpoints xmi:type="notation:RelativeBendpoints" xmi:id="_JEdrEmAWEey2WIUvgRTs1Q" points="[621, 260, -643984, -643984]$[740, 260, -643984, -643984]"/>
    <sourceAnchor xmi:type="notation:IdentityAnchor" xmi:id="_JFBrwGAWEey2WIUvgRTs1Q" id="(1.0,0.5809128630705395)"/>
    <targetAnchor xmi:type="notation:IdentityAnchor" xmi:id="_JFCS0GAWEey2WIUvgRTs1Q" id="(0.0,0.7092198581560284)"/>
  </edges>
</notation:Diagram>
