<?xml version="1.0" encoding="UTF-8"?>
<notation:Diagram xmi:version="2.0" xmlns:xmi="http://www.omg.org/XMI" xmlns:notation="http://www.eclipse.org/gmf/runtime/1.0.3/notation" xmlns:style="http://www.eclipse.org/papyrus/infra/gmfdiag/style" xmlns:uml="http://www.eclipse.org/uml2/5.0.0/UML" xmi:id="_e-znoF-3EeyQW63vjzyf6w" type="PapyrusUMLActivityDiagram" name="Activity Diagram" measurementUnit="Pixel">
  <children xmi:type="notation:Shape" xmi:id="_e-znoV-3EeyQW63vjzyf6w" type="Activity_Shape">
    <children xmi:type="notation:DecorationNode" xmi:id="_e-znol-3EeyQW63vjzyf6w" type="Activity_NameLabel"/>
    <children xmi:type="notation:DecorationNode" xmi:id="_e-zno1-3EeyQW63vjzyf6w" type="Activity_KeywordLabel"/>
    <children xmi:type="notation:BasicCompartment" xmi:id="_e-znpF-3EeyQW63vjzyf6w" type="Activity_ParameterCompartment">
      <styles xmi:type="notation:SortingStyle" xmi:id="_e-znpV-3EeyQW63vjzyf6w"/>
      <styles xmi:type="notation:FilteringStyle" xmi:id="_e-znpl-3EeyQW63vjzyf6w"/>
      <layoutConstraint xmi:type="notation:Bounds" xmi:id="_e-znp1-3EeyQW63vjzyf6w"/>
    </children>
    <children xmi:type="notation:BasicCompartment" xmi:id="_e-znqF-3EeyQW63vjzyf6w" type="Activity_PreconditionCompartment">
      <styles xmi:type="notation:SortingStyle" xmi:id="_e-znqV-3EeyQW63vjzyf6w"/>
      <styles xmi:type="notation:FilteringStyle" xmi:id="_e-znql-3EeyQW63vjzyf6w"/>
      <layoutConstraint xmi:type="notation:Bounds" xmi:id="_e-znq1-3EeyQW63vjzyf6w"/>
    </children>
    <children xmi:type="notation:BasicCompartment" xmi:id="_e-znrF-3EeyQW63vjzyf6w" type="Activity_PostconditionCompartment">
      <styles xmi:type="notation:SortingStyle" xmi:id="_e-znrV-3EeyQW63vjzyf6w"/>
      <styles xmi:type="notation:FilteringStyle" xmi:id="_e-znrl-3EeyQW63vjzyf6w"/>
      <layoutConstraint xmi:type="notation:Bounds" xmi:id="_e-znr1-3EeyQW63vjzyf6w"/>
    </children>
    <children xmi:type="notation:BasicCompartment" xmi:id="_e-znsF-3EeyQW63vjzyf6w" type="Activity_ActivityNodeCompartment">
      <children xmi:type="notation:Shape" xmi:id="_pdcwwF-3EeyQW63vjzyf6w" type="InitialNode_Shape">
        <children xmi:type="notation:DecorationNode" xmi:id="_pddX0F-3EeyQW63vjzyf6w" type="InitialNode_FloatingNameLabel">
          <layoutConstraint xmi:type="notation:Location" xmi:id="_pddX0V-3EeyQW63vjzyf6w" y="15"/>
        </children>
        <children xmi:type="notation:DecorationNode" xmi:id="_pddX0l-3EeyQW63vjzyf6w" type="InitialNode_StereotypeLabel">
          <layoutConstraint xmi:type="notation:Location" xmi:id="_pddX01-3EeyQW63vjzyf6w" y="15"/>
        </children>
        <element xmi:type="uml:InitialNode" href="USER_activity_diagram.uml#_pdZGYF-3EeyQW63vjzyf6w"/>
        <layoutConstraint xmi:type="notation:Bounds" xmi:id="_pdcwwV-3EeyQW63vjzyf6w" x="391" y="4"/>
      </children>
      <children xmi:type="notation:Shape" xmi:id="_uHCyEF-3EeyQW63vjzyf6w" type="OpaqueAction_Shape">
        <children xmi:type="notation:DecorationNode" xmi:id="_uHDZIF-3EeyQW63vjzyf6w" type="OpaqueAction_NameLabel"/>
        <children xmi:type="notation:DecorationNode" xmi:id="_uHDZIV-3EeyQW63vjzyf6w" type="OpaqueAction_FloatingNameLabel">
          <layoutConstraint xmi:type="notation:Location" xmi:id="_uHDZIl-3EeyQW63vjzyf6w" y="15"/>
        </children>
        <element xmi:type="uml:OpaqueAction" href="USER_activity_diagram.uml#_uG-goF-3EeyQW63vjzyf6w"/>
        <layoutConstraint xmi:type="notation:Bounds" xmi:id="_uHDZI1-3EeyQW63vjzyf6w" x="355" y="68"/>
      </children>
      <children xmi:type="notation:Shape" xmi:id="_xNMqsF-3EeyQW63vjzyf6w" type="OpaqueAction_Shape">
        <children xmi:type="notation:DecorationNode" xmi:id="_xNMqsl-3EeyQW63vjzyf6w" type="OpaqueAction_NameLabel"/>
        <children xmi:type="notation:DecorationNode" xmi:id="_xNMqs1-3EeyQW63vjzyf6w" type="OpaqueAction_FloatingNameLabel">
          <layoutConstraint xmi:type="notation:Location" xmi:id="_xNMqtF-3EeyQW63vjzyf6w" y="15"/>
        </children>
        <element xmi:type="uml:OpaqueAction" href="USER_activity_diagram.uml#_xNHyMF-3EeyQW63vjzyf6w"/>
        <layoutConstraint xmi:type="notation:Bounds" xmi:id="_xNMqtV-3EeyQW63vjzyf6w" x="355" y="168"/>
      </children>
      <children xmi:type="notation:Shape" xmi:id="_yJ8m0F-3EeyQW63vjzyf6w" type="OpaqueAction_Shape">
        <children xmi:type="notation:DecorationNode" xmi:id="_yJ9N4F-3EeyQW63vjzyf6w" type="OpaqueAction_NameLabel"/>
        <children xmi:type="notation:DecorationNode" xmi:id="_yJ908F-3EeyQW63vjzyf6w" type="OpaqueAction_FloatingNameLabel">
          <layoutConstraint xmi:type="notation:Location" xmi:id="_yJ908V-3EeyQW63vjzyf6w" y="15"/>
        </children>
        <element xmi:type="uml:OpaqueAction" href="USER_activity_diagram.uml#_yJ0D8F-3EeyQW63vjzyf6w"/>
        <layoutConstraint xmi:type="notation:Bounds" xmi:id="_yJ908l-3EeyQW63vjzyf6w" x="135" y="688"/>
      </children>
      <children xmi:type="notation:Shape" xmi:id="_yM9ekF-3EeyQW63vjzyf6w" type="OpaqueAction_Shape">
        <children xmi:type="notation:DecorationNode" xmi:id="_yM-FoF-3EeyQW63vjzyf6w" type="OpaqueAction_NameLabel"/>
        <children xmi:type="notation:DecorationNode" xmi:id="_yM-ssF-3EeyQW63vjzyf6w" type="OpaqueAction_FloatingNameLabel">
          <layoutConstraint xmi:type="notation:Location" xmi:id="_yM-ssV-3EeyQW63vjzyf6w" y="15"/>
        </children>
        <element xmi:type="uml:OpaqueAction" href="USER_activity_diagram.uml#_yM2J0F-3EeyQW63vjzyf6w"/>
        <layoutConstraint xmi:type="notation:Bounds" xmi:id="_yM-ssl-3EeyQW63vjzyf6w" x="15" y="688"/>
      </children>
      <children xmi:type="notation:Shape" xmi:id="_yPDwUF-3EeyQW63vjzyf6w" type="OpaqueAction_Shape">
        <children xmi:type="notation:DecorationNode" xmi:id="_yPEXYF-3EeyQW63vjzyf6w" type="OpaqueAction_NameLabel"/>
        <children xmi:type="notation:DecorationNode" xmi:id="_yPEXYV-3EeyQW63vjzyf6w" type="OpaqueAction_FloatingNameLabel">
          <layoutConstraint xmi:type="notation:Location" xmi:id="_yPEXYl-3EeyQW63vjzyf6w" y="15"/>
        </children>
        <element xmi:type="uml:OpaqueAction" href="USER_activity_diagram.uml#_yO8bkF-3EeyQW63vjzyf6w"/>
        <layoutConstraint xmi:type="notation:Bounds" xmi:id="_yPEXY1-3EeyQW63vjzyf6w" x="75" y="568"/>
      </children>
      <children xmi:type="notation:Shape" xmi:id="_yQ2gEF-3EeyQW63vjzyf6w" type="OpaqueAction_Shape">
        <children xmi:type="notation:DecorationNode" xmi:id="_yQ2gEl-3EeyQW63vjzyf6w" type="OpaqueAction_NameLabel"/>
        <children xmi:type="notation:DecorationNode" xmi:id="_yQ2gE1-3EeyQW63vjzyf6w" type="OpaqueAction_FloatingNameLabel">
          <layoutConstraint xmi:type="notation:Location" xmi:id="_yQ2gFF-3EeyQW63vjzyf6w" y="15"/>
        </children>
        <element xmi:type="uml:OpaqueAction" href="USER_activity_diagram.uml#_yQy1sF-3EeyQW63vjzyf6w"/>
        <layoutConstraint xmi:type="notation:Bounds" xmi:id="_yQ2gFV-3EeyQW63vjzyf6w" x="615" y="468"/>
      </children>
      <children xmi:type="notation:Shape" xmi:id="_ySoBsF-3EeyQW63vjzyf6w" type="OpaqueAction_Shape">
        <children xmi:type="notation:DecorationNode" xmi:id="_ySoowF-3EeyQW63vjzyf6w" type="OpaqueAction_NameLabel"/>
        <children xmi:type="notation:DecorationNode" xmi:id="_ySoowV-3EeyQW63vjzyf6w" type="OpaqueAction_FloatingNameLabel">
          <layoutConstraint xmi:type="notation:Location" xmi:id="_ySoowl-3EeyQW63vjzyf6w" y="15"/>
        </children>
        <element xmi:type="uml:OpaqueAction" href="USER_activity_diagram.uml#_ySllcF-3EeyQW63vjzyf6w"/>
        <layoutConstraint xmi:type="notation:Bounds" xmi:id="_ySoow1-3EeyQW63vjzyf6w" x="335" y="468"/>
      </children>
      <children xmi:type="notation:Shape" xmi:id="_yUwvsF-3EeyQW63vjzyf6w" type="OpaqueAction_Shape">
        <children xmi:type="notation:DecorationNode" xmi:id="_yUxWwF-3EeyQW63vjzyf6w" type="OpaqueAction_NameLabel"/>
        <children xmi:type="notation:DecorationNode" xmi:id="_yUxWwV-3EeyQW63vjzyf6w" type="OpaqueAction_FloatingNameLabel">
          <layoutConstraint xmi:type="notation:Location" xmi:id="_yUxWwl-3EeyQW63vjzyf6w" y="15"/>
        </children>
        <element xmi:type="uml:OpaqueAction" href="USER_activity_diagram.uml#_yUqCAF-3EeyQW63vjzyf6w"/>
        <layoutConstraint xmi:type="notation:Bounds" xmi:id="_yUxWw1-3EeyQW63vjzyf6w" x="55" y="468"/>
      </children>
      <children xmi:type="notation:Shape" xmi:id="_Ct7WgF-4EeyQW63vjzyf6w" type="OpaqueAction_Shape">
        <children xmi:type="notation:DecorationNode" xmi:id="_Ct79kF-4EeyQW63vjzyf6w" type="OpaqueAction_NameLabel"/>
        <children xmi:type="notation:DecorationNode" xmi:id="_Ct8koF-4EeyQW63vjzyf6w" type="OpaqueAction_FloatingNameLabel">
          <layoutConstraint xmi:type="notation:Location" xmi:id="_Ct8koV-4EeyQW63vjzyf6w" y="15"/>
        </children>
        <element xmi:type="uml:OpaqueAction" href="USER_activity_diagram.uml#_CtvwUF-4EeyQW63vjzyf6w"/>
        <layoutConstraint xmi:type="notation:Bounds" xmi:id="_Ct8kol-4EeyQW63vjzyf6w" x="255" y="568"/>
      </children>
      <children xmi:type="notation:Shape" xmi:id="_C20z0F-4EeyQW63vjzyf6w" type="OpaqueAction_Shape">
        <children xmi:type="notation:DecorationNode" xmi:id="_C21a4F-4EeyQW63vjzyf6w" type="OpaqueAction_NameLabel"/>
        <children xmi:type="notation:DecorationNode" xmi:id="_C21a4V-4EeyQW63vjzyf6w" type="OpaqueAction_FloatingNameLabel">
          <layoutConstraint xmi:type="notation:Location" xmi:id="_C21a4l-4EeyQW63vjzyf6w" y="15"/>
        </children>
        <element xmi:type="uml:OpaqueAction" href="USER_activity_diagram.uml#_C2s4AF-4EeyQW63vjzyf6w"/>
        <layoutConstraint xmi:type="notation:Bounds" xmi:id="_C22B8F-4EeyQW63vjzyf6w" x="135" y="808"/>
      </children>
      <children xmi:type="notation:Shape" xmi:id="_C88p8F-4EeyQW63vjzyf6w" type="OpaqueAction_Shape">
        <children xmi:type="notation:DecorationNode" xmi:id="_C89RAF-4EeyQW63vjzyf6w" type="OpaqueAction_NameLabel"/>
        <children xmi:type="notation:DecorationNode" xmi:id="_C89RAV-4EeyQW63vjzyf6w" type="OpaqueAction_FloatingNameLabel">
          <layoutConstraint xmi:type="notation:Location" xmi:id="_C894EF-4EeyQW63vjzyf6w" y="15"/>
        </children>
        <element xmi:type="uml:OpaqueAction" href="USER_activity_diagram.uml#_C80HEF-4EeyQW63vjzyf6w"/>
        <layoutConstraint xmi:type="notation:Bounds" xmi:id="_C894EV-4EeyQW63vjzyf6w" x="395" y="568"/>
      </children>
      <children xmi:type="notation:Shape" xmi:id="_IUk18F-4EeyQW63vjzyf6w" type="OpaqueAction_Shape">
        <children xmi:type="notation:DecorationNode" xmi:id="_IUldAF-4EeyQW63vjzyf6w" type="OpaqueAction_NameLabel"/>
        <children xmi:type="notation:DecorationNode" xmi:id="_IUldAV-4EeyQW63vjzyf6w" type="OpaqueAction_FloatingNameLabel">
          <layoutConstraint xmi:type="notation:Location" xmi:id="_IUldAl-4EeyQW63vjzyf6w" y="15"/>
        </children>
        <element xmi:type="uml:OpaqueAction" href="USER_activity_diagram.uml#_IUeIQF-4EeyQW63vjzyf6w"/>
        <layoutConstraint xmi:type="notation:Bounds" xmi:id="_IUmEEF-4EeyQW63vjzyf6w" x="555" y="568"/>
      </children>
      <children xmi:type="notation:Shape" xmi:id="_IaLHoF-4EeyQW63vjzyf6w" type="OpaqueAction_Shape">
        <children xmi:type="notation:DecorationNode" xmi:id="_IaLusF-4EeyQW63vjzyf6w" type="OpaqueAction_NameLabel"/>
        <children xmi:type="notation:DecorationNode" xmi:id="_IaLusV-4EeyQW63vjzyf6w" type="OpaqueAction_FloatingNameLabel">
          <layoutConstraint xmi:type="notation:Location" xmi:id="_IaMVwF-4EeyQW63vjzyf6w" y="15"/>
        </children>
        <element xmi:type="uml:OpaqueAction" href="USER_activity_diagram.uml#_IaDy4F-4EeyQW63vjzyf6w"/>
        <layoutConstraint xmi:type="notation:Bounds" xmi:id="_IaMVwV-4EeyQW63vjzyf6w" x="695" y="568"/>
      </children>
      <children xmi:type="notation:Shape" xmi:id="_J-Kp8F-4EeyQW63vjzyf6w" type="OpaqueAction_Shape">
        <children xmi:type="notation:DecorationNode" xmi:id="_J-LRAF-4EeyQW63vjzyf6w" type="OpaqueAction_NameLabel"/>
        <children xmi:type="notation:DecorationNode" xmi:id="_J-LRAV-4EeyQW63vjzyf6w" type="OpaqueAction_FloatingNameLabel">
          <layoutConstraint xmi:type="notation:Location" xmi:id="_J-LRAl-4EeyQW63vjzyf6w" y="15"/>
        </children>
        <element xmi:type="uml:OpaqueAction" href="USER_activity_diagram.uml#_J-CuIF-4EeyQW63vjzyf6w"/>
        <layoutConstraint xmi:type="notation:Bounds" xmi:id="_J-L4EF-4EeyQW63vjzyf6w" x="375" y="1028"/>
      </children>
      <children xmi:type="notation:Shape" xmi:id="_T_rLIF-4EeyQW63vjzyf6w" type="DecisionNode_Shape">
        <children xmi:type="notation:DecorationNode" xmi:id="_T_rLIl-4EeyQW63vjzyf6w" type="DecisionNode_FloatingNameLabel">
          <layoutConstraint xmi:type="notation:Location" xmi:id="_T_rLI1-4EeyQW63vjzyf6w" x="24" y="20"/>
        </children>
        <children xmi:type="notation:DecorationNode" xmi:id="_T_rLJF-4EeyQW63vjzyf6w" type="DecisionNode_DecisionInputLabel">
          <layoutConstraint xmi:type="notation:Location" xmi:id="_T_rLJV-4EeyQW63vjzyf6w" y="15"/>
        </children>
        <children xmi:type="notation:DecorationNode" xmi:id="_T_rLJl-4EeyQW63vjzyf6w" type="DecisionNode_StereotypeLabel">
          <layoutConstraint xmi:type="notation:Location" xmi:id="_T_rLJ1-4EeyQW63vjzyf6w" y="15"/>
        </children>
        <element xmi:type="uml:DecisionNode" href="USER_activity_diagram.uml#_T_bTgF-4EeyQW63vjzyf6w"/>
        <layoutConstraint xmi:type="notation:Bounds" xmi:id="_T_rLIV-4EeyQW63vjzyf6w" x="355" y="268" width="81" height="61"/>
      </children>
      <children xmi:type="notation:Shape" xmi:id="_ZruH8F-4EeyQW63vjzyf6w" type="ForkNode_Shape">
        <children xmi:type="notation:DecorationNode" xmi:id="_ZruH8l-4EeyQW63vjzyf6w" type="ForkNode_FloatingNameLabel">
          <layoutConstraint xmi:type="notation:Location" xmi:id="_ZruvAF-4EeyQW63vjzyf6w" y="15"/>
        </children>
        <children xmi:type="notation:DecorationNode" xmi:id="_ZruvAV-4EeyQW63vjzyf6w" type="ForkNode_StereotypeLabel">
          <layoutConstraint xmi:type="notation:Location" xmi:id="_ZruvAl-4EeyQW63vjzyf6w" y="15"/>
        </children>
        <element xmi:type="uml:ForkNode" href="USER_activity_diagram.uml#_ZrihwF-4EeyQW63vjzyf6w"/>
        <layoutConstraint xmi:type="notation:Bounds" xmi:id="_ZruH8V-4EeyQW63vjzyf6w" x="55" y="408" width="721" height="5"/>
      </children>
      <children xmi:type="notation:Shape" xmi:id="_Bc2TsF-5EeyQW63vjzyf6w" type="JoinNode_Shape">
        <children xmi:type="notation:DecorationNode" xmi:id="_Bc26wF-5EeyQW63vjzyf6w" type="JoinNode_FloatingNameLabel">
          <layoutConstraint xmi:type="notation:Location" xmi:id="_Bc26wV-5EeyQW63vjzyf6w" y="15"/>
        </children>
        <children xmi:type="notation:DecorationNode" xmi:id="_Bc26wl-5EeyQW63vjzyf6w" type="JoinNode_JoinSpecLabel">
          <layoutConstraint xmi:type="notation:Location" xmi:id="_Bc26w1-5EeyQW63vjzyf6w" y="15"/>
        </children>
        <children xmi:type="notation:DecorationNode" xmi:id="_Bc26xF-5EeyQW63vjzyf6w" type="JoinNode_StereotypeLabel">
          <layoutConstraint xmi:type="notation:Location" xmi:id="_Bc26xV-5EeyQW63vjzyf6w" y="15"/>
        </children>
        <element xmi:type="uml:JoinNode" href="USER_activity_diagram.uml#_Bco4UF-5EeyQW63vjzyf6w"/>
        <layoutConstraint xmi:type="notation:Bounds" xmi:id="_Bc2TsV-5EeyQW63vjzyf6w" x="55" y="928" width="701" height="5"/>
      </children>
      <children xmi:type="notation:Shape" xmi:id="_JU6cIF-5EeyQW63vjzyf6w" type="ActivityFinalNode_Shape">
        <children xmi:type="notation:DecorationNode" xmi:id="_JU6cIl-5EeyQW63vjzyf6w" type="ActivityFinalNode_FloatingNameLabel">
          <layoutConstraint xmi:type="notation:Location" xmi:id="_JU7DMF-5EeyQW63vjzyf6w" y="15"/>
        </children>
        <children xmi:type="notation:DecorationNode" xmi:id="_JU7DMV-5EeyQW63vjzyf6w" type="ActivityFinalNode_StereotypeLabel">
          <layoutConstraint xmi:type="notation:Location" xmi:id="_JU7DMl-5EeyQW63vjzyf6w" y="15"/>
        </children>
        <element xmi:type="uml:ActivityFinalNode" href="USER_activity_diagram.uml#_JUoIQF-5EeyQW63vjzyf6w"/>
        <layoutConstraint xmi:type="notation:Bounds" xmi:id="_JU6cIV-5EeyQW63vjzyf6w" x="395" y="1148"/>
      </children>
      <layoutConstraint xmi:type="notation:Bounds" xmi:id="_e-znsV-3EeyQW63vjzyf6w"/>
    </children>
    <element xmi:type="uml:Activity" href="USER_activity_diagram.uml#_e-yZgF-3EeyQW63vjzyf6w"/>
    <layoutConstraint xmi:type="notation:Bounds" xmi:id="_e-znsl-3EeyQW63vjzyf6w" height="1221"/>
  </children>
  <styles xmi:type="notation:StringValueStyle" xmi:id="_e-zns1-3EeyQW63vjzyf6w" name="diagram_compatibility_version" stringValue="1.4.0"/>
  <styles xmi:type="notation:DiagramStyle" xmi:id="_e-zntF-3EeyQW63vjzyf6w"/>
  <styles xmi:type="style:PapyrusDiagramStyle" xmi:id="_e-zntV-3EeyQW63vjzyf6w" diagramKindId="org.eclipse.papyrus.uml.diagram.activity">
    <owner xmi:type="uml:Model" href="USER_activity_diagram.uml#_e-Z_AF-3EeyQW63vjzyf6w"/>
  </styles>
  <element xmi:type="uml:Activity" href="USER_activity_diagram.uml#_e-yZgF-3EeyQW63vjzyf6w"/>
  <edges xmi:type="notation:Connector" xmi:id="_Lgzr8F-5EeyQW63vjzyf6w" type="ControlFlow_Edge" source="_J-Kp8F-4EeyQW63vjzyf6w" target="_JU6cIF-5EeyQW63vjzyf6w">
    <children xmi:type="notation:DecorationNode" xmi:id="_Lgzr81-5EeyQW63vjzyf6w" type="ControlFlow_NameLabel">
      <layoutConstraint xmi:type="notation:Location" xmi:id="_Lgzr9F-5EeyQW63vjzyf6w" y="20"/>
    </children>
    <children xmi:type="notation:DecorationNode" xmi:id="_Lgzr9V-5EeyQW63vjzyf6w" type="ControlFlow_WeightLabel">
      <layoutConstraint xmi:type="notation:Location" xmi:id="_Lgzr9l-5EeyQW63vjzyf6w" y="20"/>
    </children>
    <children xmi:type="notation:DecorationNode" xmi:id="_Lgzr91-5EeyQW63vjzyf6w" type="ControlFlow_GuardLabel">
      <layoutConstraint xmi:type="notation:Location" xmi:id="_Lgzr-F-5EeyQW63vjzyf6w" y="20"/>
    </children>
    <children xmi:type="notation:DecorationNode" xmi:id="_Lgzr-V-5EeyQW63vjzyf6w" type="ControlFlow_StereotypeLabel">
      <layoutConstraint xmi:type="notation:Location" xmi:id="_Lgzr-l-5EeyQW63vjzyf6w" y="-20"/>
    </children>
    <styles xmi:type="notation:FontStyle" xmi:id="_Lgzr8V-5EeyQW63vjzyf6w"/>
    <element xmi:type="uml:ControlFlow" href="USER_activity_diagram.uml#_LglCcF-5EeyQW63vjzyf6w"/>
    <bendpoints xmi:type="notation:RelativeBendpoints" xmi:id="_Lgzr8l-5EeyQW63vjzyf6w" points="[0, 827, 1, -58]$[-2, 917, -1, 32]"/>
    <sourceAnchor xmi:type="notation:IdentityAnchor" xmi:id="_Lo-wgF-5EeyQW63vjzyf6w" id="(0.45098039215686275,0.775)"/>
    <targetAnchor xmi:type="notation:IdentityAnchor" xmi:id="_Lo-wgV-5EeyQW63vjzyf6w" id="(0.35,0.5)"/>
  </edges>
  <edges xmi:type="notation:Connector" xmi:id="_MdgkwF-5EeyQW63vjzyf6w" type="ControlFlow_Edge" source="_Bc2TsF-5EeyQW63vjzyf6w" target="_J-Kp8F-4EeyQW63vjzyf6w">
    <children xmi:type="notation:DecorationNode" xmi:id="_Mdgkw1-5EeyQW63vjzyf6w" type="ControlFlow_NameLabel">
      <layoutConstraint xmi:type="notation:Location" xmi:id="_MdgkxF-5EeyQW63vjzyf6w" y="20"/>
    </children>
    <children xmi:type="notation:DecorationNode" xmi:id="_MdgkxV-5EeyQW63vjzyf6w" type="ControlFlow_WeightLabel">
      <layoutConstraint xmi:type="notation:Location" xmi:id="_Mdgkxl-5EeyQW63vjzyf6w" y="20"/>
    </children>
    <children xmi:type="notation:DecorationNode" xmi:id="_Mdgkx1-5EeyQW63vjzyf6w" type="ControlFlow_GuardLabel">
      <layoutConstraint xmi:type="notation:Location" xmi:id="_MdgkyF-5EeyQW63vjzyf6w" y="20"/>
    </children>
    <children xmi:type="notation:DecorationNode" xmi:id="_MdgkyV-5EeyQW63vjzyf6w" type="ControlFlow_StereotypeLabel">
      <layoutConstraint xmi:type="notation:Location" xmi:id="_Mdgkyl-5EeyQW63vjzyf6w" y="-20"/>
    </children>
    <styles xmi:type="notation:FontStyle" xmi:id="_MdgkwV-5EeyQW63vjzyf6w"/>
    <element xmi:type="uml:ControlFlow" href="USER_activity_diagram.uml#_MdA1gF-5EeyQW63vjzyf6w"/>
    <bendpoints xmi:type="notation:RelativeBendpoints" xmi:id="_Mdgkwl-5EeyQW63vjzyf6w" points="[420, 152, -643984, -643984]$[405, 242, -643984, -643984]"/>
    <sourceAnchor xmi:type="notation:IdentityAnchor" xmi:id="_MeSA0F-5EeyQW63vjzyf6w" id="(0.5135520684736091,1.0)"/>
    <targetAnchor xmi:type="notation:IdentityAnchor" xmi:id="_MeSn4F-5EeyQW63vjzyf6w" id="(0.49019607843137253,0.1)"/>
  </edges>
  <edges xmi:type="notation:Connector" xmi:id="_NtuPcF-5EeyQW63vjzyf6w" type="ControlFlow_Edge" source="_C20z0F-4EeyQW63vjzyf6w" target="_Bc2TsF-5EeyQW63vjzyf6w">
    <children xmi:type="notation:DecorationNode" xmi:id="_NtuPc1-5EeyQW63vjzyf6w" type="ControlFlow_NameLabel">
      <layoutConstraint xmi:type="notation:Location" xmi:id="_NtuPdF-5EeyQW63vjzyf6w" y="20"/>
    </children>
    <children xmi:type="notation:DecorationNode" xmi:id="_NtuPdV-5EeyQW63vjzyf6w" type="ControlFlow_WeightLabel">
      <layoutConstraint xmi:type="notation:Location" xmi:id="_Ntu2gF-5EeyQW63vjzyf6w" y="20"/>
    </children>
    <children xmi:type="notation:DecorationNode" xmi:id="_Ntu2gV-5EeyQW63vjzyf6w" type="ControlFlow_GuardLabel">
      <layoutConstraint xmi:type="notation:Location" xmi:id="_Ntu2gl-5EeyQW63vjzyf6w" y="20"/>
    </children>
    <children xmi:type="notation:DecorationNode" xmi:id="_Ntu2g1-5EeyQW63vjzyf6w" type="ControlFlow_StereotypeLabel">
      <layoutConstraint xmi:type="notation:Location" xmi:id="_Ntu2hF-5EeyQW63vjzyf6w" y="-20"/>
    </children>
    <styles xmi:type="notation:FontStyle" xmi:id="_NtuPcV-5EeyQW63vjzyf6w"/>
    <element xmi:type="uml:ControlFlow" href="USER_activity_diagram.uml#_NtZfUF-5EeyQW63vjzyf6w"/>
    <bendpoints xmi:type="notation:RelativeBendpoints" xmi:id="_NtuPcl-5EeyQW63vjzyf6w" points="[-4, 697, 4, -49]$[-3, 777, 5, 31]"/>
    <sourceAnchor xmi:type="notation:IdentityAnchor" xmi:id="_NuazAF-5EeyQW63vjzyf6w" id="(0.43333333333333335,0.925)"/>
    <targetAnchor xmi:type="notation:IdentityAnchor" xmi:id="_NuazAV-5EeyQW63vjzyf6w" id="(0.17118402282453637,0.1)"/>
  </edges>
  <edges xmi:type="notation:Connector" xmi:id="_OizdUF-5EeyQW63vjzyf6w" type="ControlFlow_Edge" source="_yJ8m0F-3EeyQW63vjzyf6w" target="_C20z0F-4EeyQW63vjzyf6w">
    <children xmi:type="notation:DecorationNode" xmi:id="_Oi0EYF-5EeyQW63vjzyf6w" type="ControlFlow_NameLabel">
      <layoutConstraint xmi:type="notation:Location" xmi:id="_Oi0EYV-5EeyQW63vjzyf6w" y="20"/>
    </children>
    <children xmi:type="notation:DecorationNode" xmi:id="_Oi0EYl-5EeyQW63vjzyf6w" type="ControlFlow_WeightLabel">
      <layoutConstraint xmi:type="notation:Location" xmi:id="_Oi0EY1-5EeyQW63vjzyf6w" y="20"/>
    </children>
    <children xmi:type="notation:DecorationNode" xmi:id="_Oi0EZF-5EeyQW63vjzyf6w" type="ControlFlow_GuardLabel">
      <layoutConstraint xmi:type="notation:Location" xmi:id="_Oi0EZV-5EeyQW63vjzyf6w" y="20"/>
    </children>
    <children xmi:type="notation:DecorationNode" xmi:id="_Oi0EZl-5EeyQW63vjzyf6w" type="ControlFlow_StereotypeLabel">
      <layoutConstraint xmi:type="notation:Location" xmi:id="_Oi0EZ1-5EeyQW63vjzyf6w" y="-20"/>
    </children>
    <styles xmi:type="notation:FontStyle" xmi:id="_OizdUV-5EeyQW63vjzyf6w"/>
    <element xmi:type="uml:ControlFlow" href="USER_activity_diagram.uml#_OietMF-5EeyQW63vjzyf6w"/>
    <bendpoints xmi:type="notation:RelativeBendpoints" xmi:id="_OizdUl-5EeyQW63vjzyf6w" points="[0, 8, -4, -85]$[4, 88, 0, -5]"/>
    <sourceAnchor xmi:type="notation:IdentityAnchor" xmi:id="_OjmukF-5EeyQW63vjzyf6w" id="(0.40217391304347827,0.8)"/>
    <targetAnchor xmi:type="notation:IdentityAnchor" xmi:id="_OjmukV-5EeyQW63vjzyf6w" id="(0.45555555555555555,0.125)"/>
  </edges>
  <edges xmi:type="notation:Connector" xmi:id="_Pb2lMF-5EeyQW63vjzyf6w" type="ControlFlow_Edge" source="_yM9ekF-3EeyQW63vjzyf6w" target="_Bc2TsF-5EeyQW63vjzyf6w">
    <children xmi:type="notation:DecorationNode" xmi:id="_Pb3MQF-5EeyQW63vjzyf6w" type="ControlFlow_NameLabel">
      <layoutConstraint xmi:type="notation:Location" xmi:id="_Pb3MQV-5EeyQW63vjzyf6w" y="20"/>
    </children>
    <children xmi:type="notation:DecorationNode" xmi:id="_Pb3MQl-5EeyQW63vjzyf6w" type="ControlFlow_WeightLabel">
      <layoutConstraint xmi:type="notation:Location" xmi:id="_Pb3MQ1-5EeyQW63vjzyf6w" y="20"/>
    </children>
    <children xmi:type="notation:DecorationNode" xmi:id="_Pb3MRF-5EeyQW63vjzyf6w" type="ControlFlow_GuardLabel">
      <layoutConstraint xmi:type="notation:Location" xmi:id="_Pb3MRV-5EeyQW63vjzyf6w" y="20"/>
    </children>
    <children xmi:type="notation:DecorationNode" xmi:id="_Pb3MRl-5EeyQW63vjzyf6w" type="ControlFlow_StereotypeLabel">
      <layoutConstraint xmi:type="notation:Location" xmi:id="_Pb3MR1-5EeyQW63vjzyf6w" y="-20"/>
    </children>
    <styles xmi:type="notation:FontStyle" xmi:id="_Pb2lMV-5EeyQW63vjzyf6w"/>
    <element xmi:type="uml:ControlFlow" href="USER_activity_diagram.uml#_PbicIF-5EeyQW63vjzyf6w"/>
    <bendpoints xmi:type="notation:RelativeBendpoints" xmi:id="_Pb2lMl-5EeyQW63vjzyf6w" points="[0, 684, -30, -168]$[32, 884, 2, 32]"/>
    <sourceAnchor xmi:type="notation:IdentityAnchor" xmi:id="_PcpPYF-5EeyQW63vjzyf6w" id="(0.5853658536585366,0.75)"/>
    <targetAnchor xmi:type="notation:IdentityAnchor" xmi:id="_PcpPYV-5EeyQW63vjzyf6w" id="(0.06134094151212553,0.0)"/>
  </edges>
  <edges xmi:type="notation:Connector" xmi:id="_QgFpYF-5EeyQW63vjzyf6w" type="ControlFlow_Edge" source="_yPDwUF-3EeyQW63vjzyf6w" target="_yM9ekF-3EeyQW63vjzyf6w">
    <children xmi:type="notation:DecorationNode" xmi:id="_QgFpY1-5EeyQW63vjzyf6w" type="ControlFlow_NameLabel">
      <layoutConstraint xmi:type="notation:Location" xmi:id="_QgFpZF-5EeyQW63vjzyf6w" y="20"/>
    </children>
    <children xmi:type="notation:DecorationNode" xmi:id="_QgGQcF-5EeyQW63vjzyf6w" type="ControlFlow_WeightLabel">
      <layoutConstraint xmi:type="notation:Location" xmi:id="_QgGQcV-5EeyQW63vjzyf6w" y="20"/>
    </children>
    <children xmi:type="notation:DecorationNode" xmi:id="_QgGQcl-5EeyQW63vjzyf6w" type="ControlFlow_GuardLabel">
      <layoutConstraint xmi:type="notation:Location" xmi:id="_QgGQc1-5EeyQW63vjzyf6w" y="20"/>
    </children>
    <children xmi:type="notation:DecorationNode" xmi:id="_QgGQdF-5EeyQW63vjzyf6w" type="ControlFlow_StereotypeLabel">
      <layoutConstraint xmi:type="notation:Location" xmi:id="_QgGQdV-5EeyQW63vjzyf6w" y="-20"/>
    </children>
    <styles xmi:type="notation:FontStyle" xmi:id="_QgFpYV-5EeyQW63vjzyf6w"/>
    <element xmi:type="uml:ControlFlow" href="USER_activity_diagram.uml#_Qfi20F-5EeyQW63vjzyf6w"/>
    <bendpoints xmi:type="notation:RelativeBendpoints" xmi:id="_QgFpYl-5EeyQW63vjzyf6w" points="[0, 12, 56, -84]$[-56, 92, 0, -4]"/>
    <sourceAnchor xmi:type="notation:IdentityAnchor" xmi:id="_QhIyQF-5EeyQW63vjzyf6w" id="(0.6216216216216216,0.7)"/>
    <targetAnchor xmi:type="notation:IdentityAnchor" xmi:id="_QhIyQV-5EeyQW63vjzyf6w" id="(0.6097560975609756,0.1)"/>
  </edges>
  <edges xmi:type="notation:Connector" xmi:id="_RNp6AF-5EeyQW63vjzyf6w" type="ControlFlow_Edge" source="_yPDwUF-3EeyQW63vjzyf6w" target="_yJ8m0F-3EeyQW63vjzyf6w">
    <children xmi:type="notation:DecorationNode" xmi:id="_RNqhEF-5EeyQW63vjzyf6w" type="ControlFlow_NameLabel">
      <layoutConstraint xmi:type="notation:Location" xmi:id="_RNqhEV-5EeyQW63vjzyf6w" y="20"/>
    </children>
    <children xmi:type="notation:DecorationNode" xmi:id="_RNqhEl-5EeyQW63vjzyf6w" type="ControlFlow_WeightLabel">
      <layoutConstraint xmi:type="notation:Location" xmi:id="_RNqhE1-5EeyQW63vjzyf6w" y="20"/>
    </children>
    <children xmi:type="notation:DecorationNode" xmi:id="_RNqhFF-5EeyQW63vjzyf6w" type="ControlFlow_GuardLabel">
      <layoutConstraint xmi:type="notation:Location" xmi:id="_RNqhFV-5EeyQW63vjzyf6w" y="20"/>
    </children>
    <children xmi:type="notation:DecorationNode" xmi:id="_RNqhFl-5EeyQW63vjzyf6w" type="ControlFlow_StereotypeLabel">
      <layoutConstraint xmi:type="notation:Location" xmi:id="_RNqhF1-5EeyQW63vjzyf6w" y="-20"/>
    </children>
    <styles xmi:type="notation:FontStyle" xmi:id="_RNp6AV-5EeyQW63vjzyf6w"/>
    <element xmi:type="uml:ControlFlow" href="USER_activity_diagram.uml#_RNI8oF-5EeyQW63vjzyf6w"/>
    <bendpoints xmi:type="notation:RelativeBendpoints" xmi:id="_RNp6Al-5EeyQW63vjzyf6w" points="[0, 3, -38, -91]$[38, 83, 0, -11]"/>
    <sourceAnchor xmi:type="notation:IdentityAnchor" xmi:id="_ROVPcF-5EeyQW63vjzyf6w" id="(0.7567567567567568,0.925)"/>
    <targetAnchor xmi:type="notation:IdentityAnchor" xmi:id="_ROVPcV-5EeyQW63vjzyf6w" id="(0.3695652173913043,0.275)"/>
  </edges>
  <edges xmi:type="notation:Connector" xmi:id="_TIDxMF-5EeyQW63vjzyf6w" type="ControlFlow_Edge" source="_yQ2gEF-3EeyQW63vjzyf6w" target="_IUk18F-4EeyQW63vjzyf6w">
    <children xmi:type="notation:DecorationNode" xmi:id="_TIEYQF-5EeyQW63vjzyf6w" type="ControlFlow_NameLabel">
      <layoutConstraint xmi:type="notation:Location" xmi:id="_TIEYQV-5EeyQW63vjzyf6w" y="20"/>
    </children>
    <children xmi:type="notation:DecorationNode" xmi:id="_TIEYQl-5EeyQW63vjzyf6w" type="ControlFlow_WeightLabel">
      <layoutConstraint xmi:type="notation:Location" xmi:id="_TIE_UF-5EeyQW63vjzyf6w" y="20"/>
    </children>
    <children xmi:type="notation:DecorationNode" xmi:id="_TIE_UV-5EeyQW63vjzyf6w" type="ControlFlow_GuardLabel">
      <layoutConstraint xmi:type="notation:Location" xmi:id="_TIE_Ul-5EeyQW63vjzyf6w" y="20"/>
    </children>
    <children xmi:type="notation:DecorationNode" xmi:id="_TIE_U1-5EeyQW63vjzyf6w" type="ControlFlow_StereotypeLabel">
      <layoutConstraint xmi:type="notation:Location" xmi:id="_TIE_VF-5EeyQW63vjzyf6w" y="-20"/>
    </children>
    <styles xmi:type="notation:FontStyle" xmi:id="_TIDxMV-5EeyQW63vjzyf6w"/>
    <element xmi:type="uml:ControlFlow" href="USER_activity_diagram.uml#_THbfEF-5EeyQW63vjzyf6w"/>
    <bendpoints xmi:type="notation:RelativeBendpoints" xmi:id="_TIDxMl-5EeyQW63vjzyf6w" points="[0, 8, 28, -64]$[-28, 68, 0, -4]"/>
    <sourceAnchor xmi:type="notation:IdentityAnchor" xmi:id="_TI9JEF-5EeyQW63vjzyf6w" id="(0.3815789473684211,0.8)"/>
    <targetAnchor xmi:type="notation:IdentityAnchor" xmi:id="_TI9JEV-5EeyQW63vjzyf6w" id="(0.6224489795918368,0.1)"/>
  </edges>
  <edges xmi:type="notation:Connector" xmi:id="_TuYxYF-5EeyQW63vjzyf6w" type="ControlFlow_Edge" source="_yQ2gEF-3EeyQW63vjzyf6w" target="_IaLHoF-4EeyQW63vjzyf6w">
    <children xmi:type="notation:DecorationNode" xmi:id="_TuZYcF-5EeyQW63vjzyf6w" type="ControlFlow_NameLabel">
      <layoutConstraint xmi:type="notation:Location" xmi:id="_TuZYcV-5EeyQW63vjzyf6w" y="20"/>
    </children>
    <children xmi:type="notation:DecorationNode" xmi:id="_TuZYcl-5EeyQW63vjzyf6w" type="ControlFlow_WeightLabel">
      <layoutConstraint xmi:type="notation:Location" xmi:id="_TuZYc1-5EeyQW63vjzyf6w" y="20"/>
    </children>
    <children xmi:type="notation:DecorationNode" xmi:id="_TuZYdF-5EeyQW63vjzyf6w" type="ControlFlow_GuardLabel">
      <layoutConstraint xmi:type="notation:Location" xmi:id="_TuZYdV-5EeyQW63vjzyf6w" y="20"/>
    </children>
    <children xmi:type="notation:DecorationNode" xmi:id="_TuZYdl-5EeyQW63vjzyf6w" type="ControlFlow_StereotypeLabel">
      <layoutConstraint xmi:type="notation:Location" xmi:id="_TuZYd1-5EeyQW63vjzyf6w" y="-20"/>
    </children>
    <styles xmi:type="notation:FontStyle" xmi:id="_TuYxYV-5EeyQW63vjzyf6w"/>
    <element xmi:type="uml:ControlFlow" href="USER_activity_diagram.uml#_Tt2l4F-5EeyQW63vjzyf6w"/>
    <bendpoints xmi:type="notation:RelativeBendpoints" xmi:id="_TuYxYl-5EeyQW63vjzyf6w" points="[0, 2, -52, -64]$[52, 62, 0, -4]"/>
    <sourceAnchor xmi:type="notation:IdentityAnchor" xmi:id="_TvWasF-5EeyQW63vjzyf6w" id="(0.5526315789473685,0.95)"/>
    <targetAnchor xmi:type="notation:IdentityAnchor" xmi:id="_TvWasV-5EeyQW63vjzyf6w" id="(0.1728395061728395,0.1)"/>
  </edges>
  <edges xmi:type="notation:Connector" xmi:id="_UcqMoF-5EeyQW63vjzyf6w" type="ControlFlow_Edge" source="_ySoBsF-3EeyQW63vjzyf6w" target="_C88p8F-4EeyQW63vjzyf6w">
    <children xmi:type="notation:DecorationNode" xmi:id="_UcqMo1-5EeyQW63vjzyf6w" type="ControlFlow_NameLabel">
      <layoutConstraint xmi:type="notation:Location" xmi:id="_UcqMpF-5EeyQW63vjzyf6w" y="20"/>
    </children>
    <children xmi:type="notation:DecorationNode" xmi:id="_UcqMpV-5EeyQW63vjzyf6w" type="ControlFlow_WeightLabel">
      <layoutConstraint xmi:type="notation:Location" xmi:id="_UcqMpl-5EeyQW63vjzyf6w" y="20"/>
    </children>
    <children xmi:type="notation:DecorationNode" xmi:id="_UcqMp1-5EeyQW63vjzyf6w" type="ControlFlow_GuardLabel">
      <layoutConstraint xmi:type="notation:Location" xmi:id="_UcqMqF-5EeyQW63vjzyf6w" y="20"/>
    </children>
    <children xmi:type="notation:DecorationNode" xmi:id="_UcqMqV-5EeyQW63vjzyf6w" type="ControlFlow_StereotypeLabel">
      <layoutConstraint xmi:type="notation:Location" xmi:id="_UcqMql-5EeyQW63vjzyf6w" y="-20"/>
    </children>
    <styles xmi:type="notation:FontStyle" xmi:id="_UcqMoV-5EeyQW63vjzyf6w"/>
    <element xmi:type="uml:ControlFlow" href="USER_activity_diagram.uml#_UcFk4F-5EeyQW63vjzyf6w"/>
    <bendpoints xmi:type="notation:RelativeBendpoints" xmi:id="_UcqMol-5EeyQW63vjzyf6w" points="[0, 7, -31, -69]$[31, 67, 0, -9]"/>
    <sourceAnchor xmi:type="notation:IdentityAnchor" xmi:id="_UdmAwF-5EeyQW63vjzyf6w" id="(0.5857142857142857,0.825)"/>
    <targetAnchor xmi:type="notation:IdentityAnchor" xmi:id="_UdmAwV-5EeyQW63vjzyf6w" id="(0.15384615384615385,0.225)"/>
  </edges>
  <edges xmi:type="notation:Connector" xmi:id="_VHzbYF-5EeyQW63vjzyf6w" type="ControlFlow_Edge" source="_ySoBsF-3EeyQW63vjzyf6w" target="_Ct7WgF-4EeyQW63vjzyf6w">
    <children xmi:type="notation:DecorationNode" xmi:id="_VHzbY1-5EeyQW63vjzyf6w" type="ControlFlow_NameLabel">
      <layoutConstraint xmi:type="notation:Location" xmi:id="_VHzbZF-5EeyQW63vjzyf6w" y="20"/>
    </children>
    <children xmi:type="notation:DecorationNode" xmi:id="_VHzbZV-5EeyQW63vjzyf6w" type="ControlFlow_WeightLabel">
      <layoutConstraint xmi:type="notation:Location" xmi:id="_VHzbZl-5EeyQW63vjzyf6w" y="20"/>
    </children>
    <children xmi:type="notation:DecorationNode" xmi:id="_VHzbZ1-5EeyQW63vjzyf6w" type="ControlFlow_GuardLabel">
      <layoutConstraint xmi:type="notation:Location" xmi:id="_VHzbaF-5EeyQW63vjzyf6w" y="20"/>
    </children>
    <children xmi:type="notation:DecorationNode" xmi:id="_VHzbaV-5EeyQW63vjzyf6w" type="ControlFlow_StereotypeLabel">
      <layoutConstraint xmi:type="notation:Location" xmi:id="_VH0CcF-5EeyQW63vjzyf6w" y="-20"/>
    </children>
    <styles xmi:type="notation:FontStyle" xmi:id="_VHzbYV-5EeyQW63vjzyf6w"/>
    <element xmi:type="uml:ControlFlow" href="USER_activity_diagram.uml#_VHEbkF-5EeyQW63vjzyf6w"/>
    <bendpoints xmi:type="notation:RelativeBendpoints" xmi:id="_VHzbYl-5EeyQW63vjzyf6w" points="[0, 8, 36, -71]$[-36, 68, 0, -11]"/>
    <sourceAnchor xmi:type="notation:IdentityAnchor" xmi:id="_VIyS0F-5EeyQW63vjzyf6w" id="(0.17142857142857143,0.8)"/>
    <targetAnchor xmi:type="notation:IdentityAnchor" xmi:id="_VIy54F-5EeyQW63vjzyf6w" id="(0.5233644859813084,0.275)"/>
  </edges>
  <edges xmi:type="notation:Connector" xmi:id="_WCI8sF-5EeyQW63vjzyf6w" type="ControlFlow_Edge" source="_yUwvsF-3EeyQW63vjzyf6w" target="_yPDwUF-3EeyQW63vjzyf6w">
    <children xmi:type="notation:DecorationNode" xmi:id="_WCJjwF-5EeyQW63vjzyf6w" type="ControlFlow_NameLabel">
      <layoutConstraint xmi:type="notation:Location" xmi:id="_WCJjwV-5EeyQW63vjzyf6w" y="20"/>
    </children>
    <children xmi:type="notation:DecorationNode" xmi:id="_WCJjwl-5EeyQW63vjzyf6w" type="ControlFlow_WeightLabel">
      <layoutConstraint xmi:type="notation:Location" xmi:id="_WCJjw1-5EeyQW63vjzyf6w" y="20"/>
    </children>
    <children xmi:type="notation:DecorationNode" xmi:id="_WCJjxF-5EeyQW63vjzyf6w" type="ControlFlow_GuardLabel">
      <layoutConstraint xmi:type="notation:Location" xmi:id="_WCJjxV-5EeyQW63vjzyf6w" y="20"/>
    </children>
    <children xmi:type="notation:DecorationNode" xmi:id="_WCJjxl-5EeyQW63vjzyf6w" type="ControlFlow_StereotypeLabel">
      <layoutConstraint xmi:type="notation:Location" xmi:id="_WCJjx1-5EeyQW63vjzyf6w" y="-20"/>
    </children>
    <styles xmi:type="notation:FontStyle" xmi:id="_WCI8sV-5EeyQW63vjzyf6w"/>
    <element xmi:type="uml:ControlFlow" href="USER_activity_diagram.uml#_WB0MkF-5EeyQW63vjzyf6w"/>
    <bendpoints xmi:type="notation:RelativeBendpoints" xmi:id="_WCI8sl-5EeyQW63vjzyf6w" points="[0, 7, 5, -62]$[-5, 67, 0, -2]"/>
    <sourceAnchor xmi:type="notation:IdentityAnchor" xmi:id="_WDBGcF-5EeyQW63vjzyf6w" id="(0.5918367346938775,0.825)"/>
    <targetAnchor xmi:type="notation:IdentityAnchor" xmi:id="_WDBGcV-5EeyQW63vjzyf6w" id="(0.44594594594594594,0.05)"/>
  </edges>
  <edges xmi:type="notation:Connector" xmi:id="_XgP5cF-5EeyQW63vjzyf6w" type="ControlFlow_Edge" source="_ZruH8F-4EeyQW63vjzyf6w" target="_yQ2gEF-3EeyQW63vjzyf6w">
    <children xmi:type="notation:DecorationNode" xmi:id="_XgP5c1-5EeyQW63vjzyf6w" type="ControlFlow_NameLabel">
      <layoutConstraint xmi:type="notation:Location" xmi:id="_XgP5dF-5EeyQW63vjzyf6w" y="20"/>
    </children>
    <children xmi:type="notation:DecorationNode" xmi:id="_XgQggF-5EeyQW63vjzyf6w" type="ControlFlow_WeightLabel">
      <layoutConstraint xmi:type="notation:Location" xmi:id="_XgQggV-5EeyQW63vjzyf6w" y="20"/>
    </children>
    <children xmi:type="notation:DecorationNode" xmi:id="_XgQggl-5EeyQW63vjzyf6w" type="ControlFlow_GuardLabel">
      <layoutConstraint xmi:type="notation:Location" xmi:id="_XgQgg1-5EeyQW63vjzyf6w" y="20"/>
    </children>
    <children xmi:type="notation:DecorationNode" xmi:id="_XgQghF-5EeyQW63vjzyf6w" type="ControlFlow_StereotypeLabel">
      <layoutConstraint xmi:type="notation:Location" xmi:id="_XgQghV-5EeyQW63vjzyf6w" y="-20"/>
    </children>
    <styles xmi:type="notation:FontStyle" xmi:id="_XgP5cV-5EeyQW63vjzyf6w"/>
    <element xmi:type="uml:ControlFlow" href="USER_activity_diagram.uml#_Xf5UIF-5EeyQW63vjzyf6w"/>
    <bendpoints xmi:type="notation:RelativeBendpoints" xmi:id="_XgP5cl-5EeyQW63vjzyf6w" points="[664, 88, -643984, -643984]$[664, 138, -643984, -643984]"/>
    <sourceAnchor xmi:type="notation:IdentityAnchor" xmi:id="_XhNiwF-5EeyQW63vjzyf6w" id="(0.8321775312066574,1.0)"/>
    <targetAnchor xmi:type="notation:IdentityAnchor" xmi:id="_XhNiwV-5EeyQW63vjzyf6w" id="(0.5263157894736842,0.05)"/>
  </edges>
  <edges xmi:type="notation:Connector" xmi:id="_YHrs4F-5EeyQW63vjzyf6w" type="ControlFlow_Edge" source="_ZruH8F-4EeyQW63vjzyf6w" target="_ySoBsF-3EeyQW63vjzyf6w">
    <children xmi:type="notation:DecorationNode" xmi:id="_YHsT8F-5EeyQW63vjzyf6w" type="ControlFlow_NameLabel">
      <layoutConstraint xmi:type="notation:Location" xmi:id="_YHsT8V-5EeyQW63vjzyf6w" y="20"/>
    </children>
    <children xmi:type="notation:DecorationNode" xmi:id="_YHsT8l-5EeyQW63vjzyf6w" type="ControlFlow_WeightLabel">
      <layoutConstraint xmi:type="notation:Location" xmi:id="_YHsT81-5EeyQW63vjzyf6w" y="20"/>
    </children>
    <children xmi:type="notation:DecorationNode" xmi:id="_YHsT9F-5EeyQW63vjzyf6w" type="ControlFlow_GuardLabel">
      <layoutConstraint xmi:type="notation:Location" xmi:id="_YHsT9V-5EeyQW63vjzyf6w" y="20"/>
    </children>
    <children xmi:type="notation:DecorationNode" xmi:id="_YHsT9l-5EeyQW63vjzyf6w" type="ControlFlow_StereotypeLabel">
      <layoutConstraint xmi:type="notation:Location" xmi:id="_YHsT91-5EeyQW63vjzyf6w" y="-20"/>
    </children>
    <styles xmi:type="notation:FontStyle" xmi:id="_YHrs4V-5EeyQW63vjzyf6w"/>
    <element xmi:type="uml:ControlFlow" href="USER_activity_diagram.uml#_YG0KMF-5EeyQW63vjzyf6w"/>
    <bendpoints xmi:type="notation:RelativeBendpoints" xmi:id="_YHrs4l-5EeyQW63vjzyf6w" points="[360, 78, -643984, -643984]$[370, 138, -643984, -643984]"/>
    <sourceAnchor xmi:type="notation:IdentityAnchor" xmi:id="_YI08YF-5EeyQW63vjzyf6w" id="(0.44382801664355065,1.0)"/>
    <targetAnchor xmi:type="notation:IdentityAnchor" xmi:id="_YI08YV-5EeyQW63vjzyf6w" id="(0.42857142857142855,0.175)"/>
  </edges>
  <edges xmi:type="notation:Connector" xmi:id="_Y1d_8F-5EeyQW63vjzyf6w" type="ControlFlow_Edge" source="_ZruH8F-4EeyQW63vjzyf6w" target="_yUwvsF-3EeyQW63vjzyf6w">
    <children xmi:type="notation:DecorationNode" xmi:id="_Y1d_81-5EeyQW63vjzyf6w" type="ControlFlow_NameLabel">
      <layoutConstraint xmi:type="notation:Location" xmi:id="_Y1d_9F-5EeyQW63vjzyf6w" y="20"/>
    </children>
    <children xmi:type="notation:DecorationNode" xmi:id="_Y1enAF-5EeyQW63vjzyf6w" type="ControlFlow_WeightLabel">
      <layoutConstraint xmi:type="notation:Location" xmi:id="_Y1enAV-5EeyQW63vjzyf6w" y="20"/>
    </children>
    <children xmi:type="notation:DecorationNode" xmi:id="_Y1enAl-5EeyQW63vjzyf6w" type="ControlFlow_GuardLabel">
      <layoutConstraint xmi:type="notation:Location" xmi:id="_Y1enA1-5EeyQW63vjzyf6w" y="20"/>
    </children>
    <children xmi:type="notation:DecorationNode" xmi:id="_Y1enBF-5EeyQW63vjzyf6w" type="ControlFlow_StereotypeLabel">
      <layoutConstraint xmi:type="notation:Location" xmi:id="_Y1enBV-5EeyQW63vjzyf6w" y="-20"/>
    </children>
    <styles xmi:type="notation:FontStyle" xmi:id="_Y1d_8V-5EeyQW63vjzyf6w"/>
    <element xmi:type="uml:ControlFlow" href="USER_activity_diagram.uml#_Y0mdQF-5EeyQW63vjzyf6w"/>
    <bendpoints xmi:type="notation:RelativeBendpoints" xmi:id="_Y1d_8l-5EeyQW63vjzyf6w" points="[120, 88, -643984, -643984]$[119, 138, -643984, -643984]"/>
    <sourceAnchor xmi:type="notation:IdentityAnchor" xmi:id="_Y2bpQF-5EeyQW63vjzyf6w" id="(0.08321775312066575,1.0)"/>
    <targetAnchor xmi:type="notation:IdentityAnchor" xmi:id="_Y2bpQV-5EeyQW63vjzyf6w" id="(0.6020408163265306,0.1)"/>
  </edges>
  <edges xmi:type="notation:Connector" xmi:id="_az4NYF-5EeyQW63vjzyf6w" type="ControlFlow_Edge" source="_T_rLIF-4EeyQW63vjzyf6w" target="_ZruH8F-4EeyQW63vjzyf6w">
    <children xmi:type="notation:DecorationNode" xmi:id="_az4NY1-5EeyQW63vjzyf6w" type="ControlFlow_NameLabel">
      <layoutConstraint xmi:type="notation:Location" xmi:id="_az4NZF-5EeyQW63vjzyf6w" x="-62" y="24"/>
    </children>
    <children xmi:type="notation:DecorationNode" xmi:id="_az40cF-5EeyQW63vjzyf6w" type="ControlFlow_WeightLabel">
      <layoutConstraint xmi:type="notation:Location" xmi:id="_az40cV-5EeyQW63vjzyf6w" y="20"/>
    </children>
    <children xmi:type="notation:DecorationNode" xmi:id="_az40cl-5EeyQW63vjzyf6w" type="ControlFlow_GuardLabel">
      <layoutConstraint xmi:type="notation:Location" xmi:id="_az40c1-5EeyQW63vjzyf6w" y="20"/>
    </children>
    <children xmi:type="notation:DecorationNode" xmi:id="_az40dF-5EeyQW63vjzyf6w" type="ControlFlow_StereotypeLabel">
      <layoutConstraint xmi:type="notation:Location" xmi:id="_az40dV-5EeyQW63vjzyf6w" y="-20"/>
    </children>
    <styles xmi:type="notation:FontStyle" xmi:id="_az4NYV-5EeyQW63vjzyf6w"/>
    <element xmi:type="uml:ControlFlow" href="USER_activity_diagram.uml#_azcvkF-5EeyQW63vjzyf6w"/>
    <bendpoints xmi:type="notation:RelativeBendpoints" xmi:id="_az4NYl-5EeyQW63vjzyf6w" points="[398, 360, -643984, -643984]$[400, 440, -643984, -643984]"/>
    <sourceAnchor xmi:type="notation:IdentityAnchor" xmi:id="_a0yMUF-5EeyQW63vjzyf6w" id="(0.47789725209080025,0.9836065573770492)"/>
    <targetAnchor xmi:type="notation:IdentityAnchor" xmi:id="_a0yMUV-5EeyQW63vjzyf6w" id="(0.47156726768377255,0.0)"/>
  </edges>
  <edges xmi:type="notation:Connector" xmi:id="_d1aEsF-5EeyQW63vjzyf6w" type="ControlFlow_Edge" source="_pdcwwF-3EeyQW63vjzyf6w" target="_uHCyEF-3EeyQW63vjzyf6w">
    <children xmi:type="notation:DecorationNode" xmi:id="_d1aEs1-5EeyQW63vjzyf6w" type="ControlFlow_NameLabel">
      <styles xmi:type="notation:BooleanValueStyle" xmi:id="_sw1iMF-5EeyQW63vjzyf6w" name="IS_UPDATED_POSITION" booleanValue="true"/>
      <layoutConstraint xmi:type="notation:Location" xmi:id="_d1aEtF-5EeyQW63vjzyf6w" x="-11" y="17"/>
    </children>
    <children xmi:type="notation:DecorationNode" xmi:id="_d1aEtV-5EeyQW63vjzyf6w" type="ControlFlow_WeightLabel">
      <styles xmi:type="notation:BooleanValueStyle" xmi:id="_sxSOIF-5EeyQW63vjzyf6w" name="IS_UPDATED_POSITION" booleanValue="true"/>
      <layoutConstraint xmi:type="notation:Location" xmi:id="_d1arwF-5EeyQW63vjzyf6w" x="-1" y="18"/>
    </children>
    <children xmi:type="notation:DecorationNode" xmi:id="_d1arwV-5EeyQW63vjzyf6w" type="ControlFlow_GuardLabel">
      <styles xmi:type="notation:BooleanValueStyle" xmi:id="_sxr2wF-5EeyQW63vjzyf6w" name="IS_UPDATED_POSITION" booleanValue="true"/>
      <layoutConstraint xmi:type="notation:Location" xmi:id="_d1arwl-5EeyQW63vjzyf6w" x="8" y="19"/>
    </children>
    <children xmi:type="notation:DecorationNode" xmi:id="_d1arw1-5EeyQW63vjzyf6w" type="ControlFlow_StereotypeLabel">
      <styles xmi:type="notation:BooleanValueStyle" xmi:id="_syERQF-5EeyQW63vjzyf6w" name="IS_UPDATED_POSITION" booleanValue="true"/>
      <layoutConstraint xmi:type="notation:Location" xmi:id="_d1arxF-5EeyQW63vjzyf6w" x="1" y="-18"/>
    </children>
    <styles xmi:type="notation:FontStyle" xmi:id="_d1aEsV-5EeyQW63vjzyf6w"/>
    <element xmi:type="uml:ControlFlow" href="USER_activity_diagram.uml#_d0qd0F-5EeyQW63vjzyf6w"/>
    <bendpoints xmi:type="notation:RelativeBendpoints" xmi:id="_d1aEsl-5EeyQW63vjzyf6w" points="[410, 42, -643984, -643984]$[413, 104, -643984, -643984]"/>
    <sourceAnchor xmi:type="notation:IdentityAnchor" xmi:id="_d2XuAF-5EeyQW63vjzyf6w" id="(0.3186046511627893,0.9093023255813953)"/>
    <targetAnchor xmi:type="notation:IdentityAnchor" xmi:id="_d2XuAV-5EeyQW63vjzyf6w" id="(0.5764705882352941,0.05)"/>
  </edges>
  <edges xmi:type="notation:Connector" xmi:id="_epNgMF-5EeyQW63vjzyf6w" type="ControlFlow_Edge" source="_uHCyEF-3EeyQW63vjzyf6w" target="_xNMqsF-3EeyQW63vjzyf6w">
    <children xmi:type="notation:DecorationNode" xmi:id="_epNgM1-5EeyQW63vjzyf6w" type="ControlFlow_NameLabel">
      <layoutConstraint xmi:type="notation:Location" xmi:id="_epNgNF-5EeyQW63vjzyf6w" y="20"/>
    </children>
    <children xmi:type="notation:DecorationNode" xmi:id="_epNgNV-5EeyQW63vjzyf6w" type="ControlFlow_WeightLabel">
      <layoutConstraint xmi:type="notation:Location" xmi:id="_epNgNl-5EeyQW63vjzyf6w" y="20"/>
    </children>
    <children xmi:type="notation:DecorationNode" xmi:id="_epNgN1-5EeyQW63vjzyf6w" type="ControlFlow_GuardLabel">
      <layoutConstraint xmi:type="notation:Location" xmi:id="_epNgOF-5EeyQW63vjzyf6w" y="20"/>
    </children>
    <children xmi:type="notation:DecorationNode" xmi:id="_epNgOV-5EeyQW63vjzyf6w" type="ControlFlow_StereotypeLabel">
      <layoutConstraint xmi:type="notation:Location" xmi:id="_epNgOl-5EeyQW63vjzyf6w" y="-20"/>
    </children>
    <styles xmi:type="notation:FontStyle" xmi:id="_epNgMV-5EeyQW63vjzyf6w"/>
    <element xmi:type="uml:ControlFlow" href="USER_activity_diagram.uml#_eo1swF-5EeyQW63vjzyf6w"/>
    <bendpoints xmi:type="notation:RelativeBendpoints" xmi:id="_epNgMl-5EeyQW63vjzyf6w" points="[0, 5, 7, -66]$[-7, 65, 0, -6]"/>
    <sourceAnchor xmi:type="notation:IdentityAnchor" xmi:id="_eqAxcF-5EeyQW63vjzyf6w" id="(0.6,0.875)"/>
    <targetAnchor xmi:type="notation:IdentityAnchor" xmi:id="_eqAxcV-5EeyQW63vjzyf6w" id="(0.4835164835164835,0.15)"/>
  </edges>
  <edges xmi:type="notation:Connector" xmi:id="_fem3IF-5EeyQW63vjzyf6w" type="ControlFlow_Edge" source="_xNMqsF-3EeyQW63vjzyf6w" target="_T_rLIF-4EeyQW63vjzyf6w">
    <children xmi:type="notation:DecorationNode" xmi:id="_feneMF-5EeyQW63vjzyf6w" type="ControlFlow_NameLabel">
      <layoutConstraint xmi:type="notation:Location" xmi:id="_feneMV-5EeyQW63vjzyf6w" y="20"/>
    </children>
    <children xmi:type="notation:DecorationNode" xmi:id="_feneMl-5EeyQW63vjzyf6w" type="ControlFlow_WeightLabel">
      <layoutConstraint xmi:type="notation:Location" xmi:id="_feneM1-5EeyQW63vjzyf6w" y="20"/>
    </children>
    <children xmi:type="notation:DecorationNode" xmi:id="_feneNF-5EeyQW63vjzyf6w" type="ControlFlow_GuardLabel">
      <layoutConstraint xmi:type="notation:Location" xmi:id="_feneNV-5EeyQW63vjzyf6w" y="20"/>
    </children>
    <children xmi:type="notation:DecorationNode" xmi:id="_feneNl-5EeyQW63vjzyf6w" type="ControlFlow_StereotypeLabel">
      <layoutConstraint xmi:type="notation:Location" xmi:id="_feneN1-5EeyQW63vjzyf6w" y="-20"/>
    </children>
    <styles xmi:type="notation:FontStyle" xmi:id="_fem3IV-5EeyQW63vjzyf6w"/>
    <element xmi:type="uml:ControlFlow" href="USER_activity_diagram.uml#_fd-lAF-5EeyQW63vjzyf6w"/>
    <bendpoints xmi:type="notation:RelativeBendpoints" xmi:id="_fem3Il-5EeyQW63vjzyf6w" points="[0, 4, 5, -39]$[3, 64, 8, 21]"/>
    <sourceAnchor xmi:type="notation:IdentityAnchor" xmi:id="_fgBzcF-5EeyQW63vjzyf6w" id="(0.4065934065934066,0.9)"/>
    <targetAnchor xmi:type="notation:IdentityAnchor" xmi:id="_fgCagF-5EeyQW63vjzyf6w" id="(0.4567901234567901,0.18032786885245902)"/>
  </edges>
  <edges xmi:type="notation:Connector" xmi:id="_gVnXoF-5EeyQW63vjzyf6w" type="ControlFlow_Edge" source="_T_rLIF-4EeyQW63vjzyf6w" target="_uHCyEF-3EeyQW63vjzyf6w">
    <children xmi:type="notation:DecorationNode" xmi:id="_gVnXo1-5EeyQW63vjzyf6w" type="ControlFlow_NameLabel">
      <styles xmi:type="notation:BooleanValueStyle" xmi:id="_iNgtYF-5EeyQW63vjzyf6w" name="IS_UPDATED_POSITION" booleanValue="true"/>
      <layoutConstraint xmi:type="notation:Location" xmi:id="_gVnXpF-5EeyQW63vjzyf6w" x="-33" y="-207"/>
    </children>
    <children xmi:type="notation:DecorationNode" xmi:id="_gVnXpV-5EeyQW63vjzyf6w" type="ControlFlow_WeightLabel">
      <styles xmi:type="notation:BooleanValueStyle" xmi:id="_iN4g0F-5EeyQW63vjzyf6w" name="IS_UPDATED_POSITION" booleanValue="true"/>
      <layoutConstraint xmi:type="notation:Location" xmi:id="_gVnXpl-5EeyQW63vjzyf6w" y="19"/>
    </children>
    <children xmi:type="notation:DecorationNode" xmi:id="_gVnXp1-5EeyQW63vjzyf6w" type="ControlFlow_GuardLabel">
      <styles xmi:type="notation:BooleanValueStyle" xmi:id="_iOPtMF-5EeyQW63vjzyf6w" name="IS_UPDATED_POSITION" booleanValue="true"/>
      <layoutConstraint xmi:type="notation:Location" xmi:id="_gVnXqF-5EeyQW63vjzyf6w" x="46" y="20"/>
    </children>
    <children xmi:type="notation:DecorationNode" xmi:id="_gVnXqV-5EeyQW63vjzyf6w" type="ControlFlow_StereotypeLabel">
      <styles xmi:type="notation:BooleanValueStyle" xmi:id="_iOouwF-5EeyQW63vjzyf6w" name="IS_UPDATED_POSITION" booleanValue="true"/>
      <layoutConstraint xmi:type="notation:Location" xmi:id="_gVnXql-5EeyQW63vjzyf6w" x="1" y="-18"/>
    </children>
    <styles xmi:type="notation:FontStyle" xmi:id="_gVnXoV-5EeyQW63vjzyf6w"/>
    <element xmi:type="uml:ControlFlow" href="USER_activity_diagram.uml#_gVNvAF-5EeyQW63vjzyf6w"/>
    <bendpoints xmi:type="notation:RelativeBendpoints" xmi:id="_gVnXol-5EeyQW63vjzyf6w" points="[427, 340, -643984, -643984]$[520, 340, -643984, -643984]$[520, 120, -643984, -643984]$[445, 120, -643984, -643984]"/>
    <sourceAnchor xmi:type="notation:IdentityAnchor" xmi:id="_gWeTQF-5EeyQW63vjzyf6w" id="(0.8271604938271605,0.6557377049180327)"/>
    <targetAnchor xmi:type="notation:IdentityAnchor" xmi:id="_gWeTQV-5EeyQW63vjzyf6w" id="(1.0,0.5)"/>
  </edges>
  <edges xmi:type="notation:Connector" xmi:id="_nmHJwF-5EeyQW63vjzyf6w" type="ControlFlow_Edge" source="_Ct7WgF-4EeyQW63vjzyf6w" target="_Bc2TsF-5EeyQW63vjzyf6w">
    <children xmi:type="notation:DecorationNode" xmi:id="_nmHw0F-5EeyQW63vjzyf6w" type="ControlFlow_NameLabel">
      <layoutConstraint xmi:type="notation:Location" xmi:id="_nmHw0V-5EeyQW63vjzyf6w" y="20"/>
    </children>
    <children xmi:type="notation:DecorationNode" xmi:id="_nmHw0l-5EeyQW63vjzyf6w" type="ControlFlow_WeightLabel">
      <layoutConstraint xmi:type="notation:Location" xmi:id="_nmHw01-5EeyQW63vjzyf6w" y="20"/>
    </children>
    <children xmi:type="notation:DecorationNode" xmi:id="_nmHw1F-5EeyQW63vjzyf6w" type="ControlFlow_GuardLabel">
      <layoutConstraint xmi:type="notation:Location" xmi:id="_nmHw1V-5EeyQW63vjzyf6w" y="20"/>
    </children>
    <children xmi:type="notation:DecorationNode" xmi:id="_nmHw1l-5EeyQW63vjzyf6w" type="ControlFlow_StereotypeLabel">
      <layoutConstraint xmi:type="notation:Location" xmi:id="_nmHw11-5EeyQW63vjzyf6w" y="-20"/>
    </children>
    <styles xmi:type="notation:FontStyle" xmi:id="_nmHJwV-5EeyQW63vjzyf6w"/>
    <element xmi:type="uml:ControlFlow" href="USER_activity_diagram.uml#_nlL8sF-5EeyQW63vjzyf6w"/>
    <bendpoints xmi:type="notation:RelativeBendpoints" xmi:id="_nmHJwl-5EeyQW63vjzyf6w" points="[-4, 624, 3, -288]$[-3, 944, 4, 32]"/>
    <sourceAnchor xmi:type="notation:IdentityAnchor" xmi:id="_nnAhoF-5EeyQW63vjzyf6w" id="(0.5514018691588785,0.8)"/>
    <targetAnchor xmi:type="notation:IdentityAnchor" xmi:id="_nnAhoV-5EeyQW63vjzyf6w" id="(0.3723252496433666,0.0)"/>
  </edges>
  <edges xmi:type="notation:Connector" xmi:id="_oY4qgF-5EeyQW63vjzyf6w" type="ControlFlow_Edge" source="_C88p8F-4EeyQW63vjzyf6w" target="_Bc2TsF-5EeyQW63vjzyf6w">
    <children xmi:type="notation:DecorationNode" xmi:id="_oY4qg1-5EeyQW63vjzyf6w" type="ControlFlow_NameLabel">
      <layoutConstraint xmi:type="notation:Location" xmi:id="_oY5RkF-5EeyQW63vjzyf6w" y="20"/>
    </children>
    <children xmi:type="notation:DecorationNode" xmi:id="_oY5RkV-5EeyQW63vjzyf6w" type="ControlFlow_WeightLabel">
      <layoutConstraint xmi:type="notation:Location" xmi:id="_oY5Rkl-5EeyQW63vjzyf6w" y="20"/>
    </children>
    <children xmi:type="notation:DecorationNode" xmi:id="_oY5Rk1-5EeyQW63vjzyf6w" type="ControlFlow_GuardLabel">
      <layoutConstraint xmi:type="notation:Location" xmi:id="_oY5RlF-5EeyQW63vjzyf6w" y="20"/>
    </children>
    <children xmi:type="notation:DecorationNode" xmi:id="_oY5RlV-5EeyQW63vjzyf6w" type="ControlFlow_StereotypeLabel">
      <layoutConstraint xmi:type="notation:Location" xmi:id="_oY5Rll-5EeyQW63vjzyf6w" y="-20"/>
    </children>
    <styles xmi:type="notation:FontStyle" xmi:id="_oY4qgV-5EeyQW63vjzyf6w"/>
    <element xmi:type="uml:ControlFlow" href="USER_activity_diagram.uml#_oYEyMF-5EeyQW63vjzyf6w"/>
    <bendpoints xmi:type="notation:RelativeBendpoints" xmi:id="_oY4qgl-5EeyQW63vjzyf6w" points="[0, 621, -15, -289]$[11, 941, -4, 31]"/>
    <sourceAnchor xmi:type="notation:IdentityAnchor" xmi:id="_oZ7MUF-5EeyQW63vjzyf6w" id="(0.3717948717948718,0.875)"/>
    <targetAnchor xmi:type="notation:IdentityAnchor" xmi:id="_oZ7MUV-5EeyQW63vjzyf6w" id="(0.5549215406562055,0.1)"/>
  </edges>
  <edges xmi:type="notation:Connector" xmi:id="_pMBXoF-5EeyQW63vjzyf6w" type="ControlFlow_Edge" source="_IUk18F-4EeyQW63vjzyf6w" target="_Bc2TsF-5EeyQW63vjzyf6w">
    <children xmi:type="notation:DecorationNode" xmi:id="_pMB-sF-5EeyQW63vjzyf6w" type="ControlFlow_NameLabel">
      <layoutConstraint xmi:type="notation:Location" xmi:id="_pMB-sV-5EeyQW63vjzyf6w" y="20"/>
    </children>
    <children xmi:type="notation:DecorationNode" xmi:id="_pMB-sl-5EeyQW63vjzyf6w" type="ControlFlow_WeightLabel">
      <layoutConstraint xmi:type="notation:Location" xmi:id="_pMB-s1-5EeyQW63vjzyf6w" y="20"/>
    </children>
    <children xmi:type="notation:DecorationNode" xmi:id="_pMB-tF-5EeyQW63vjzyf6w" type="ControlFlow_GuardLabel">
      <layoutConstraint xmi:type="notation:Location" xmi:id="_pMB-tV-5EeyQW63vjzyf6w" y="20"/>
    </children>
    <children xmi:type="notation:DecorationNode" xmi:id="_pMB-tl-5EeyQW63vjzyf6w" type="ControlFlow_StereotypeLabel">
      <layoutConstraint xmi:type="notation:Location" xmi:id="_pMB-t1-5EeyQW63vjzyf6w" y="-20"/>
    </children>
    <styles xmi:type="notation:FontStyle" xmi:id="_pMBXoV-5EeyQW63vjzyf6w"/>
    <element xmi:type="uml:ControlFlow" href="USER_activity_diagram.uml#_pLB5IF-5EeyQW63vjzyf6w"/>
    <bendpoints xmi:type="notation:RelativeBendpoints" xmi:id="_pMBXol-5EeyQW63vjzyf6w" points="[0, 621, 12, -289]$[-11, 941, 1, 31]"/>
    <sourceAnchor xmi:type="notation:IdentityAnchor" xmi:id="_pM_oAF-5EeyQW63vjzyf6w" id="(0.3163265306122449,0.875)"/>
    <targetAnchor xmi:type="notation:IdentityAnchor" xmi:id="_pM_oAV-5EeyQW63vjzyf6w" id="(0.7475035663338089,0.1)"/>
  </edges>
  <edges xmi:type="notation:Connector" xmi:id="_p7_cAF-5EeyQW63vjzyf6w" type="ControlFlow_Edge" source="_IaLHoF-4EeyQW63vjzyf6w" target="_Bc2TsF-5EeyQW63vjzyf6w">
    <children xmi:type="notation:DecorationNode" xmi:id="_p7_cA1-5EeyQW63vjzyf6w" type="ControlFlow_NameLabel">
      <layoutConstraint xmi:type="notation:Location" xmi:id="_p7_cBF-5EeyQW63vjzyf6w" y="20"/>
    </children>
    <children xmi:type="notation:DecorationNode" xmi:id="_p7_cBV-5EeyQW63vjzyf6w" type="ControlFlow_WeightLabel">
      <layoutConstraint xmi:type="notation:Location" xmi:id="_p7_cBl-5EeyQW63vjzyf6w" y="20"/>
    </children>
    <children xmi:type="notation:DecorationNode" xmi:id="_p7_cB1-5EeyQW63vjzyf6w" type="ControlFlow_GuardLabel">
      <layoutConstraint xmi:type="notation:Location" xmi:id="_p7_cCF-5EeyQW63vjzyf6w" y="20"/>
    </children>
    <children xmi:type="notation:DecorationNode" xmi:id="_p7_cCV-5EeyQW63vjzyf6w" type="ControlFlow_StereotypeLabel">
      <layoutConstraint xmi:type="notation:Location" xmi:id="_p7_cCl-5EeyQW63vjzyf6w" y="-20"/>
    </children>
    <styles xmi:type="notation:FontStyle" xmi:id="_p7_cAV-5EeyQW63vjzyf6w"/>
    <element xmi:type="uml:ControlFlow" href="USER_activity_diagram.uml#_p7Mx0F-5EeyQW63vjzyf6w"/>
    <bendpoints xmi:type="notation:RelativeBendpoints" xmi:id="_p7_cAl-5EeyQW63vjzyf6w" points="[0, 623, 39, -290]$[-44, 943, -5, 30]"/>
    <sourceAnchor xmi:type="notation:IdentityAnchor" xmi:id="_p8_hkF-5EeyQW63vjzyf6w" id="(0.5432098765432098,0.825)"/>
    <targetAnchor xmi:type="notation:IdentityAnchor" xmi:id="_p8_hkV-5EeyQW63vjzyf6w" id="(0.927246790299572,0.2)"/>
  </edges>
</notation:Diagram>
