<?xml version="1.0" encoding="UTF-8"?>
<xmi:XMI xmi:version="2.0" xmlns:xmi="http://www.omg.org/XMI" xmlns:notation="http://www.eclipse.org/gmf/runtime/1.0.3/notation" xmlns:style="http://www.eclipse.org/papyrus/infra/gmfdiag/style" xmlns:uml="http://www.eclipse.org/uml2/5.0.0/UML">
  <notation:Diagram xmi:id="_BYsLYGCIEeykCbr3t2LrVw" type="PapyrusUMLSequenceDiagram" name="Sequence Diagram_0" measurementUnit="Pixel">
    <children xmi:type="notation:Shape" xmi:id="_BYsLYWCIEeykCbr3t2LrVw" type="Interaction_Shape">
      <children xmi:type="notation:DecorationNode" xmi:id="_BYsLYmCIEeykCbr3t2LrVw" type="Interaction_NameLabel"/>
      <children xmi:type="notation:BasicCompartment" xmi:id="_BYsLY2CIEeykCbr3t2LrVw" type="Interaction_SubfragmentCompartment">
        <children xmi:type="notation:Shape" xmi:id="_JqIdIGCIEeykCbr3t2LrVw" type="Lifeline_Shape">
          <children xmi:type="notation:DecorationNode" xmi:id="_JqJrQGCIEeykCbr3t2LrVw" type="Lifeline_NameLabel"/>
          <element xmi:type="uml:Lifeline" href="Sequence%20Diagram.uml#_JqAhUGCIEeykCbr3t2LrVw"/>
          <layoutConstraint xmi:type="notation:Bounds" xmi:id="_JqIdIWCIEeykCbr3t2LrVw" x="94" y="10"/>
        </children>
        <children xmi:type="notation:Shape" xmi:id="_LDrC8GCIEeykCbr3t2LrVw" type="Lifeline_Shape">
          <children xmi:type="notation:DecorationNode" xmi:id="_LDrqAGCIEeykCbr3t2LrVw" type="Lifeline_NameLabel"/>
          <children xmi:type="notation:Shape" xmi:id="_TAavsGCLEeykCbr3t2LrVw" type="BehaviorExecutionSpecification_Shape">
            <children xmi:type="notation:DecorationNode" xmi:id="_TAbWwGCLEeykCbr3t2LrVw" type="BehaviorExecutionSpecification_Behavior">
              <layoutConstraint xmi:type="notation:Location" xmi:id="_TAbWwWCLEeykCbr3t2LrVw" x="18" y="18"/>
            </children>
            <element xmi:type="uml:BehaviorExecutionSpecification" href="Sequence%20Diagram.uml#_TARlwGCLEeykCbr3t2LrVw"/>
            <layoutConstraint xmi:type="notation:Bounds" xmi:id="_TAavsWCLEeykCbr3t2LrVw" x="40" y="46" width="20" height="301"/>
          </children>
          <element xmi:type="uml:Lifeline" href="Sequence%20Diagram.uml#_LDjHIGCIEeykCbr3t2LrVw"/>
          <layoutConstraint xmi:type="notation:Bounds" xmi:id="_LDrC8WCIEeykCbr3t2LrVw" x="334" y="10"/>
        </children>
        <children xmi:type="notation:Shape" xmi:id="_MT1DQGCIEeykCbr3t2LrVw" type="Lifeline_Shape">
          <children xmi:type="notation:DecorationNode" xmi:id="_MT1qUGCIEeykCbr3t2LrVw" type="Lifeline_NameLabel"/>
          <children xmi:type="notation:Shape" xmi:id="_9m0U4GCKEeykCbr3t2LrVw" type="BehaviorExecutionSpecification_Shape">
            <children xmi:type="notation:DecorationNode" xmi:id="_9m078GCKEeykCbr3t2LrVw" type="BehaviorExecutionSpecification_Behavior">
              <layoutConstraint xmi:type="notation:Location" xmi:id="_9m078WCKEeykCbr3t2LrVw" x="18" y="18"/>
            </children>
            <element xmi:type="uml:BehaviorExecutionSpecification" href="Sequence%20Diagram.uml#_9mqj4GCKEeykCbr3t2LrVw"/>
            <layoutConstraint xmi:type="notation:Bounds" xmi:id="_9m0U4WCKEeykCbr3t2LrVw" x="40" y="66" width="20" height="201"/>
          </children>
          <element xmi:type="uml:Lifeline" href="Sequence%20Diagram.uml#_MTrSQGCIEeykCbr3t2LrVw"/>
          <layoutConstraint xmi:type="notation:Bounds" xmi:id="_MT1DQWCIEeykCbr3t2LrVw" x="594" y="10"/>
        </children>
        <children xmi:type="notation:Shape" xmi:id="_NmVM8GCIEeykCbr3t2LrVw" type="Lifeline_Shape">
          <children xmi:type="notation:DecorationNode" xmi:id="_NmV0AGCIEeykCbr3t2LrVw" type="Lifeline_NameLabel"/>
          <children xmi:type="notation:Shape" xmi:id="_8kZOkGCKEeykCbr3t2LrVw" type="BehaviorExecutionSpecification_Shape">
            <children xmi:type="notation:DecorationNode" xmi:id="_8kZ1oGCKEeykCbr3t2LrVw" type="BehaviorExecutionSpecification_Behavior">
              <layoutConstraint xmi:type="notation:Location" xmi:id="_8kZ1oWCKEeykCbr3t2LrVw" x="18" y="18"/>
            </children>
            <element xmi:type="uml:BehaviorExecutionSpecification" href="Sequence%20Diagram.uml#_8kRSwGCKEeykCbr3t2LrVw"/>
            <layoutConstraint xmi:type="notation:Bounds" xmi:id="_8kZOkWCKEeykCbr3t2LrVw" x="40" y="126" width="20" height="100"/>
          </children>
          <element xmi:type="uml:Lifeline" href="Sequence%20Diagram.uml#_NmLb8GCIEeykCbr3t2LrVw"/>
          <layoutConstraint xmi:type="notation:Bounds" xmi:id="_NmVM8WCIEeykCbr3t2LrVw" x="834" y="10"/>
        </children>
        <layoutConstraint xmi:type="notation:Bounds" xmi:id="_BYsLZGCIEeykCbr3t2LrVw"/>
      </children>
      <element xmi:type="uml:Interaction" href="Sequence%20Diagram.uml#_BWkrgGCIEeykCbr3t2LrVw"/>
      <layoutConstraint xmi:type="notation:Bounds" xmi:id="_BYsLZWCIEeykCbr3t2LrVw"/>
    </children>
    <styles xmi:type="notation:StringValueStyle" xmi:id="_BYsLZmCIEeykCbr3t2LrVw" name="diagram_compatibility_version" stringValue="1.4.0"/>
    <styles xmi:type="notation:DiagramStyle" xmi:id="_BYsLZ2CIEeykCbr3t2LrVw"/>
    <styles xmi:type="style:PapyrusDiagramStyle" xmi:id="_BYsLaGCIEeykCbr3t2LrVw" diagramKindId="org.eclipse.papyrus.uml.diagram.sequence">
      <owner xmi:type="uml:Model" href="Sequence%20Diagram.uml#_BQU5kGCIEeykCbr3t2LrVw"/>
    </styles>
    <element xmi:type="uml:Interaction" href="Sequence%20Diagram.uml#_BWkrgGCIEeykCbr3t2LrVw"/>
    <edges xmi:type="notation:Connector" xmi:id="_yeZg4GCIEeykCbr3t2LrVw" type="Message_ReplyEdge" source="_LDrC8GCIEeykCbr3t2LrVw" target="_JqIdIGCIEeykCbr3t2LrVw">
      <children xmi:type="notation:DecorationNode" xmi:id="_yeaH8GCIEeykCbr3t2LrVw" type="Message_ReplyNameLabel">
        <layoutConstraint xmi:type="notation:Location" xmi:id="_yeaH8WCIEeykCbr3t2LrVw" x="1" y="-13"/>
      </children>
      <children xmi:type="notation:DecorationNode" xmi:id="_yeaH8mCIEeykCbr3t2LrVw" type="Message_ReplyStereotypeLabel">
        <layoutConstraint xmi:type="notation:Location" xmi:id="_yeaH82CIEeykCbr3t2LrVw" x="1" y="-33"/>
      </children>
      <styles xmi:type="notation:FontStyle" xmi:id="_yeZg4WCIEeykCbr3t2LrVw"/>
      <element xmi:type="uml:Message" href="Sequence%20Diagram.uml#_yeXEoGCIEeykCbr3t2LrVw"/>
      <bendpoints xmi:type="notation:RelativeBendpoints" xmi:id="_yeZg4mCIEeykCbr3t2LrVw" points="[0, 0, 240, 0]$[-240, 0, 0, 0]"/>
      <sourceAnchor xmi:type="notation:IdentityAnchor" xmi:id="_yedyUGCIEeykCbr3t2LrVw" id="(0.5,0.4942857142857143)"/>
      <targetAnchor xmi:type="notation:IdentityAnchor" xmi:id="_yedyUWCIEeykCbr3t2LrVw" id="(0.5,0.4942857142857143)"/>
    </edges>
    <edges xmi:type="notation:Connector" xmi:id="_9o_KAGCIEeykCbr3t2LrVw" type="Message_AsynchEdge" source="_LDrC8GCIEeykCbr3t2LrVw" target="_MT1DQGCIEeykCbr3t2LrVw">
      <children xmi:type="notation:DecorationNode" xmi:id="_9o_xEGCIEeykCbr3t2LrVw" type="Message_AsynchNameLabel">
        <layoutConstraint xmi:type="notation:Location" xmi:id="_9o_xEWCIEeykCbr3t2LrVw" x="1" y="-13"/>
      </children>
      <children xmi:type="notation:DecorationNode" xmi:id="_9o_xEmCIEeykCbr3t2LrVw" type="Message_AsynchStereotypeLabel">
        <layoutConstraint xmi:type="notation:Location" xmi:id="_9o_xE2CIEeykCbr3t2LrVw" x="1" y="-33"/>
      </children>
      <styles xmi:type="notation:FontStyle" xmi:id="_9o_KAWCIEeykCbr3t2LrVw"/>
      <element xmi:type="uml:Message" href="Sequence%20Diagram.uml#_9otdMGCIEeykCbr3t2LrVw"/>
      <bendpoints xmi:type="notation:RelativeBendpoints" xmi:id="_9o_KAmCIEeykCbr3t2LrVw" points="[-10, 9, -270, 20]$[260, -11, 0, 0]"/>
      <sourceAnchor xmi:type="notation:IdentityAnchor" xmi:id="_9poqQGCIEeykCbr3t2LrVw" id="(0.5,0.09428571428571429)"/>
      <targetAnchor xmi:type="notation:IdentityAnchor" xmi:id="_9poqQWCIEeykCbr3t2LrVw" id="(0.5,0.09428571428571429)"/>
    </edges>
    <edges xmi:type="notation:Connector" xmi:id="_H8qZQGCJEeykCbr3t2LrVw" type="Message_AsynchEdge" source="_MT1DQGCIEeykCbr3t2LrVw" target="_NmVM8GCIEeykCbr3t2LrVw">
      <children xmi:type="notation:DecorationNode" xmi:id="_H8rAUGCJEeykCbr3t2LrVw" type="Message_AsynchNameLabel">
        <layoutConstraint xmi:type="notation:Location" xmi:id="_H8rAUWCJEeykCbr3t2LrVw" x="1" y="-13"/>
      </children>
      <children xmi:type="notation:DecorationNode" xmi:id="_H8rAUmCJEeykCbr3t2LrVw" type="Message_AsynchStereotypeLabel">
        <layoutConstraint xmi:type="notation:Location" xmi:id="_H8rAU2CJEeykCbr3t2LrVw" x="1" y="-33"/>
      </children>
      <styles xmi:type="notation:FontStyle" xmi:id="_H8qZQWCJEeykCbr3t2LrVw"/>
      <element xmi:type="uml:Message" href="Sequence%20Diagram.uml#_H8bIsGCJEeykCbr3t2LrVw"/>
      <bendpoints xmi:type="notation:RelativeBendpoints" xmi:id="_H8qZQmCJEeykCbr3t2LrVw" points="[0, 0, -240, 0]$[240, 0, 0, 0]"/>
      <sourceAnchor xmi:type="notation:IdentityAnchor" xmi:id="_H9I6YGCJEeykCbr3t2LrVw" id="(0.5,0.18)"/>
      <targetAnchor xmi:type="notation:IdentityAnchor" xmi:id="_H9I6YWCJEeykCbr3t2LrVw" id="(0.5,0.18)"/>
    </edges>
    <edges xmi:type="notation:Connector" xmi:id="_KXZ9YGCJEeykCbr3t2LrVw" type="Message_ReplyEdge" source="_NmVM8GCIEeykCbr3t2LrVw" target="_MT1DQGCIEeykCbr3t2LrVw">
      <children xmi:type="notation:DecorationNode" xmi:id="_KXZ9Y2CJEeykCbr3t2LrVw" type="Message_ReplyNameLabel">
        <layoutConstraint xmi:type="notation:Location" xmi:id="_KXZ9ZGCJEeykCbr3t2LrVw" x="1" y="-13"/>
      </children>
      <children xmi:type="notation:DecorationNode" xmi:id="_KXakcGCJEeykCbr3t2LrVw" type="Message_ReplyStereotypeLabel">
        <layoutConstraint xmi:type="notation:Location" xmi:id="_KXakcWCJEeykCbr3t2LrVw" x="1" y="-33"/>
      </children>
      <styles xmi:type="notation:FontStyle" xmi:id="_KXZ9YWCJEeykCbr3t2LrVw"/>
      <element xmi:type="uml:Message" href="Sequence%20Diagram.uml#_KXKFwGCJEeykCbr3t2LrVw"/>
      <bendpoints xmi:type="notation:RelativeBendpoints" xmi:id="_KXZ9YmCJEeykCbr3t2LrVw" points="[0, 0, 240, 0]$[-240, 0, 0, 0]"/>
      <sourceAnchor xmi:type="notation:IdentityAnchor" xmi:id="_KX5FkGCJEeykCbr3t2LrVw" id="(0.5,0.32285714285714284)"/>
      <targetAnchor xmi:type="notation:IdentityAnchor" xmi:id="_KX5soGCJEeykCbr3t2LrVw" id="(0.5,0.32285714285714284)"/>
    </edges>
    <edges xmi:type="notation:Connector" xmi:id="_NWeWkGCJEeykCbr3t2LrVw" type="Message_ReplyEdge" source="_MT1DQGCIEeykCbr3t2LrVw" target="_LDrC8GCIEeykCbr3t2LrVw">
      <children xmi:type="notation:DecorationNode" xmi:id="_NWe9oGCJEeykCbr3t2LrVw" type="Message_ReplyNameLabel">
        <layoutConstraint xmi:type="notation:Location" xmi:id="_NWe9oWCJEeykCbr3t2LrVw" x="1" y="-13"/>
      </children>
      <children xmi:type="notation:DecorationNode" xmi:id="_NWe9omCJEeykCbr3t2LrVw" type="Message_ReplyStereotypeLabel">
        <layoutConstraint xmi:type="notation:Location" xmi:id="_NWe9o2CJEeykCbr3t2LrVw" x="1" y="-33"/>
      </children>
      <styles xmi:type="notation:FontStyle" xmi:id="_NWeWkWCJEeykCbr3t2LrVw"/>
      <element xmi:type="uml:Message" href="Sequence%20Diagram.uml#_NWN34GCJEeykCbr3t2LrVw"/>
      <bendpoints xmi:type="notation:RelativeBendpoints" xmi:id="_NWeWkmCJEeykCbr3t2LrVw" points="[0, 0, 260, 0]$[-270, 0, -10, 0]"/>
      <sourceAnchor xmi:type="notation:IdentityAnchor" xmi:id="_NXGBoGCJEeykCbr3t2LrVw" id="(0.5,0.38)"/>
      <targetAnchor xmi:type="notation:IdentityAnchor" xmi:id="_NXGBoWCJEeykCbr3t2LrVw" id="(0.5,0.38)"/>
    </edges>
    <edges xmi:type="notation:Connector" xmi:id="_2cI24GCKEeykCbr3t2LrVw" type="Message_AsynchEdge" source="_JqIdIGCIEeykCbr3t2LrVw" target="_LDrC8GCIEeykCbr3t2LrVw">
      <children xmi:type="notation:DecorationNode" xmi:id="_2cI242CKEeykCbr3t2LrVw" type="Message_AsynchNameLabel">
        <layoutConstraint xmi:type="notation:Location" xmi:id="_2cI25GCKEeykCbr3t2LrVw" x="1" y="-13"/>
      </children>
      <children xmi:type="notation:DecorationNode" xmi:id="_2cI25WCKEeykCbr3t2LrVw" type="Message_AsynchStereotypeLabel">
        <layoutConstraint xmi:type="notation:Location" xmi:id="_2cI25mCKEeykCbr3t2LrVw" x="1" y="-33"/>
      </children>
      <styles xmi:type="notation:FontStyle" xmi:id="_2cI24WCKEeykCbr3t2LrVw"/>
      <element xmi:type="uml:Message" href="Sequence%20Diagram.uml#_2b_F4GCKEeykCbr3t2LrVw"/>
      <bendpoints xmi:type="notation:RelativeBendpoints" xmi:id="_2cI24mCKEeykCbr3t2LrVw" points="[0, 0, -240, 0]$[240, 0, 0, 0]"/>
      <sourceAnchor xmi:type="notation:IdentityAnchor" xmi:id="_2cgDQGCKEeykCbr3t2LrVw" id="(0.5,0.06571428571428571)"/>
      <targetAnchor xmi:type="notation:IdentityAnchor" xmi:id="_2cgDQWCKEeykCbr3t2LrVw" id="(0.5,0.06571428571428571)"/>
    </edges>
  </notation:Diagram>
  <notation:Diagram xmi:id="_BY9RIGCIEeykCbr3t2LrVw" type="PapyrusUMLSequenceDiagram" name="Sequence Diagram_1" measurementUnit="Pixel">
    <children xmi:type="notation:Shape" xmi:id="_BY9RIWCIEeykCbr3t2LrVw" type="Interaction_Shape">
      <children xmi:type="notation:DecorationNode" xmi:id="_BY9RImCIEeykCbr3t2LrVw" type="Interaction_NameLabel"/>
      <children xmi:type="notation:BasicCompartment" xmi:id="_BY94MGCIEeykCbr3t2LrVw" type="Interaction_SubfragmentCompartment">
        <children xmi:type="notation:Shape" xmi:id="_xSWIAGCJEeykCbr3t2LrVw" type="Lifeline_Shape">
          <children xmi:type="notation:DecorationNode" xmi:id="_xSWvEGCJEeykCbr3t2LrVw" type="Lifeline_NameLabel"/>
          <element xmi:type="uml:Lifeline" href="Sequence%20Diagram.uml#_xSFCQGCJEeykCbr3t2LrVw"/>
          <layoutConstraint xmi:type="notation:Bounds" xmi:id="_xSWIAWCJEeykCbr3t2LrVw" x="94" y="10"/>
        </children>
        <children xmi:type="notation:Shape" xmi:id="_yxCTkGCJEeykCbr3t2LrVw" type="Lifeline_Shape">
          <children xmi:type="notation:DecorationNode" xmi:id="_yxC6oGCJEeykCbr3t2LrVw" type="Lifeline_NameLabel"/>
          <children xmi:type="notation:Shape" xmi:id="_tJe_wGCKEeykCbr3t2LrVw" type="BehaviorExecutionSpecification_Shape">
            <children xmi:type="notation:DecorationNode" xmi:id="_tJfm0GCKEeykCbr3t2LrVw" type="BehaviorExecutionSpecification_Behavior">
              <layoutConstraint xmi:type="notation:Location" xmi:id="_tJfm0WCKEeykCbr3t2LrVw" x="18" y="18"/>
            </children>
            <element xmi:type="uml:BehaviorExecutionSpecification" href="Sequence%20Diagram.uml#_tJVOwGCKEeykCbr3t2LrVw"/>
            <layoutConstraint xmi:type="notation:Bounds" xmi:id="_tJe_wWCKEeykCbr3t2LrVw" x="40" y="66" width="20" height="221"/>
          </children>
          <element xmi:type="uml:Lifeline" href="Sequence%20Diagram.uml#_yw-pMGCJEeykCbr3t2LrVw"/>
          <layoutConstraint xmi:type="notation:Bounds" xmi:id="_yxCTkWCJEeykCbr3t2LrVw" x="294" y="10"/>
        </children>
        <children xmi:type="notation:Shape" xmi:id="_1F7uYGCJEeykCbr3t2LrVw" type="Lifeline_Shape">
          <children xmi:type="notation:DecorationNode" xmi:id="_1F8VcGCJEeykCbr3t2LrVw" type="Lifeline_NameLabel"/>
          <children xmi:type="notation:Shape" xmi:id="_pWdaEGCKEeykCbr3t2LrVw" type="BehaviorExecutionSpecification_Shape">
            <children xmi:type="notation:DecorationNode" xmi:id="_pWdaEmCKEeykCbr3t2LrVw" type="BehaviorExecutionSpecification_Behavior">
              <layoutConstraint xmi:type="notation:Location" xmi:id="_pWeBIGCKEeykCbr3t2LrVw" x="18" y="18"/>
            </children>
            <element xmi:type="uml:BehaviorExecutionSpecification" href="Sequence%20Diagram.uml#_pWU3MGCKEeykCbr3t2LrVw"/>
            <layoutConstraint xmi:type="notation:Bounds" xmi:id="_pWdaEWCKEeykCbr3t2LrVw" x="40" y="86" width="20" height="140"/>
          </children>
          <element xmi:type="uml:Lifeline" href="Sequence%20Diagram.uml#_1F3c8GCJEeykCbr3t2LrVw"/>
          <layoutConstraint xmi:type="notation:Bounds" xmi:id="_1F7uYWCJEeykCbr3t2LrVw" x="494" y="10"/>
        </children>
        <children xmi:type="notation:Shape" xmi:id="_3JStQGCJEeykCbr3t2LrVw" type="Lifeline_Shape">
          <children xmi:type="notation:DecorationNode" xmi:id="_3JTUUGCJEeykCbr3t2LrVw" type="Lifeline_NameLabel"/>
          <children xmi:type="notation:Shape" xmi:id="_cmK-cGCKEeykCbr3t2LrVw" type="ActionExecutionSpecification_Shape">
            <element xmi:type="uml:ActionExecutionSpecification" href="Sequence%20Diagram.uml#_cmCbkGCKEeykCbr3t2LrVw"/>
            <layoutConstraint xmi:type="notation:Bounds" xmi:id="_cmK-cWCKEeykCbr3t2LrVw" x="40" y="126" width="20" height="81"/>
          </children>
          <element xmi:type="uml:Lifeline" href="Sequence%20Diagram.uml#_3JPC4GCJEeykCbr3t2LrVw"/>
          <layoutConstraint xmi:type="notation:Bounds" xmi:id="_3JStQWCJEeykCbr3t2LrVw" x="714" y="10"/>
        </children>
        <layoutConstraint xmi:type="notation:Bounds" xmi:id="_BY94MWCIEeykCbr3t2LrVw"/>
      </children>
      <element xmi:type="uml:Interaction" href="Sequence%20Diagram.uml#_BY604GCIEeykCbr3t2LrVw"/>
      <layoutConstraint xmi:type="notation:Bounds" xmi:id="_BY94MmCIEeykCbr3t2LrVw"/>
    </children>
    <styles xmi:type="notation:StringValueStyle" xmi:id="_BY94M2CIEeykCbr3t2LrVw" name="diagram_compatibility_version" stringValue="1.4.0"/>
    <styles xmi:type="notation:DiagramStyle" xmi:id="_BY94NGCIEeykCbr3t2LrVw"/>
    <styles xmi:type="style:PapyrusDiagramStyle" xmi:id="_BY94NWCIEeykCbr3t2LrVw" diagramKindId="org.eclipse.papyrus.uml.diagram.sequence">
      <owner xmi:type="uml:Model" href="Sequence%20Diagram.uml#_BQU5kGCIEeykCbr3t2LrVw"/>
    </styles>
    <element xmi:type="uml:Interaction" href="Sequence%20Diagram.uml#_BY604GCIEeykCbr3t2LrVw"/>
    <edges xmi:type="notation:Connector" xmi:id="_9yjgQGCJEeykCbr3t2LrVw" type="Message_AsynchEdge" source="_xSWIAGCJEeykCbr3t2LrVw" target="_yxCTkGCJEeykCbr3t2LrVw">
      <children xmi:type="notation:DecorationNode" xmi:id="_9ykHUGCJEeykCbr3t2LrVw" type="Message_AsynchNameLabel">
        <layoutConstraint xmi:type="notation:Location" xmi:id="_9ykHUWCJEeykCbr3t2LrVw" x="1" y="-13"/>
      </children>
      <children xmi:type="notation:DecorationNode" xmi:id="_9ykHUmCJEeykCbr3t2LrVw" type="Message_AsynchStereotypeLabel">
        <layoutConstraint xmi:type="notation:Location" xmi:id="_9ykHU2CJEeykCbr3t2LrVw" x="1" y="-33"/>
      </children>
      <styles xmi:type="notation:FontStyle" xmi:id="_9yjgQWCJEeykCbr3t2LrVw"/>
      <element xmi:type="uml:Message" href="Sequence%20Diagram.uml#_9ycykGCJEeykCbr3t2LrVw"/>
      <bendpoints xmi:type="notation:RelativeBendpoints" xmi:id="_9yjgQmCJEeykCbr3t2LrVw" points="[0, 0, -200, 0]$[200, 0, 0, 0]"/>
      <sourceAnchor xmi:type="notation:IdentityAnchor" xmi:id="_9y3CQGCJEeykCbr3t2LrVw" id="(0.5,0.09428571428571429)"/>
      <targetAnchor xmi:type="notation:IdentityAnchor" xmi:id="_9y3pUGCJEeykCbr3t2LrVw" id="(0.5,0.09428571428571429)"/>
    </edges>
    <edges xmi:type="notation:Connector" xmi:id="_CaG6MGCKEeykCbr3t2LrVw" type="Message_AsynchEdge" source="_yxCTkGCJEeykCbr3t2LrVw" target="_1F7uYGCJEeykCbr3t2LrVw">
      <children xmi:type="notation:DecorationNode" xmi:id="_CaHhQGCKEeykCbr3t2LrVw" type="Message_AsynchNameLabel">
        <layoutConstraint xmi:type="notation:Location" xmi:id="_CaHhQWCKEeykCbr3t2LrVw" x="1" y="-13"/>
      </children>
      <children xmi:type="notation:DecorationNode" xmi:id="_CaHhQmCKEeykCbr3t2LrVw" type="Message_AsynchStereotypeLabel">
        <layoutConstraint xmi:type="notation:Location" xmi:id="_CaHhQ2CKEeykCbr3t2LrVw" x="1" y="-33"/>
      </children>
      <styles xmi:type="notation:FontStyle" xmi:id="_CaG6MWCKEeykCbr3t2LrVw"/>
      <element xmi:type="uml:Message" href="Sequence%20Diagram.uml#_CZ--YGCKEeykCbr3t2LrVw"/>
      <bendpoints xmi:type="notation:RelativeBendpoints" xmi:id="_CaG6MmCKEeykCbr3t2LrVw" points="[0, 0, -200, 0]$[200, 0, 0, 0]"/>
      <sourceAnchor xmi:type="notation:IdentityAnchor" xmi:id="_CaZ1IGCKEeykCbr3t2LrVw" id="(0.5,0.12285714285714286)"/>
      <targetAnchor xmi:type="notation:IdentityAnchor" xmi:id="_CaacMGCKEeykCbr3t2LrVw" id="(0.5,0.12285714285714286)"/>
    </edges>
    <edges xmi:type="notation:Connector" xmi:id="_GCLNEGCKEeykCbr3t2LrVw" type="Message_AsynchEdge" source="_1F7uYGCJEeykCbr3t2LrVw" target="_3JStQGCJEeykCbr3t2LrVw">
      <children xmi:type="notation:DecorationNode" xmi:id="_GCL0IGCKEeykCbr3t2LrVw" type="Message_AsynchNameLabel">
        <layoutConstraint xmi:type="notation:Location" xmi:id="_GCL0IWCKEeykCbr3t2LrVw" x="1" y="-13"/>
      </children>
      <children xmi:type="notation:DecorationNode" xmi:id="_GCL0ImCKEeykCbr3t2LrVw" type="Message_AsynchStereotypeLabel">
        <layoutConstraint xmi:type="notation:Location" xmi:id="_GCL0I2CKEeykCbr3t2LrVw" x="1" y="-33"/>
      </children>
      <styles xmi:type="notation:FontStyle" xmi:id="_GCLNEWCKEeykCbr3t2LrVw"/>
      <element xmi:type="uml:Message" href="Sequence%20Diagram.uml#_GCAN8GCKEeykCbr3t2LrVw"/>
      <bendpoints xmi:type="notation:RelativeBendpoints" xmi:id="_GCLNEmCKEeykCbr3t2LrVw" points="[0, 0, -220, 0]$[220, 0, 0, 0]"/>
      <sourceAnchor xmi:type="notation:IdentityAnchor" xmi:id="_GCf9MGCKEeykCbr3t2LrVw" id="(0.5,0.18)"/>
      <targetAnchor xmi:type="notation:IdentityAnchor" xmi:id="_GCf9MWCKEeykCbr3t2LrVw" id="(0.5,0.18)"/>
    </edges>
    <edges xmi:type="notation:Connector" xmi:id="_Hf_O4GCKEeykCbr3t2LrVw" type="Message_ReplyEdge" source="_3JStQGCJEeykCbr3t2LrVw" target="_1F7uYGCJEeykCbr3t2LrVw">
      <children xmi:type="notation:DecorationNode" xmi:id="_Hf_18mCKEeykCbr3t2LrVw" type="Message_ReplyNameLabel">
        <layoutConstraint xmi:type="notation:Location" xmi:id="_Hf_182CKEeykCbr3t2LrVw" x="1" y="-13"/>
      </children>
      <children xmi:type="notation:DecorationNode" xmi:id="_Hf_19GCKEeykCbr3t2LrVw" type="Message_ReplyStereotypeLabel">
        <layoutConstraint xmi:type="notation:Location" xmi:id="_Hf_19WCKEeykCbr3t2LrVw" x="1" y="-33"/>
      </children>
      <styles xmi:type="notation:FontStyle" xmi:id="_Hf_18GCKEeykCbr3t2LrVw"/>
      <element xmi:type="uml:Message" href="Sequence%20Diagram.uml#_HfzBoGCKEeykCbr3t2LrVw"/>
      <bendpoints xmi:type="notation:RelativeBendpoints" xmi:id="_Hf_18WCKEeykCbr3t2LrVw" points="[0, 0, 220, 0]$[-220, 0, 0, 0]"/>
      <sourceAnchor xmi:type="notation:IdentityAnchor" xmi:id="_HgV0MGCKEeykCbr3t2LrVw" id="(0.5,0.29428571428571426)"/>
      <targetAnchor xmi:type="notation:IdentityAnchor" xmi:id="_HgV0MWCKEeykCbr3t2LrVw" id="(0.5,0.29428571428571426)"/>
    </edges>
    <edges xmi:type="notation:Connector" xmi:id="_JF75AGCKEeykCbr3t2LrVw" type="Message_ReplyEdge" source="_1F7uYGCJEeykCbr3t2LrVw" target="_yxCTkGCJEeykCbr3t2LrVw">
      <children xmi:type="notation:DecorationNode" xmi:id="_JF8gEGCKEeykCbr3t2LrVw" type="Message_ReplyNameLabel">
        <layoutConstraint xmi:type="notation:Location" xmi:id="_JF8gEWCKEeykCbr3t2LrVw" x="1" y="-13"/>
      </children>
      <children xmi:type="notation:DecorationNode" xmi:id="_JF8gEmCKEeykCbr3t2LrVw" type="Message_ReplyStereotypeLabel">
        <layoutConstraint xmi:type="notation:Location" xmi:id="_JF8gE2CKEeykCbr3t2LrVw" x="1" y="-33"/>
      </children>
      <styles xmi:type="notation:FontStyle" xmi:id="_JF75AWCKEeykCbr3t2LrVw"/>
      <element xmi:type="uml:Message" href="Sequence%20Diagram.uml#_JFzWIGCKEeykCbr3t2LrVw"/>
      <bendpoints xmi:type="notation:RelativeBendpoints" xmi:id="_JF75AmCKEeykCbr3t2LrVw" points="[0, 0, 200, 0]$[-200, 0, 0, 0]"/>
      <sourceAnchor xmi:type="notation:IdentityAnchor" xmi:id="_JGRQMGCKEeykCbr3t2LrVw" id="(0.5,0.32285714285714284)"/>
      <targetAnchor xmi:type="notation:IdentityAnchor" xmi:id="_JGR3QGCKEeykCbr3t2LrVw" id="(0.5,0.32285714285714284)"/>
    </edges>
    <edges xmi:type="notation:Connector" xmi:id="_KuYdgGCKEeykCbr3t2LrVw" type="Message_ReplyEdge" source="_yxCTkGCJEeykCbr3t2LrVw" target="_xSWIAGCJEeykCbr3t2LrVw">
      <children xmi:type="notation:DecorationNode" xmi:id="_KuYdg2CKEeykCbr3t2LrVw" type="Message_ReplyNameLabel">
        <layoutConstraint xmi:type="notation:Location" xmi:id="_KuYdhGCKEeykCbr3t2LrVw" x="1" y="-13"/>
      </children>
      <children xmi:type="notation:DecorationNode" xmi:id="_KuYdhWCKEeykCbr3t2LrVw" type="Message_ReplyStereotypeLabel">
        <layoutConstraint xmi:type="notation:Location" xmi:id="_KuYdhmCKEeykCbr3t2LrVw" x="1" y="-33"/>
      </children>
      <styles xmi:type="notation:FontStyle" xmi:id="_KuYdgWCKEeykCbr3t2LrVw"/>
      <element xmi:type="uml:Message" href="Sequence%20Diagram.uml#_KuMQQGCKEeykCbr3t2LrVw"/>
      <bendpoints xmi:type="notation:RelativeBendpoints" xmi:id="_KuYdgmCKEeykCbr3t2LrVw" points="[0, 0, 200, 0]$[-200, 0, 0, 0]"/>
      <sourceAnchor xmi:type="notation:IdentityAnchor" xmi:id="_Kuvp4GCKEeykCbr3t2LrVw" id="(0.5,0.4085714285714286)"/>
      <targetAnchor xmi:type="notation:IdentityAnchor" xmi:id="_KuwQ8GCKEeykCbr3t2LrVw" id="(0.5,0.4085714285714286)"/>
    </edges>
  </notation:Diagram>
  <notation:Diagram xmi:id="_BZFM8GCIEeykCbr3t2LrVw" type="PapyrusUMLSequenceDiagram" name="Sequence Diagram_2" measurementUnit="Pixel">
    <children xmi:type="notation:Shape" xmi:id="_BZFM8WCIEeykCbr3t2LrVw" type="Interaction_Shape">
      <children xmi:type="notation:DecorationNode" xmi:id="_BZFM8mCIEeykCbr3t2LrVw" type="Interaction_NameLabel"/>
      <children xmi:type="notation:BasicCompartment" xmi:id="_BZFM82CIEeykCbr3t2LrVw" type="Interaction_SubfragmentCompartment">
        <children xmi:type="notation:Shape" xmi:id="_YGRPMGCLEeykCbr3t2LrVw" type="Lifeline_Shape">
          <children xmi:type="notation:DecorationNode" xmi:id="_YGRPMmCLEeykCbr3t2LrVw" type="Lifeline_NameLabel"/>
          <element xmi:type="uml:Lifeline" href="Sequence%20Diagram.uml#_YGOy8GCLEeykCbr3t2LrVw"/>
          <layoutConstraint xmi:type="notation:Bounds" xmi:id="_YGRPMWCLEeykCbr3t2LrVw" x="54" y="10"/>
        </children>
        <children xmi:type="notation:Shape" xmi:id="_ZdWW4GCLEeykCbr3t2LrVw" type="Lifeline_Shape">
          <children xmi:type="notation:DecorationNode" xmi:id="_ZdWW4mCLEeykCbr3t2LrVw" type="Lifeline_NameLabel"/>
          <children xmi:type="notation:Shape" xmi:id="_3USxcGCLEeykCbr3t2LrVw" type="ActionExecutionSpecification_Shape">
            <element xmi:type="uml:ActionExecutionSpecification" href="Sequence%20Diagram.uml#_3ULcsGCLEeykCbr3t2LrVw"/>
            <layoutConstraint xmi:type="notation:Bounds" xmi:id="_3USxcWCLEeykCbr3t2LrVw" x="50" y="66" width="20" height="160"/>
          </children>
          <element xmi:type="uml:Lifeline" href="Sequence%20Diagram.uml#_ZdT6oGCLEeykCbr3t2LrVw"/>
          <layoutConstraint xmi:type="notation:Bounds" xmi:id="_ZdWW4WCLEeykCbr3t2LrVw" x="234" y="10" width="121"/>
        </children>
        <children xmi:type="notation:Shape" xmi:id="_cyzPwGCLEeykCbr3t2LrVw" type="Lifeline_Shape">
          <children xmi:type="notation:DecorationNode" xmi:id="_cyz20GCLEeykCbr3t2LrVw" type="Lifeline_NameLabel"/>
          <children xmi:type="notation:Shape" xmi:id="_yABbcGCLEeykCbr3t2LrVw" type="BehaviorExecutionSpecification_Shape">
            <children xmi:type="notation:DecorationNode" xmi:id="_yACCgGCLEeykCbr3t2LrVw" type="BehaviorExecutionSpecification_Behavior">
              <layoutConstraint xmi:type="notation:Location" xmi:id="_yACCgWCLEeykCbr3t2LrVw" x="18" y="18"/>
            </children>
            <element xmi:type="uml:BehaviorExecutionSpecification" href="Sequence%20Diagram.uml#_x_6GsGCLEeykCbr3t2LrVw"/>
            <layoutConstraint xmi:type="notation:Bounds" xmi:id="_yABbcWCLEeykCbr3t2LrVw" x="40" y="106" width="20" height="100"/>
          </children>
          <element xmi:type="uml:Lifeline" href="Sequence%20Diagram.uml#_cywzgGCLEeykCbr3t2LrVw"/>
          <layoutConstraint xmi:type="notation:Bounds" xmi:id="_cyzPwWCLEeykCbr3t2LrVw" x="454" y="10"/>
        </children>
        <children xmi:type="notation:Shape" xmi:id="_ewwKMGCLEeykCbr3t2LrVw" type="Lifeline_Shape">
          <children xmi:type="notation:DecorationNode" xmi:id="_ewwKMmCLEeykCbr3t2LrVw" type="Lifeline_NameLabel"/>
          <children xmi:type="notation:Shape" xmi:id="_vz0poGCLEeykCbr3t2LrVw" type="ActionExecutionSpecification_Shape">
            <element xmi:type="uml:ActionExecutionSpecification" href="Sequence%20Diagram.uml#_vztU4GCLEeykCbr3t2LrVw"/>
            <layoutConstraint xmi:type="notation:Bounds" xmi:id="_vz0poWCLEeykCbr3t2LrVw" x="40" y="106" width="20" height="100"/>
          </children>
          <element xmi:type="uml:Lifeline" href="Sequence%20Diagram.uml#_ewsf0GCLEeykCbr3t2LrVw"/>
          <layoutConstraint xmi:type="notation:Bounds" xmi:id="_ewwKMWCLEeykCbr3t2LrVw" x="694" y="10"/>
        </children>
        <layoutConstraint xmi:type="notation:Bounds" xmi:id="_BZFM9GCIEeykCbr3t2LrVw"/>
      </children>
      <element xmi:type="uml:Interaction" href="Sequence%20Diagram.uml#_BZCwsGCIEeykCbr3t2LrVw"/>
      <layoutConstraint xmi:type="notation:Bounds" xmi:id="_BZFM9WCIEeykCbr3t2LrVw"/>
    </children>
    <styles xmi:type="notation:StringValueStyle" xmi:id="_BZFM9mCIEeykCbr3t2LrVw" name="diagram_compatibility_version" stringValue="1.4.0"/>
    <styles xmi:type="notation:DiagramStyle" xmi:id="_BZFM92CIEeykCbr3t2LrVw"/>
    <styles xmi:type="style:PapyrusDiagramStyle" xmi:id="_BZFM-GCIEeykCbr3t2LrVw" diagramKindId="org.eclipse.papyrus.uml.diagram.sequence">
      <owner xmi:type="uml:Model" href="Sequence%20Diagram.uml#_BQU5kGCIEeykCbr3t2LrVw"/>
    </styles>
    <element xmi:type="uml:Interaction" href="Sequence%20Diagram.uml#_BZCwsGCIEeykCbr3t2LrVw"/>
    <edges xmi:type="notation:Connector" xmi:id="_hc19AGCLEeykCbr3t2LrVw" type="Message_AsynchEdge" source="_YGRPMGCLEeykCbr3t2LrVw" target="_ZdWW4GCLEeykCbr3t2LrVw">
      <children xmi:type="notation:DecorationNode" xmi:id="_hc19A2CLEeykCbr3t2LrVw" type="Message_AsynchNameLabel">
        <layoutConstraint xmi:type="notation:Location" xmi:id="_hc19BGCLEeykCbr3t2LrVw" x="1" y="-13"/>
      </children>
      <children xmi:type="notation:DecorationNode" xmi:id="_hc19BWCLEeykCbr3t2LrVw" type="Message_AsynchStereotypeLabel">
        <layoutConstraint xmi:type="notation:Location" xmi:id="_hc19BmCLEeykCbr3t2LrVw" x="1" y="-33"/>
      </children>
      <styles xmi:type="notation:FontStyle" xmi:id="_hc19AWCLEeykCbr3t2LrVw"/>
      <element xmi:type="uml:Message" href="Sequence%20Diagram.uml#_hcwdcGCLEeykCbr3t2LrVw"/>
      <bendpoints xmi:type="notation:RelativeBendpoints" xmi:id="_hc19AmCLEeykCbr3t2LrVw" points="[0, 0, -190, 0]$[190, 0, 0, 0]"/>
      <sourceAnchor xmi:type="notation:IdentityAnchor" xmi:id="_hdEmgGCLEeykCbr3t2LrVw" id="(0.5,0.09428571428571429)"/>
      <targetAnchor xmi:type="notation:IdentityAnchor" xmi:id="_hdFNkGCLEeykCbr3t2LrVw" id="(0.5,0.09428571428571429)"/>
    </edges>
    <edges xmi:type="notation:Connector" xmi:id="_kc2KUGCLEeykCbr3t2LrVw" type="Message_AsynchEdge" source="_ZdWW4GCLEeykCbr3t2LrVw" target="_cyzPwGCLEeykCbr3t2LrVw">
      <children xmi:type="notation:DecorationNode" xmi:id="_kc2KU2CLEeykCbr3t2LrVw" type="Message_AsynchNameLabel">
        <layoutConstraint xmi:type="notation:Location" xmi:id="_kc2KVGCLEeykCbr3t2LrVw" x="1" y="-13"/>
      </children>
      <children xmi:type="notation:DecorationNode" xmi:id="_kc2xYGCLEeykCbr3t2LrVw" type="Message_AsynchStereotypeLabel">
        <layoutConstraint xmi:type="notation:Location" xmi:id="_kc2xYWCLEeykCbr3t2LrVw" x="1" y="-33"/>
      </children>
      <styles xmi:type="notation:FontStyle" xmi:id="_kc2KUWCLEeykCbr3t2LrVw"/>
      <element xmi:type="uml:Message" href="Sequence%20Diagram.uml#_kcu1kGCLEeykCbr3t2LrVw"/>
      <bendpoints xmi:type="notation:RelativeBendpoints" xmi:id="_kc2KUmCLEeykCbr3t2LrVw" points="[0, 0, -210, 0]$[210, 0, 0, 0]"/>
      <sourceAnchor xmi:type="notation:IdentityAnchor" xmi:id="_kdH3IGCLEeykCbr3t2LrVw" id="(0.5,0.15142857142857144)"/>
      <targetAnchor xmi:type="notation:IdentityAnchor" xmi:id="_kdIeMGCLEeykCbr3t2LrVw" id="(0.5,0.15142857142857144)"/>
    </edges>
    <edges xmi:type="notation:Connector" xmi:id="_ohlLEGCLEeykCbr3t2LrVw" type="Message_AsynchEdge" source="_cyzPwGCLEeykCbr3t2LrVw" target="_ewwKMGCLEeykCbr3t2LrVw">
      <children xmi:type="notation:DecorationNode" xmi:id="_ohlyIGCLEeykCbr3t2LrVw" type="Message_AsynchNameLabel">
        <layoutConstraint xmi:type="notation:Location" xmi:id="_ohlyIWCLEeykCbr3t2LrVw" x="1" y="-13"/>
      </children>
      <children xmi:type="notation:DecorationNode" xmi:id="_ohlyImCLEeykCbr3t2LrVw" type="Message_AsynchStereotypeLabel">
        <layoutConstraint xmi:type="notation:Location" xmi:id="_ohlyI2CLEeykCbr3t2LrVw" x="1" y="-33"/>
      </children>
      <styles xmi:type="notation:FontStyle" xmi:id="_ohlLEWCLEeykCbr3t2LrVw"/>
      <element xmi:type="uml:Message" href="Sequence%20Diagram.uml#_ohazAGCLEeykCbr3t2LrVw"/>
      <bendpoints xmi:type="notation:RelativeBendpoints" xmi:id="_ohlLEmCLEeykCbr3t2LrVw" points="[0, 0, -240, 0]$[240, 0, 0, 0]"/>
      <sourceAnchor xmi:type="notation:IdentityAnchor" xmi:id="_oh4GAGCLEeykCbr3t2LrVw" id="(0.5,0.18)"/>
      <targetAnchor xmi:type="notation:IdentityAnchor" xmi:id="_oh4tEGCLEeykCbr3t2LrVw" id="(0.5,0.18)"/>
    </edges>
    <edges xmi:type="notation:Connector" xmi:id="_qYXtkGCLEeykCbr3t2LrVw" type="Message_AsynchEdge" source="_ewwKMGCLEeykCbr3t2LrVw" target="_cyzPwGCLEeykCbr3t2LrVw">
      <children xmi:type="notation:DecorationNode" xmi:id="_qYYUoGCLEeykCbr3t2LrVw" type="Message_AsynchNameLabel">
        <layoutConstraint xmi:type="notation:Location" xmi:id="_qYYUoWCLEeykCbr3t2LrVw" x="1" y="-13"/>
      </children>
      <children xmi:type="notation:DecorationNode" xmi:id="_qYYUomCLEeykCbr3t2LrVw" type="Message_AsynchStereotypeLabel">
        <layoutConstraint xmi:type="notation:Location" xmi:id="_qYYUo2CLEeykCbr3t2LrVw" x="1" y="-33"/>
      </children>
      <styles xmi:type="notation:FontStyle" xmi:id="_qYXtkWCLEeykCbr3t2LrVw"/>
      <element xmi:type="uml:Message" href="Sequence%20Diagram.uml#_qYJrIGCLEeykCbr3t2LrVw"/>
      <bendpoints xmi:type="notation:RelativeBendpoints" xmi:id="_qYXtkmCLEeykCbr3t2LrVw" points="[0, 0, 240, 0]$[-240, 0, 0, 0]"/>
      <sourceAnchor xmi:type="notation:IdentityAnchor" xmi:id="_qYoMQGCLEeykCbr3t2LrVw" id="(0.5,0.23714285714285716)"/>
      <targetAnchor xmi:type="notation:IdentityAnchor" xmi:id="_qYoMQWCLEeykCbr3t2LrVw" id="(0.5,0.23714285714285716)"/>
    </edges>
    <edges xmi:type="notation:Connector" xmi:id="_sgJSYGCLEeykCbr3t2LrVw" type="Message_AsynchEdge" source="_cyzPwGCLEeykCbr3t2LrVw" target="_ZdWW4GCLEeykCbr3t2LrVw">
      <children xmi:type="notation:DecorationNode" xmi:id="_sgJSY2CLEeykCbr3t2LrVw" type="Message_AsynchNameLabel">
        <layoutConstraint xmi:type="notation:Location" xmi:id="_sgJSZGCLEeykCbr3t2LrVw" x="1" y="-13"/>
      </children>
      <children xmi:type="notation:DecorationNode" xmi:id="_sgJSZWCLEeykCbr3t2LrVw" type="Message_AsynchStereotypeLabel">
        <layoutConstraint xmi:type="notation:Location" xmi:id="_sgJSZmCLEeykCbr3t2LrVw" x="1" y="-33"/>
      </children>
      <styles xmi:type="notation:FontStyle" xmi:id="_sgJSYWCLEeykCbr3t2LrVw"/>
      <element xmi:type="uml:Message" href="Sequence%20Diagram.uml#_sf_hYGCLEeykCbr3t2LrVw"/>
      <bendpoints xmi:type="notation:RelativeBendpoints" xmi:id="_sgJSYmCLEeykCbr3t2LrVw" points="[0, 0, 210, 0]$[-210, 0, 0, 0]"/>
      <sourceAnchor xmi:type="notation:IdentityAnchor" xmi:id="_sgdbcGCLEeykCbr3t2LrVw" id="(0.5,0.26571428571428574)"/>
      <targetAnchor xmi:type="notation:IdentityAnchor" xmi:id="_sgdbcWCLEeykCbr3t2LrVw" id="(0.5,0.26571428571428574)"/>
    </edges>
    <edges xmi:type="notation:Connector" xmi:id="_uFXjwGCLEeykCbr3t2LrVw" type="Message_AsynchEdge" source="_ZdWW4GCLEeykCbr3t2LrVw" target="_YGRPMGCLEeykCbr3t2LrVw">
      <children xmi:type="notation:DecorationNode" xmi:id="_uFXjw2CLEeykCbr3t2LrVw" type="Message_AsynchNameLabel">
        <layoutConstraint xmi:type="notation:Location" xmi:id="_uFXjxGCLEeykCbr3t2LrVw" x="1" y="-13"/>
      </children>
      <children xmi:type="notation:DecorationNode" xmi:id="_uFYK0GCLEeykCbr3t2LrVw" type="Message_AsynchStereotypeLabel">
        <layoutConstraint xmi:type="notation:Location" xmi:id="_uFYK0WCLEeykCbr3t2LrVw" x="1" y="-33"/>
      </children>
      <styles xmi:type="notation:FontStyle" xmi:id="_uFXjwWCLEeykCbr3t2LrVw"/>
      <element xmi:type="uml:Message" href="Sequence%20Diagram.uml#_uFKvcGCLEeykCbr3t2LrVw"/>
      <bendpoints xmi:type="notation:RelativeBendpoints" xmi:id="_uFXjwmCLEeykCbr3t2LrVw" points="[0, 0, 190, 0]$[-190, 0, 0, 0]"/>
      <sourceAnchor xmi:type="notation:IdentityAnchor" xmi:id="_uFvXMGCLEeykCbr3t2LrVw" id="(0.5,0.32285714285714284)"/>
      <targetAnchor xmi:type="notation:IdentityAnchor" xmi:id="_uFv-QGCLEeykCbr3t2LrVw" id="(0.5,0.32285714285714284)"/>
    </edges>
  </notation:Diagram>
  <notation:Diagram xmi:id="_BZMhsGCIEeykCbr3t2LrVw" type="PapyrusUMLSequenceDiagram" name="Sequence Diagram_3" measurementUnit="Pixel">
    <children xmi:type="notation:Shape" xmi:id="_BZMhsWCIEeykCbr3t2LrVw" type="Interaction_Shape">
      <children xmi:type="notation:DecorationNode" xmi:id="_BZMhsmCIEeykCbr3t2LrVw" type="Interaction_NameLabel"/>
      <children xmi:type="notation:BasicCompartment" xmi:id="_BZMhs2CIEeykCbr3t2LrVw" type="Interaction_SubfragmentCompartment">
        <children xmi:type="notation:Shape" xmi:id="_FwO2kGCMEeykCbr3t2LrVw" type="Lifeline_Shape">
          <children xmi:type="notation:DecorationNode" xmi:id="_FwO2kmCMEeykCbr3t2LrVw" type="Lifeline_NameLabel"/>
          <element xmi:type="uml:Lifeline" href="Sequence%20Diagram.uml#_FwNBYGCMEeykCbr3t2LrVw"/>
          <layoutConstraint xmi:type="notation:Bounds" xmi:id="_FwO2kWCMEeykCbr3t2LrVw" x="34" y="10"/>
        </children>
        <children xmi:type="notation:Shape" xmi:id="_HMSk4GCMEeykCbr3t2LrVw" type="Lifeline_Shape">
          <children xmi:type="notation:DecorationNode" xmi:id="_HMSk4mCMEeykCbr3t2LrVw" type="Lifeline_NameLabel"/>
          <children xmi:type="notation:Shape" xmi:id="_WcVngGCMEeykCbr3t2LrVw" type="ActionExecutionSpecification_Shape">
            <element xmi:type="uml:ActionExecutionSpecification" href="Sequence%20Diagram.uml#_WcPg4GCMEeykCbr3t2LrVw"/>
            <layoutConstraint xmi:type="notation:Bounds" xmi:id="_WcVngWCMEeykCbr3t2LrVw" x="40" y="46" width="20" height="100"/>
          </children>
          <element xmi:type="uml:Lifeline" href="Sequence%20Diagram.uml#_HMQIoGCMEeykCbr3t2LrVw"/>
          <layoutConstraint xmi:type="notation:Bounds" xmi:id="_HMSk4WCMEeykCbr3t2LrVw" x="214" y="10"/>
        </children>
        <children xmi:type="notation:Shape" xmi:id="_Iz5b4GCMEeykCbr3t2LrVw" type="Lifeline_Shape">
          <children xmi:type="notation:DecorationNode" xmi:id="_Iz5b4mCMEeykCbr3t2LrVw" type="Lifeline_NameLabel"/>
          <children xmi:type="notation:Shape" xmi:id="_UAzZMGCMEeykCbr3t2LrVw" type="ActionExecutionSpecification_Shape">
            <element xmi:type="uml:ActionExecutionSpecification" href="Sequence%20Diagram.uml#_UAsrgGCMEeykCbr3t2LrVw"/>
            <layoutConstraint xmi:type="notation:Bounds" xmi:id="_UAzZMWCMEeykCbr3t2LrVw" x="40" y="66" width="20" height="60"/>
          </children>
          <element xmi:type="uml:Lifeline" href="Sequence%20Diagram.uml#_Iz2YkGCMEeykCbr3t2LrVw"/>
          <layoutConstraint xmi:type="notation:Bounds" xmi:id="_Iz5b4WCMEeykCbr3t2LrVw" x="414" y="10"/>
        </children>
        <layoutConstraint xmi:type="notation:Bounds" xmi:id="_BZMhtGCIEeykCbr3t2LrVw"/>
      </children>
      <element xmi:type="uml:Interaction" href="Sequence%20Diagram.uml#_BZKFcGCIEeykCbr3t2LrVw"/>
      <layoutConstraint xmi:type="notation:Bounds" xmi:id="_BZMhtWCIEeykCbr3t2LrVw"/>
    </children>
    <styles xmi:type="notation:StringValueStyle" xmi:id="_BZMhtmCIEeykCbr3t2LrVw" name="diagram_compatibility_version" stringValue="1.4.0"/>
    <styles xmi:type="notation:DiagramStyle" xmi:id="_BZMht2CIEeykCbr3t2LrVw"/>
    <styles xmi:type="style:PapyrusDiagramStyle" xmi:id="_BZMhuGCIEeykCbr3t2LrVw" diagramKindId="org.eclipse.papyrus.uml.diagram.sequence">
      <owner xmi:type="uml:Model" href="Sequence%20Diagram.uml#_BQU5kGCIEeykCbr3t2LrVw"/>
    </styles>
    <element xmi:type="uml:Interaction" href="Sequence%20Diagram.uml#_BZKFcGCIEeykCbr3t2LrVw"/>
    <edges xmi:type="notation:Connector" xmi:id="_LmHE0GCMEeykCbr3t2LrVw" type="Message_AsynchEdge" source="_FwO2kGCMEeykCbr3t2LrVw" target="_HMSk4GCMEeykCbr3t2LrVw">
      <children xmi:type="notation:DecorationNode" xmi:id="_LmHE02CMEeykCbr3t2LrVw" type="Message_AsynchNameLabel">
        <layoutConstraint xmi:type="notation:Location" xmi:id="_LmHE1GCMEeykCbr3t2LrVw" x="1" y="-13"/>
      </children>
      <children xmi:type="notation:DecorationNode" xmi:id="_LmHE1WCMEeykCbr3t2LrVw" type="Message_AsynchStereotypeLabel">
        <layoutConstraint xmi:type="notation:Location" xmi:id="_LmHE1mCMEeykCbr3t2LrVw" x="1" y="-33"/>
      </children>
      <styles xmi:type="notation:FontStyle" xmi:id="_LmHE0WCMEeykCbr3t2LrVw"/>
      <element xmi:type="uml:Message" href="Sequence%20Diagram.uml#_Ll_JAGCMEeykCbr3t2LrVw"/>
      <bendpoints xmi:type="notation:RelativeBendpoints" xmi:id="_LmHE0mCMEeykCbr3t2LrVw" points="[0, 0, -240, 0]$[240, 0, 0, 0]"/>
      <sourceAnchor xmi:type="notation:IdentityAnchor" xmi:id="_LmSrAGCMEeykCbr3t2LrVw" id="(0.5,0.06571428571428571)"/>
      <targetAnchor xmi:type="notation:IdentityAnchor" xmi:id="_LmTSEGCMEeykCbr3t2LrVw" id="(0.5,0.06571428571428571)"/>
    </edges>
    <edges xmi:type="notation:Connector" xmi:id="_OCr08GCMEeykCbr3t2LrVw" type="Message_AsynchEdge" source="_HMSk4GCMEeykCbr3t2LrVw" target="_Iz5b4GCMEeykCbr3t2LrVw">
      <children xmi:type="notation:DecorationNode" xmi:id="_OCr082CMEeykCbr3t2LrVw" type="Message_AsynchNameLabel">
        <layoutConstraint xmi:type="notation:Location" xmi:id="_OCr09GCMEeykCbr3t2LrVw" x="1" y="-13"/>
      </children>
      <children xmi:type="notation:DecorationNode" xmi:id="_OCr09WCMEeykCbr3t2LrVw" type="Message_AsynchStereotypeLabel">
        <layoutConstraint xmi:type="notation:Location" xmi:id="_OCr09mCMEeykCbr3t2LrVw" x="1" y="-33"/>
      </children>
      <styles xmi:type="notation:FontStyle" xmi:id="_OCr08WCMEeykCbr3t2LrVw"/>
      <element xmi:type="uml:Message" href="Sequence%20Diagram.uml#_OCjSEGCMEeykCbr3t2LrVw"/>
      <bendpoints xmi:type="notation:RelativeBendpoints" xmi:id="_OCr08mCMEeykCbr3t2LrVw" points="[0, 0, -280, 0]$[280, 0, 0, 0]"/>
      <sourceAnchor xmi:type="notation:IdentityAnchor" xmi:id="_OC-v4GCMEeykCbr3t2LrVw" id="(0.5,0.09428571428571429)"/>
      <targetAnchor xmi:type="notation:IdentityAnchor" xmi:id="_OC_W8GCMEeykCbr3t2LrVw" id="(0.5,0.09428571428571429)"/>
    </edges>
    <edges xmi:type="notation:Connector" xmi:id="_QEPdAGCMEeykCbr3t2LrVw" type="Message_AsynchEdge" source="_Iz5b4GCMEeykCbr3t2LrVw" target="_HMSk4GCMEeykCbr3t2LrVw">
      <children xmi:type="notation:DecorationNode" xmi:id="_QEPdA2CMEeykCbr3t2LrVw" type="Message_AsynchNameLabel">
        <layoutConstraint xmi:type="notation:Location" xmi:id="_QEPdBGCMEeykCbr3t2LrVw" x="1" y="-13"/>
      </children>
      <children xmi:type="notation:DecorationNode" xmi:id="_QEPdBWCMEeykCbr3t2LrVw" type="Message_AsynchStereotypeLabel">
        <layoutConstraint xmi:type="notation:Location" xmi:id="_QEPdBmCMEeykCbr3t2LrVw" x="1" y="-33"/>
      </children>
      <styles xmi:type="notation:FontStyle" xmi:id="_QEPdAWCMEeykCbr3t2LrVw"/>
      <element xmi:type="uml:Message" href="Sequence%20Diagram.uml#_QEFE8GCMEeykCbr3t2LrVw"/>
      <bendpoints xmi:type="notation:RelativeBendpoints" xmi:id="_QEPdAmCMEeykCbr3t2LrVw" points="[0, 0, 280, 0]$[-280, 0, 0, 0]"/>
      <sourceAnchor xmi:type="notation:IdentityAnchor" xmi:id="_QEfUoGCMEeykCbr3t2LrVw" id="(0.5,0.15142857142857144)"/>
      <targetAnchor xmi:type="notation:IdentityAnchor" xmi:id="_QEfUoWCMEeykCbr3t2LrVw" id="(0.5,0.15142857142857144)"/>
    </edges>
    <edges xmi:type="notation:Connector" xmi:id="_R2GcMGCMEeykCbr3t2LrVw" type="Message_AsynchEdge" source="_HMSk4GCMEeykCbr3t2LrVw" target="_FwO2kGCMEeykCbr3t2LrVw">
      <children xmi:type="notation:DecorationNode" xmi:id="_R2HDQGCMEeykCbr3t2LrVw" type="Message_AsynchNameLabel">
        <layoutConstraint xmi:type="notation:Location" xmi:id="_R2HDQWCMEeykCbr3t2LrVw" x="1" y="-13"/>
      </children>
      <children xmi:type="notation:DecorationNode" xmi:id="_R2HDQmCMEeykCbr3t2LrVw" type="Message_AsynchStereotypeLabel">
        <layoutConstraint xmi:type="notation:Location" xmi:id="_R2HDQ2CMEeykCbr3t2LrVw" x="1" y="-33"/>
      </children>
      <styles xmi:type="notation:FontStyle" xmi:id="_R2GcMWCMEeykCbr3t2LrVw"/>
      <element xmi:type="uml:Message" href="Sequence%20Diagram.uml#_R1_HcGCMEeykCbr3t2LrVw"/>
      <bendpoints xmi:type="notation:RelativeBendpoints" xmi:id="_R2GcMmCMEeykCbr3t2LrVw" points="[0, 0, 240, 0]$[-240, 0, 0, 0]"/>
      <sourceAnchor xmi:type="notation:IdentityAnchor" xmi:id="_R2YJAGCMEeykCbr3t2LrVw" id="(0.5,0.18)"/>
      <targetAnchor xmi:type="notation:IdentityAnchor" xmi:id="_R2YJAWCMEeykCbr3t2LrVw" id="(0.5,0.18)"/>
    </edges>
  </notation:Diagram>
  <notation:Diagram xmi:id="_BZT2cGCIEeykCbr3t2LrVw" type="PapyrusUMLSequenceDiagram" name="Sequence Diagram_4" measurementUnit="Pixel">
    <children xmi:type="notation:Shape" xmi:id="_BZT2cWCIEeykCbr3t2LrVw" type="Interaction_Shape">
      <children xmi:type="notation:DecorationNode" xmi:id="_BZT2cmCIEeykCbr3t2LrVw" type="Interaction_NameLabel"/>
      <children xmi:type="notation:BasicCompartment" xmi:id="_BZT2c2CIEeykCbr3t2LrVw" type="Interaction_SubfragmentCompartment">
        <children xmi:type="notation:Shape" xmi:id="_c49ssGCMEeykCbr3t2LrVw" type="Lifeline_Shape">
          <children xmi:type="notation:DecorationNode" xmi:id="_c49ssmCMEeykCbr3t2LrVw" type="Lifeline_NameLabel"/>
          <element xmi:type="uml:Lifeline" href="Sequence%20Diagram.uml#_c473gGCMEeykCbr3t2LrVw"/>
          <layoutConstraint xmi:type="notation:Bounds" xmi:id="_c49ssWCMEeykCbr3t2LrVw" x="54" y="10"/>
        </children>
        <children xmi:type="notation:Shape" xmi:id="_eOPdkGCMEeykCbr3t2LrVw" type="Lifeline_Shape">
          <children xmi:type="notation:DecorationNode" xmi:id="_eOPdkmCMEeykCbr3t2LrVw" type="Lifeline_NameLabel"/>
          <children xmi:type="notation:Shape" xmi:id="_NIoLAGCNEeykCbr3t2LrVw" type="ActionExecutionSpecification_Shape">
            <element xmi:type="uml:ActionExecutionSpecification" href="Sequence%20Diagram.uml#_NIg2QGCNEeykCbr3t2LrVw"/>
            <layoutConstraint xmi:type="notation:Bounds" xmi:id="_NIoLAWCNEeykCbr3t2LrVw" x="40" y="46" width="20" height="300"/>
          </children>
          <element xmi:type="uml:Lifeline" href="Sequence%20Diagram.uml#_eONBUGCMEeykCbr3t2LrVw"/>
          <layoutConstraint xmi:type="notation:Bounds" xmi:id="_eOPdkWCMEeykCbr3t2LrVw" x="234" y="10"/>
        </children>
        <children xmi:type="notation:Shape" xmi:id="_gNAQUGCMEeykCbr3t2LrVw" type="Lifeline_Shape">
          <children xmi:type="notation:DecorationNode" xmi:id="_gNAQUmCMEeykCbr3t2LrVw" type="Lifeline_NameLabel"/>
          <children xmi:type="notation:Shape" xmi:id="_CWuusGCNEeykCbr3t2LrVw" type="ActionExecutionSpecification_Shape">
            <element xmi:type="uml:ActionExecutionSpecification" href="Sequence%20Diagram.uml#_CWlkwGCNEeykCbr3t2LrVw"/>
            <layoutConstraint xmi:type="notation:Bounds" xmi:id="_CWuusWCNEeykCbr3t2LrVw" x="40" y="66" width="20" height="260"/>
          </children>
          <element xmi:type="uml:Lifeline" href="Sequence%20Diagram.uml#_gM9NAGCMEeykCbr3t2LrVw"/>
          <layoutConstraint xmi:type="notation:Bounds" xmi:id="_gNAQUWCMEeykCbr3t2LrVw" x="434" y="10"/>
        </children>
        <children xmi:type="notation:Shape" xmi:id="_jf3IMGCMEeykCbr3t2LrVw" type="Lifeline_Shape">
          <children xmi:type="notation:DecorationNode" xmi:id="_jf3IMmCMEeykCbr3t2LrVw" type="Lifeline_NameLabel"/>
          <children xmi:type="notation:Shape" xmi:id="_TlRzcGCPEeykCbr3t2LrVw" type="ActionExecutionSpecification_Shape">
            <element xmi:type="uml:ActionExecutionSpecification" href="Sequence%20Diagram.uml#_TlKesGCPEeykCbr3t2LrVw"/>
            <layoutConstraint xmi:type="notation:Bounds" xmi:id="_TlRzcWCPEeykCbr3t2LrVw" x="40" y="86" width="20" height="100"/>
          </children>
          <element xmi:type="uml:Lifeline" href="Sequence%20Diagram.uml#_jf0E4GCMEeykCbr3t2LrVw"/>
          <layoutConstraint xmi:type="notation:Bounds" xmi:id="_jf3IMWCMEeykCbr3t2LrVw" x="634" y="10"/>
        </children>
        <layoutConstraint xmi:type="notation:Bounds" xmi:id="_BZT2dGCIEeykCbr3t2LrVw"/>
      </children>
      <element xmi:type="uml:Interaction" href="Sequence%20Diagram.uml#_BZRaMGCIEeykCbr3t2LrVw"/>
      <layoutConstraint xmi:type="notation:Bounds" xmi:id="_BZT2dWCIEeykCbr3t2LrVw"/>
    </children>
    <styles xmi:type="notation:StringValueStyle" xmi:id="_BZT2dmCIEeykCbr3t2LrVw" name="diagram_compatibility_version" stringValue="1.4.0"/>
    <styles xmi:type="notation:DiagramStyle" xmi:id="_BZT2d2CIEeykCbr3t2LrVw"/>
    <styles xmi:type="style:PapyrusDiagramStyle" xmi:id="_BZT2eGCIEeykCbr3t2LrVw" diagramKindId="org.eclipse.papyrus.uml.diagram.sequence">
      <owner xmi:type="uml:Model" href="Sequence%20Diagram.uml#_BQU5kGCIEeykCbr3t2LrVw"/>
    </styles>
    <element xmi:type="uml:Interaction" href="Sequence%20Diagram.uml#_BZRaMGCIEeykCbr3t2LrVw"/>
    <edges xmi:type="notation:Connector" xmi:id="_mWFHYGCMEeykCbr3t2LrVw" type="Message_AsynchEdge" source="_c49ssGCMEeykCbr3t2LrVw" target="_eOPdkGCMEeykCbr3t2LrVw">
      <children xmi:type="notation:DecorationNode" xmi:id="_mWFHY2CMEeykCbr3t2LrVw" type="Message_AsynchNameLabel">
        <layoutConstraint xmi:type="notation:Location" xmi:id="_mWFHZGCMEeykCbr3t2LrVw" x="1" y="-13"/>
      </children>
      <children xmi:type="notation:DecorationNode" xmi:id="_mWFHZWCMEeykCbr3t2LrVw" type="Message_AsynchStereotypeLabel">
        <layoutConstraint xmi:type="notation:Location" xmi:id="_mWFHZmCMEeykCbr3t2LrVw" x="1" y="-33"/>
      </children>
      <styles xmi:type="notation:FontStyle" xmi:id="_mWFHYWCMEeykCbr3t2LrVw"/>
      <element xmi:type="uml:Message" href="Sequence%20Diagram.uml#_mV-ZsGCMEeykCbr3t2LrVw"/>
      <bendpoints xmi:type="notation:RelativeBendpoints" xmi:id="_mWFHYmCMEeykCbr3t2LrVw" points="[0, 0, -180, 0]$[180, 0, 0, 0]"/>
      <sourceAnchor xmi:type="notation:IdentityAnchor" xmi:id="_mWU_AGCMEeykCbr3t2LrVw" id="(0.5,0.06571428571428571)"/>
      <targetAnchor xmi:type="notation:IdentityAnchor" xmi:id="_mWVmEGCMEeykCbr3t2LrVw" id="(0.5,0.06571428571428571)"/>
    </edges>
    <edges xmi:type="notation:Connector" xmi:id="_pih1QGCMEeykCbr3t2LrVw" type="Message_AsynchEdge" source="_eOPdkGCMEeykCbr3t2LrVw" target="_gNAQUGCMEeykCbr3t2LrVw">
      <children xmi:type="notation:DecorationNode" xmi:id="_piicUGCMEeykCbr3t2LrVw" type="Message_AsynchNameLabel">
        <layoutConstraint xmi:type="notation:Location" xmi:id="_piicUWCMEeykCbr3t2LrVw" x="8" y="-13"/>
      </children>
      <children xmi:type="notation:DecorationNode" xmi:id="_piicUmCMEeykCbr3t2LrVw" type="Message_AsynchStereotypeLabel">
        <layoutConstraint xmi:type="notation:Location" xmi:id="_piicU2CMEeykCbr3t2LrVw" x="1" y="-33"/>
      </children>
      <styles xmi:type="notation:FontStyle" xmi:id="_pih1QWCMEeykCbr3t2LrVw"/>
      <element xmi:type="uml:Message" href="Sequence%20Diagram.uml#_piVA8GCMEeykCbr3t2LrVw"/>
      <bendpoints xmi:type="notation:RelativeBendpoints" xmi:id="_pih1QmCMEeykCbr3t2LrVw" points="[0, 0, -200, 0]$[200, 0, 0, 0]"/>
      <sourceAnchor xmi:type="notation:IdentityAnchor" xmi:id="_pi0wMGCMEeykCbr3t2LrVw" id="(0.5,0.09428571428571429)"/>
      <targetAnchor xmi:type="notation:IdentityAnchor" xmi:id="_pi1XQGCMEeykCbr3t2LrVw" id="(0.5,0.09428571428571429)"/>
    </edges>
    <edges xmi:type="notation:Connector" xmi:id="_s5FhYGCMEeykCbr3t2LrVw" type="Message_AsynchEdge" source="_gNAQUGCMEeykCbr3t2LrVw" target="_jf3IMGCMEeykCbr3t2LrVw">
      <children xmi:type="notation:DecorationNode" xmi:id="_s5FhY2CMEeykCbr3t2LrVw" type="Message_AsynchNameLabel">
        <layoutConstraint xmi:type="notation:Location" xmi:id="_s5FhZGCMEeykCbr3t2LrVw" x="1" y="-13"/>
      </children>
      <children xmi:type="notation:DecorationNode" xmi:id="_s5FhZWCMEeykCbr3t2LrVw" type="Message_AsynchStereotypeLabel">
        <layoutConstraint xmi:type="notation:Location" xmi:id="_s5FhZmCMEeykCbr3t2LrVw" x="1" y="-33"/>
      </children>
      <styles xmi:type="notation:FontStyle" xmi:id="_s5FhYWCMEeykCbr3t2LrVw"/>
      <element xmi:type="uml:Message" href="Sequence%20Diagram.uml#_s48-gGCMEeykCbr3t2LrVw"/>
      <bendpoints xmi:type="notation:RelativeBendpoints" xmi:id="_s5FhYmCMEeykCbr3t2LrVw" points="[0, 0, -200, 0]$[200, 0, 0, 0]"/>
      <sourceAnchor xmi:type="notation:IdentityAnchor" xmi:id="_s5VZAGCMEeykCbr3t2LrVw" id="(0.5,0.12285714285714286)"/>
      <targetAnchor xmi:type="notation:IdentityAnchor" xmi:id="_s5WAEGCMEeykCbr3t2LrVw" id="(0.5,0.12285714285714286)"/>
    </edges>
    <edges xmi:type="notation:Connector" xmi:id="_wY8TcGCMEeykCbr3t2LrVw" type="Message_ReplyEdge" source="_jf3IMGCMEeykCbr3t2LrVw" target="_gNAQUGCMEeykCbr3t2LrVw">
      <children xmi:type="notation:DecorationNode" xmi:id="_wY8Tc2CMEeykCbr3t2LrVw" type="Message_ReplyNameLabel">
        <layoutConstraint xmi:type="notation:Location" xmi:id="_wY8TdGCMEeykCbr3t2LrVw" x="1" y="-13"/>
      </children>
      <children xmi:type="notation:DecorationNode" xmi:id="_wY8TdWCMEeykCbr3t2LrVw" type="Message_ReplyStereotypeLabel">
        <layoutConstraint xmi:type="notation:Location" xmi:id="_wY8TdmCMEeykCbr3t2LrVw" x="1" y="-33"/>
      </children>
      <styles xmi:type="notation:FontStyle" xmi:id="_wY8TcWCMEeykCbr3t2LrVw"/>
      <element xmi:type="uml:Message" href="Sequence%20Diagram.uml#_wYyicGCMEeykCbr3t2LrVw"/>
      <bendpoints xmi:type="notation:RelativeBendpoints" xmi:id="_wY8TcmCMEeykCbr3t2LrVw" points="[0, 0, 200, 0]$[-200, 0, 0, 0]"/>
      <sourceAnchor xmi:type="notation:IdentityAnchor" xmi:id="_wZOAQGCMEeykCbr3t2LrVw" id="(0.5,0.23714285714285716)"/>
      <targetAnchor xmi:type="notation:IdentityAnchor" xmi:id="_wZOAQWCMEeykCbr3t2LrVw" id="(0.5,0.23714285714285716)"/>
    </edges>
    <edges xmi:type="notation:Connector" xmi:id="__pqEcGCMEeykCbr3t2LrVw" type="Message_ReplyEdge" source="_eOPdkGCMEeykCbr3t2LrVw" target="_c49ssGCMEeykCbr3t2LrVw">
      <children xmi:type="notation:DecorationNode" xmi:id="__pqEc2CMEeykCbr3t2LrVw" type="Message_ReplyNameLabel">
        <layoutConstraint xmi:type="notation:Location" xmi:id="__pqEdGCMEeykCbr3t2LrVw" x="1" y="-13"/>
      </children>
      <children xmi:type="notation:DecorationNode" xmi:id="__pqEdWCMEeykCbr3t2LrVw" type="Message_ReplyStereotypeLabel">
        <layoutConstraint xmi:type="notation:Location" xmi:id="__pqEdmCMEeykCbr3t2LrVw" x="1" y="-33"/>
      </children>
      <styles xmi:type="notation:FontStyle" xmi:id="__pqEcWCMEeykCbr3t2LrVw"/>
      <element xmi:type="uml:Message" href="Sequence%20Diagram.uml#__pg6gGCMEeykCbr3t2LrVw"/>
      <bendpoints xmi:type="notation:RelativeBendpoints" xmi:id="__pqEcmCMEeykCbr3t2LrVw" points="[0, 0, 180, 0]$[-180, 0, 0, 0]"/>
      <sourceAnchor xmi:type="notation:IdentityAnchor" xmi:id="__p_boGCMEeykCbr3t2LrVw" id="(0.5,0.4657142857142857)"/>
      <targetAnchor xmi:type="notation:IdentityAnchor" xmi:id="__qACsGCMEeykCbr3t2LrVw" id="(0.5,0.4657142857142857)"/>
    </edges>
    <edges xmi:type="notation:Connector" xmi:id="_gCs9cGCPEeykCbr3t2LrVw" type="Message_SynchEdge" source="_gNAQUGCMEeykCbr3t2LrVw" target="_gNAQUGCMEeykCbr3t2LrVw">
      <children xmi:type="notation:DecorationNode" xmi:id="_gCs9c2CPEeykCbr3t2LrVw" type="Message_SynchNameLabel">
        <layoutConstraint xmi:type="notation:Location" xmi:id="_gCs9dGCPEeykCbr3t2LrVw" x="1" y="-13"/>
      </children>
      <children xmi:type="notation:DecorationNode" xmi:id="_gCs9dWCPEeykCbr3t2LrVw" type="Message_SynchStereotypeLabel">
        <layoutConstraint xmi:type="notation:Location" xmi:id="_gCs9dmCPEeykCbr3t2LrVw" x="1" y="-33"/>
      </children>
      <styles xmi:type="notation:FontStyle" xmi:id="_gCs9cWCPEeykCbr3t2LrVw"/>
      <element xmi:type="uml:Message" href="Sequence%20Diagram.uml#_gCbQoGCPEeykCbr3t2LrVw"/>
      <bendpoints xmi:type="notation:RelativeBendpoints" xmi:id="_gCs9cmCPEeykCbr3t2LrVw" points="[-10, 4, -10, -140]$[-10, 144, -10, 0]"/>
      <sourceAnchor xmi:type="notation:IdentityAnchor" xmi:id="_gDC7sGCPEeykCbr3t2LrVw" id="(0.5,0.29428571428571426)"/>
      <targetAnchor xmi:type="notation:IdentityAnchor" xmi:id="_gDDiwGCPEeykCbr3t2LrVw" id="(0.5,0.4085714285714286)"/>
    </edges>
    <edges xmi:type="notation:Connector" xmi:id="_itZpIGCPEeykCbr3t2LrVw" type="Message_ReplyEdge" source="_gNAQUGCMEeykCbr3t2LrVw" target="_eOPdkGCMEeykCbr3t2LrVw">
      <children xmi:type="notation:DecorationNode" xmi:id="_itZpI2CPEeykCbr3t2LrVw" type="Message_ReplyNameLabel">
        <layoutConstraint xmi:type="notation:Location" xmi:id="_itZpJGCPEeykCbr3t2LrVw" x="1" y="-13"/>
      </children>
      <children xmi:type="notation:DecorationNode" xmi:id="_itaQMGCPEeykCbr3t2LrVw" type="Message_ReplyStereotypeLabel">
        <layoutConstraint xmi:type="notation:Location" xmi:id="_itaQMWCPEeykCbr3t2LrVw" x="1" y="-33"/>
      </children>
      <styles xmi:type="notation:FontStyle" xmi:id="_itZpIWCPEeykCbr3t2LrVw"/>
      <element xmi:type="uml:Message" href="Sequence%20Diagram.uml#_itMNwGCPEeykCbr3t2LrVw"/>
      <bendpoints xmi:type="notation:RelativeBendpoints" xmi:id="_itZpImCPEeykCbr3t2LrVw" points="[-10, 7, 190, -120]$[-210, 127, -10, 0]"/>
      <sourceAnchor xmi:type="notation:IdentityAnchor" xmi:id="_itvAUGCPEeykCbr3t2LrVw" id="(0.5,0.43714285714285717)"/>
      <targetAnchor xmi:type="notation:IdentityAnchor" xmi:id="_itvnYGCPEeykCbr3t2LrVw" id="(0.5,0.43714285714285717)"/>
    </edges>
  </notation:Diagram>
  <notation:Diagram xmi:id="_BZcZUGCIEeykCbr3t2LrVw" type="PapyrusUMLSequenceDiagram" name="Sequence Diagram_5" measurementUnit="Pixel">
    <children xmi:type="notation:Shape" xmi:id="_BZcZUWCIEeykCbr3t2LrVw" type="Interaction_Shape">
      <children xmi:type="notation:DecorationNode" xmi:id="_BZcZUmCIEeykCbr3t2LrVw" type="Interaction_NameLabel"/>
      <children xmi:type="notation:BasicCompartment" xmi:id="_BZcZU2CIEeykCbr3t2LrVw" type="Interaction_SubfragmentCompartment">
        <children xmi:type="notation:Shape" xmi:id="_orIdwGCNEeykCbr3t2LrVw" type="Lifeline_Shape">
          <children xmi:type="notation:DecorationNode" xmi:id="_orIdwmCNEeykCbr3t2LrVw" type="Lifeline_NameLabel"/>
          <element xmi:type="uml:Lifeline" href="Sequence%20Diagram.uml#_orGokGCNEeykCbr3t2LrVw"/>
          <layoutConstraint xmi:type="notation:Bounds" xmi:id="_orIdwWCNEeykCbr3t2LrVw" x="74" y="10"/>
        </children>
        <children xmi:type="notation:Shape" xmi:id="_pz744GCNEeykCbr3t2LrVw" type="Lifeline_Shape">
          <children xmi:type="notation:DecorationNode" xmi:id="_pz744mCNEeykCbr3t2LrVw" type="Lifeline_NameLabel"/>
          <children xmi:type="notation:Shape" xmi:id="_BVBkoGCOEeykCbr3t2LrVw" type="ActionExecutionSpecification_Shape">
            <element xmi:type="uml:ActionExecutionSpecification" href="Sequence%20Diagram.uml#_BU8FEGCOEeykCbr3t2LrVw"/>
            <layoutConstraint xmi:type="notation:Bounds" xmi:id="_BVBkoWCOEeykCbr3t2LrVw" x="40" y="86" width="20" height="340"/>
          </children>
          <element xmi:type="uml:Lifeline" href="Sequence%20Diagram.uml#_pz5coGCNEeykCbr3t2LrVw"/>
          <layoutConstraint xmi:type="notation:Bounds" xmi:id="_pz744WCNEeykCbr3t2LrVw" x="254" y="10"/>
        </children>
        <children xmi:type="notation:Shape" xmi:id="_svN-QGCNEeykCbr3t2LrVw" type="Lifeline_Shape">
          <children xmi:type="notation:DecorationNode" xmi:id="_svOlUWCNEeykCbr3t2LrVw" type="Lifeline_NameLabel"/>
          <children xmi:type="notation:Shape" xmi:id="_Q7gxUGCOEeykCbr3t2LrVw" type="BehaviorExecutionSpecification_Shape">
            <children xmi:type="notation:DecorationNode" xmi:id="_Q7hYYGCOEeykCbr3t2LrVw" type="BehaviorExecutionSpecification_Behavior">
              <layoutConstraint xmi:type="notation:Location" xmi:id="_Q7h_cGCOEeykCbr3t2LrVw" x="18" y="18"/>
            </children>
            <element xmi:type="uml:BehaviorExecutionSpecification" href="Sequence%20Diagram.uml#_Q7aqsGCOEeykCbr3t2LrVw"/>
            <layoutConstraint xmi:type="notation:Bounds" xmi:id="_Q7gxUWCOEeykCbr3t2LrVw" x="40" y="106" width="20" height="280"/>
          </children>
          <element xmi:type="uml:Lifeline" href="Sequence%20Diagram.uml#_svLiAGCNEeykCbr3t2LrVw"/>
          <layoutConstraint xmi:type="notation:Bounds" xmi:id="_svOlUGCNEeykCbr3t2LrVw" x="454" y="10"/>
        </children>
        <children xmi:type="notation:Shape" xmi:id="_vJPJoGCNEeykCbr3t2LrVw" type="Lifeline_Shape">
          <children xmi:type="notation:DecorationNode" xmi:id="_vJPJomCNEeykCbr3t2LrVw" type="Lifeline_NameLabel"/>
          <children xmi:type="notation:Shape" xmi:id="_9YYTcGCOEeykCbr3t2LrVw" type="ActionExecutionSpecification_Shape">
            <element xmi:type="uml:ActionExecutionSpecification" href="Sequence%20Diagram.uml#_9YQXoGCOEeykCbr3t2LrVw"/>
            <layoutConstraint xmi:type="notation:Bounds" xmi:id="_9YYTcWCOEeykCbr3t2LrVw" x="40" y="226" width="20" height="60"/>
          </children>
          <element xmi:type="uml:Lifeline" href="Sequence%20Diagram.uml#_vJMGUGCNEeykCbr3t2LrVw"/>
          <layoutConstraint xmi:type="notation:Bounds" xmi:id="_vJPJoWCNEeykCbr3t2LrVw" x="634" y="10"/>
        </children>
        <layoutConstraint xmi:type="notation:Bounds" xmi:id="_BZcZVGCIEeykCbr3t2LrVw"/>
      </children>
      <element xmi:type="uml:Interaction" href="Sequence%20Diagram.uml#_BZZWAGCIEeykCbr3t2LrVw"/>
      <layoutConstraint xmi:type="notation:Bounds" xmi:id="_BZcZVWCIEeykCbr3t2LrVw"/>
    </children>
    <styles xmi:type="notation:StringValueStyle" xmi:id="_BZcZVmCIEeykCbr3t2LrVw" name="diagram_compatibility_version" stringValue="1.4.0"/>
    <styles xmi:type="notation:DiagramStyle" xmi:id="_BZcZV2CIEeykCbr3t2LrVw"/>
    <styles xmi:type="style:PapyrusDiagramStyle" xmi:id="_BZcZWGCIEeykCbr3t2LrVw" diagramKindId="org.eclipse.papyrus.uml.diagram.sequence">
      <owner xmi:type="uml:Model" href="Sequence%20Diagram.uml#_BQU5kGCIEeykCbr3t2LrVw"/>
    </styles>
    <element xmi:type="uml:Interaction" href="Sequence%20Diagram.uml#_BZZWAGCIEeykCbr3t2LrVw"/>
    <edges xmi:type="notation:Connector" xmi:id="_zHERIGCNEeykCbr3t2LrVw" type="Message_AsynchEdge" source="_orIdwGCNEeykCbr3t2LrVw" target="_pz744GCNEeykCbr3t2LrVw">
      <children xmi:type="notation:DecorationNode" xmi:id="_zHE4MGCNEeykCbr3t2LrVw" type="Message_AsynchNameLabel">
        <layoutConstraint xmi:type="notation:Location" xmi:id="_zHE4MWCNEeykCbr3t2LrVw" x="1" y="-13"/>
      </children>
      <children xmi:type="notation:DecorationNode" xmi:id="_zHE4MmCNEeykCbr3t2LrVw" type="Message_AsynchStereotypeLabel">
        <layoutConstraint xmi:type="notation:Location" xmi:id="_zHE4M2CNEeykCbr3t2LrVw" x="1" y="-33"/>
      </children>
      <styles xmi:type="notation:FontStyle" xmi:id="_zHERIWCNEeykCbr3t2LrVw"/>
      <element xmi:type="uml:Message" href="Sequence%20Diagram.uml#_zG7uQGCNEeykCbr3t2LrVw"/>
      <bendpoints xmi:type="notation:RelativeBendpoints" xmi:id="_zHERImCNEeykCbr3t2LrVw" points="[0, 0, -180, 0]$[180, 0, 0, 0]"/>
      <sourceAnchor xmi:type="notation:IdentityAnchor" xmi:id="_zHcroGCNEeykCbr3t2LrVw" id="(0.5,0.12285714285714286)"/>
      <targetAnchor xmi:type="notation:IdentityAnchor" xmi:id="_zHdSsGCNEeykCbr3t2LrVw" id="(0.5,0.12285714285714286)"/>
    </edges>
    <edges xmi:type="notation:Connector" xmi:id="__0atgGCNEeykCbr3t2LrVw" type="Message_ReplyEdge" source="_pz744GCNEeykCbr3t2LrVw" target="_orIdwGCNEeykCbr3t2LrVw">
      <children xmi:type="notation:DecorationNode" xmi:id="__0atg2CNEeykCbr3t2LrVw" type="Message_ReplyNameLabel">
        <layoutConstraint xmi:type="notation:Location" xmi:id="__0athGCNEeykCbr3t2LrVw" x="1" y="-13"/>
      </children>
      <children xmi:type="notation:DecorationNode" xmi:id="__0athWCNEeykCbr3t2LrVw" type="Message_ReplyStereotypeLabel">
        <layoutConstraint xmi:type="notation:Location" xmi:id="__0athmCNEeykCbr3t2LrVw" x="1" y="-33"/>
      </children>
      <styles xmi:type="notation:FontStyle" xmi:id="__0atgWCNEeykCbr3t2LrVw"/>
      <element xmi:type="uml:Message" href="Sequence%20Diagram.uml#__0SxsGCNEeykCbr3t2LrVw"/>
      <bendpoints xmi:type="notation:RelativeBendpoints" xmi:id="__0atgmCNEeykCbr3t2LrVw" points="[0, 0, 180, 0]$[-180, 0, 0, 0]"/>
      <sourceAnchor xmi:type="notation:IdentityAnchor" xmi:id="__0qlIGCNEeykCbr3t2LrVw" id="(0.5,0.6085714285714285)"/>
      <targetAnchor xmi:type="notation:IdentityAnchor" xmi:id="__0rMMGCNEeykCbr3t2LrVw" id="(0.5,0.6085714285714285)"/>
    </edges>
    <edges xmi:type="notation:Connector" xmi:id="_FgvXIGCOEeykCbr3t2LrVw" type="Message_AsynchEdge" source="_pz744GCNEeykCbr3t2LrVw" target="_svN-QGCNEeykCbr3t2LrVw">
      <children xmi:type="notation:DecorationNode" xmi:id="_Fgv-MGCOEeykCbr3t2LrVw" type="Message_AsynchNameLabel">
        <layoutConstraint xmi:type="notation:Location" xmi:id="_Fgv-MWCOEeykCbr3t2LrVw" x="1" y="-13"/>
      </children>
      <children xmi:type="notation:DecorationNode" xmi:id="_Fgv-MmCOEeykCbr3t2LrVw" type="Message_AsynchStereotypeLabel">
        <layoutConstraint xmi:type="notation:Location" xmi:id="_Fgv-M2COEeykCbr3t2LrVw" x="1" y="-33"/>
      </children>
      <styles xmi:type="notation:FontStyle" xmi:id="_FgvXIWCOEeykCbr3t2LrVw"/>
      <element xmi:type="uml:Message" href="Sequence%20Diagram.uml#_FggtoGCOEeykCbr3t2LrVw"/>
      <bendpoints xmi:type="notation:RelativeBendpoints" xmi:id="_FgvXImCOEeykCbr3t2LrVw" points="[-10, 4, -190, 20]$[180, -16, 0, 0]"/>
      <sourceAnchor xmi:type="notation:IdentityAnchor" xmi:id="_FhAc4GCOEeykCbr3t2LrVw" id="(0.5,0.15142857142857144)"/>
      <targetAnchor xmi:type="notation:IdentityAnchor" xmi:id="_FhAc4WCOEeykCbr3t2LrVw" id="(0.5,0.15142857142857144)"/>
    </edges>
    <edges xmi:type="notation:Connector" xmi:id="_VeHZ0GCOEeykCbr3t2LrVw" type="Message_AsynchEdge" source="_svN-QGCNEeykCbr3t2LrVw" target="_pz744GCNEeykCbr3t2LrVw">
      <children xmi:type="notation:DecorationNode" xmi:id="_VeIA4GCOEeykCbr3t2LrVw" type="Message_AsynchNameLabel">
        <layoutConstraint xmi:type="notation:Location" xmi:id="_VeIA4WCOEeykCbr3t2LrVw" x="1" y="-13"/>
      </children>
      <children xmi:type="notation:DecorationNode" xmi:id="_VeIA4mCOEeykCbr3t2LrVw" type="Message_AsynchStereotypeLabel">
        <layoutConstraint xmi:type="notation:Location" xmi:id="_VeIA42COEeykCbr3t2LrVw" x="1" y="-33"/>
      </children>
      <styles xmi:type="notation:FontStyle" xmi:id="_VeHZ0WCOEeykCbr3t2LrVw"/>
      <element xmi:type="uml:Message" href="Sequence%20Diagram.uml#_Vd6lgGCOEeykCbr3t2LrVw"/>
      <bendpoints xmi:type="notation:RelativeBendpoints" xmi:id="_VeHZ0mCOEeykCbr3t2LrVw" points="[-10, -9, 190, -140]$[-210, 131, -10, 0]"/>
      <sourceAnchor xmi:type="notation:IdentityAnchor" xmi:id="_VecJ8GCOEeykCbr3t2LrVw" id="(0.5,0.5514285714285714)"/>
      <targetAnchor xmi:type="notation:IdentityAnchor" xmi:id="_VecxAGCOEeykCbr3t2LrVw" id="(0.5,0.5514285714285714)"/>
    </edges>
    <edges xmi:type="notation:Connector" xmi:id="_mQz68GCOEeykCbr3t2LrVw" type="Message_SynchEdge" source="_svN-QGCNEeykCbr3t2LrVw" target="_svN-QGCNEeykCbr3t2LrVw">
      <children xmi:type="notation:DecorationNode" xmi:id="_mQ0iAGCOEeykCbr3t2LrVw" type="Message_SynchNameLabel">
        <layoutConstraint xmi:type="notation:Location" xmi:id="_mQ0iAWCOEeykCbr3t2LrVw" x="1" y="-13"/>
      </children>
      <children xmi:type="notation:DecorationNode" xmi:id="_mQ0iAmCOEeykCbr3t2LrVw" type="Message_SynchStereotypeLabel">
        <layoutConstraint xmi:type="notation:Location" xmi:id="_mQ0iA2COEeykCbr3t2LrVw" x="1" y="-33"/>
      </children>
      <styles xmi:type="notation:FontStyle" xmi:id="_mQz68WCOEeykCbr3t2LrVw"/>
      <element xmi:type="uml:Message" href="Sequence%20Diagram.uml#_mQntsGCOEeykCbr3t2LrVw"/>
      <bendpoints xmi:type="notation:RelativeBendpoints" xmi:id="_mQz68mCOEeykCbr3t2LrVw" points="[-10, 40, -10, -40]$[52, 40, 52, -40]$[52, 80, 52, 0]$[-10, 80, -10, 0]"/>
      <sourceAnchor xmi:type="notation:IdentityAnchor" xmi:id="_mRIrEGCOEeykCbr3t2LrVw" id="(0.5,0.23714285714285716)"/>
      <targetAnchor xmi:type="notation:IdentityAnchor" xmi:id="_mRJSIGCOEeykCbr3t2LrVw" id="(0.5,0.29428571428571426)"/>
    </edges>
    <edges xmi:type="notation:Connector" xmi:id="_52ZacGCOEeykCbr3t2LrVw" type="Message_AsynchEdge" source="_svN-QGCNEeykCbr3t2LrVw" target="_vJPJoGCNEeykCbr3t2LrVw">
      <children xmi:type="notation:DecorationNode" xmi:id="_52Zac2COEeykCbr3t2LrVw" type="Message_AsynchNameLabel">
        <layoutConstraint xmi:type="notation:Location" xmi:id="_52aBgGCOEeykCbr3t2LrVw" x="25" y="7"/>
      </children>
      <children xmi:type="notation:DecorationNode" xmi:id="_52aBgWCOEeykCbr3t2LrVw" type="Message_AsynchStereotypeLabel">
        <layoutConstraint xmi:type="notation:Location" xmi:id="_52aBgmCOEeykCbr3t2LrVw" x="1" y="-33"/>
      </children>
      <styles xmi:type="notation:FontStyle" xmi:id="_52ZacWCOEeykCbr3t2LrVw"/>
      <element xmi:type="uml:Message" href="Sequence%20Diagram.uml#_52PCYGCOEeykCbr3t2LrVw"/>
      <bendpoints xmi:type="notation:RelativeBendpoints" xmi:id="_52ZacmCOEeykCbr3t2LrVw" points="[-10, 10, -190, -40]$[180, 50, 0, 0]"/>
      <sourceAnchor xmi:type="notation:IdentityAnchor" xmi:id="_52v_wGCOEeykCbr3t2LrVw" id="(0.5,0.32285714285714284)"/>
      <targetAnchor xmi:type="notation:IdentityAnchor" xmi:id="_52wm0GCOEeykCbr3t2LrVw" id="(0.5,0.32285714285714284)"/>
    </edges>
    <edges xmi:type="notation:Connector" xmi:id="_7kZ0YGCOEeykCbr3t2LrVw" type="Message_ReplyEdge" source="_vJPJoGCNEeykCbr3t2LrVw" target="_svN-QGCNEeykCbr3t2LrVw">
      <children xmi:type="notation:DecorationNode" xmi:id="_7kZ0Y2COEeykCbr3t2LrVw" type="Message_ReplyNameLabel">
        <layoutConstraint xmi:type="notation:Location" xmi:id="_7kZ0ZGCOEeykCbr3t2LrVw" x="1" y="-13"/>
      </children>
      <children xmi:type="notation:DecorationNode" xmi:id="_7kZ0ZWCOEeykCbr3t2LrVw" type="Message_ReplyStereotypeLabel">
        <layoutConstraint xmi:type="notation:Location" xmi:id="_7kZ0ZmCOEeykCbr3t2LrVw" x="1" y="-33"/>
      </children>
      <styles xmi:type="notation:FontStyle" xmi:id="_7kZ0YWCOEeykCbr3t2LrVw"/>
      <element xmi:type="uml:Message" href="Sequence%20Diagram.uml#_7kOOMGCOEeykCbr3t2LrVw"/>
      <bendpoints xmi:type="notation:RelativeBendpoints" xmi:id="_7kZ0YmCOEeykCbr3t2LrVw" points="[0, 0, 180, 0]$[-190, 0, -10, 0]"/>
      <sourceAnchor xmi:type="notation:IdentityAnchor" xmi:id="_7ktWYGCOEeykCbr3t2LrVw" id="(0.5,0.38)"/>
      <targetAnchor xmi:type="notation:IdentityAnchor" xmi:id="_7kt9cGCOEeykCbr3t2LrVw" id="(0.5,0.38)"/>
    </edges>
  </notation:Diagram>
  <notation:Diagram xmi:id="_BZjuEGCIEeykCbr3t2LrVw" type="PapyrusUMLSequenceDiagram" name="Sequence Diagram_6" measurementUnit="Pixel">
    <children xmi:type="notation:Shape" xmi:id="_BZkVIGCIEeykCbr3t2LrVw" type="Interaction_Shape">
      <children xmi:type="notation:DecorationNode" xmi:id="_BZkVIWCIEeykCbr3t2LrVw" type="Interaction_NameLabel"/>
      <children xmi:type="notation:BasicCompartment" xmi:id="_BZkVImCIEeykCbr3t2LrVw" type="Interaction_SubfragmentCompartment">
        <layoutConstraint xmi:type="notation:Bounds" xmi:id="_BZkVI2CIEeykCbr3t2LrVw"/>
      </children>
      <element xmi:type="uml:Interaction" href="Sequence%20Diagram.uml#_BZh44GCIEeykCbr3t2LrVw"/>
      <layoutConstraint xmi:type="notation:Bounds" xmi:id="_BZkVJGCIEeykCbr3t2LrVw"/>
    </children>
    <styles xmi:type="notation:StringValueStyle" xmi:id="_BZkVJWCIEeykCbr3t2LrVw" name="diagram_compatibility_version" stringValue="1.4.0"/>
    <styles xmi:type="notation:DiagramStyle" xmi:id="_BZkVJmCIEeykCbr3t2LrVw"/>
    <styles xmi:type="style:PapyrusDiagramStyle" xmi:id="_BZkVJ2CIEeykCbr3t2LrVw" diagramKindId="org.eclipse.papyrus.uml.diagram.sequence">
      <owner xmi:type="uml:Model" href="Sequence%20Diagram.uml#_BQU5kGCIEeykCbr3t2LrVw"/>
    </styles>
    <element xmi:type="uml:Interaction" href="Sequence%20Diagram.uml#_BZh44GCIEeykCbr3t2LrVw"/>
  </notation:Diagram>
  <notation:Diagram xmi:id="_BZrp4GCIEeykCbr3t2LrVw" type="PapyrusUMLSequenceDiagram" name="Sequence Diagram_7" measurementUnit="Pixel">
    <children xmi:type="notation:Shape" xmi:id="_BZsQ8GCIEeykCbr3t2LrVw" type="Interaction_Shape">
      <children xmi:type="notation:DecorationNode" xmi:id="_BZsQ8WCIEeykCbr3t2LrVw" type="Interaction_NameLabel"/>
      <children xmi:type="notation:BasicCompartment" xmi:id="_BZsQ8mCIEeykCbr3t2LrVw" type="Interaction_SubfragmentCompartment">
        <children xmi:type="notation:Shape" xmi:id="_A0ta8GCQEeykCbr3t2LrVw" type="Lifeline_Shape">
          <children xmi:type="notation:DecorationNode" xmi:id="_A0uCAGCQEeykCbr3t2LrVw" type="Lifeline_NameLabel"/>
          <children xmi:type="notation:Shape" xmi:id="_iPyqoGCQEeykCbr3t2LrVw" type="ActionExecutionSpecification_Shape">
            <element xmi:type="uml:ActionExecutionSpecification" href="Sequence%20Diagram.uml#_iPr88GCQEeykCbr3t2LrVw"/>
            <layoutConstraint xmi:type="notation:Bounds" xmi:id="_iPyqoWCQEeykCbr3t2LrVw" x="40" y="46" width="20" height="461"/>
          </children>
          <element xmi:type="uml:Lifeline" href="Sequence%20Diagram.uml#_A0rlwGCQEeykCbr3t2LrVw"/>
          <layoutConstraint xmi:type="notation:Bounds" xmi:id="_A0ta8WCQEeykCbr3t2LrVw" x="34" y="10"/>
        </children>
        <children xmi:type="notation:Shape" xmi:id="_Cnu3wGCQEeykCbr3t2LrVw" type="Lifeline_Shape">
          <children xmi:type="notation:DecorationNode" xmi:id="_Cnve0GCQEeykCbr3t2LrVw" type="Lifeline_NameLabel"/>
          <children xmi:type="notation:Shape" xmi:id="_lOJSIGCQEeykCbr3t2LrVw" type="ActionExecutionSpecification_Shape">
            <element xmi:type="uml:ActionExecutionSpecification" href="Sequence%20Diagram.uml#_lOCkcGCQEeykCbr3t2LrVw"/>
            <layoutConstraint xmi:type="notation:Bounds" xmi:id="_lOJSIWCQEeykCbr3t2LrVw" x="40" y="46" width="20" height="100"/>
          </children>
          <children xmi:type="notation:Shape" xmi:id="_GqAk8GCREeykCbr3t2LrVw" type="ActionExecutionSpecification_Shape">
            <element xmi:type="uml:ActionExecutionSpecification" href="Sequence%20Diagram.uml#_Gp4CEGCREeykCbr3t2LrVw"/>
            <layoutConstraint xmi:type="notation:Bounds" xmi:id="_GqAk8WCREeykCbr3t2LrVw" x="40" y="186" width="20" height="41"/>
          </children>
          <element xmi:type="uml:Lifeline" href="Sequence%20Diagram.uml#_CnsbgGCQEeykCbr3t2LrVw"/>
          <layoutConstraint xmi:type="notation:Bounds" xmi:id="_Cnu3wWCQEeykCbr3t2LrVw" x="175" y="10"/>
        </children>
        <children xmi:type="notation:Shape" xmi:id="_GGYv8GCQEeykCbr3t2LrVw" type="Lifeline_Shape">
          <children xmi:type="notation:DecorationNode" xmi:id="_GGYv8mCQEeykCbr3t2LrVw" type="Lifeline_NameLabel"/>
          <children xmi:type="notation:Shape" xmi:id="_pjdFgGCQEeykCbr3t2LrVw" type="ActionExecutionSpecification_Shape">
            <element xmi:type="uml:ActionExecutionSpecification" href="Sequence%20Diagram.uml#_pjVwwGCQEeykCbr3t2LrVw"/>
            <layoutConstraint xmi:type="notation:Bounds" xmi:id="_pjdFgWCQEeykCbr3t2LrVw" x="40" y="66" width="20" height="41"/>
          </children>
          <children xmi:type="notation:Shape" xmi:id="_Oap2wGCREeykCbr3t2LrVw" type="BehaviorExecutionSpecification_Shape">
            <children xmi:type="notation:DecorationNode" xmi:id="_OarE4GCREeykCbr3t2LrVw" type="BehaviorExecutionSpecification_Behavior">
              <layoutConstraint xmi:type="notation:Location" xmi:id="_OarE4WCREeykCbr3t2LrVw" x="18" y="18"/>
            </children>
            <element xmi:type="uml:BehaviorExecutionSpecification" href="Sequence%20Diagram.uml#_OanagGCREeykCbr3t2LrVw"/>
            <layoutConstraint xmi:type="notation:Bounds" xmi:id="_Oap2wWCREeykCbr3t2LrVw" x="40" y="266" width="20" height="41"/>
          </children>
          <element xmi:type="uml:Lifeline" href="Sequence%20Diagram.uml#_GGVsoGCQEeykCbr3t2LrVw"/>
          <layoutConstraint xmi:type="notation:Bounds" xmi:id="_GGYv8WCQEeykCbr3t2LrVw" x="314" y="10"/>
        </children>
        <children xmi:type="notation:Shape" xmi:id="_H9s24GCQEeykCbr3t2LrVw" type="Lifeline_Shape">
          <children xmi:type="notation:DecorationNode" xmi:id="_H9s24mCQEeykCbr3t2LrVw" type="Lifeline_NameLabel"/>
          <children xmi:type="notation:Shape" xmi:id="_DcdD0GCREeykCbr3t2LrVw" type="ActionExecutionSpecification_Shape">
            <element xmi:type="uml:ActionExecutionSpecification" href="Sequence%20Diagram.uml#_DcT54GCREeykCbr3t2LrVw"/>
            <layoutConstraint xmi:type="notation:Bounds" xmi:id="_DcdD0WCREeykCbr3t2LrVw" x="50" y="166" width="20" height="281"/>
          </children>
          <element xmi:type="uml:Lifeline" href="Sequence%20Diagram.uml#_H9pzkGCQEeykCbr3t2LrVw"/>
          <layoutConstraint xmi:type="notation:Bounds" xmi:id="_H9s24WCQEeykCbr3t2LrVw" x="454" y="10" width="121"/>
        </children>
        <children xmi:type="notation:Shape" xmi:id="_LgMtQGCQEeykCbr3t2LrVw" type="Lifeline_Shape">
          <children xmi:type="notation:DecorationNode" xmi:id="_LgMtQmCQEeykCbr3t2LrVw" type="Lifeline_NameLabel"/>
          <children xmi:type="notation:Shape" xmi:id="_2GZMMGCREeykCbr3t2LrVw" type="ActionExecutionSpecification_Shape">
            <element xmi:type="uml:ActionExecutionSpecification" href="Sequence%20Diagram.uml#_2GMX4GCREeykCbr3t2LrVw"/>
            <layoutConstraint xmi:type="notation:Bounds" xmi:id="_2GZMMWCREeykCbr3t2LrVw" x="40" y="386" width="20" height="120"/>
          </children>
          <element xmi:type="uml:Lifeline" href="Sequence%20Diagram.uml#_LgJC4GCQEeykCbr3t2LrVw"/>
          <layoutConstraint xmi:type="notation:Bounds" xmi:id="_LgMtQWCQEeykCbr3t2LrVw" x="614" y="10"/>
        </children>
        <children xmi:type="notation:Shape" xmi:id="_PSHfsGCQEeykCbr3t2LrVw" type="Lifeline_Shape">
          <children xmi:type="notation:DecorationNode" xmi:id="_PSHfsmCQEeykCbr3t2LrVw" type="Lifeline_NameLabel"/>
          <children xmi:type="notation:Shape" xmi:id="_a7coYGCSEeykCbr3t2LrVw" type="ActionExecutionSpecification_Shape">
            <element xmi:type="uml:ActionExecutionSpecification" href="Sequence%20Diagram.uml#_a7MJsGCSEeykCbr3t2LrVw"/>
            <layoutConstraint xmi:type="notation:Bounds" xmi:id="_a7coYWCSEeykCbr3t2LrVw" x="70" y="386" width="20" height="100"/>
          </children>
          <element xmi:type="uml:Lifeline" href="Sequence%20Diagram.uml#_PSDOQGCQEeykCbr3t2LrVw"/>
          <layoutConstraint xmi:type="notation:Bounds" xmi:id="_PSHfsWCQEeykCbr3t2LrVw" x="774" y="10" width="161"/>
        </children>
        <layoutConstraint xmi:type="notation:Bounds" xmi:id="_BZsQ82CIEeykCbr3t2LrVw"/>
      </children>
      <element xmi:type="uml:Interaction" href="Sequence%20Diagram.uml#_BZqbwGCIEeykCbr3t2LrVw"/>
      <layoutConstraint xmi:type="notation:Bounds" xmi:id="_BZsQ9GCIEeykCbr3t2LrVw"/>
    </children>
    <styles xmi:type="notation:StringValueStyle" xmi:id="_BZsQ9WCIEeykCbr3t2LrVw" name="diagram_compatibility_version" stringValue="1.4.0"/>
    <styles xmi:type="notation:DiagramStyle" xmi:id="_BZsQ9mCIEeykCbr3t2LrVw"/>
    <styles xmi:type="style:PapyrusDiagramStyle" xmi:id="_BZsQ92CIEeykCbr3t2LrVw" diagramKindId="org.eclipse.papyrus.uml.diagram.sequence">
      <owner xmi:type="uml:Model" href="Sequence%20Diagram.uml#_BQU5kGCIEeykCbr3t2LrVw"/>
    </styles>
    <element xmi:type="uml:Interaction" href="Sequence%20Diagram.uml#_BZqbwGCIEeykCbr3t2LrVw"/>
    <edges xmi:type="notation:Connector" xmi:id="_YqPFoGCQEeykCbr3t2LrVw" type="Message_AsynchEdge" source="_A0ta8GCQEeykCbr3t2LrVw" target="_Cnu3wGCQEeykCbr3t2LrVw">
      <children xmi:type="notation:DecorationNode" xmi:id="_YqPFo2CQEeykCbr3t2LrVw" type="Message_AsynchNameLabel">
        <layoutConstraint xmi:type="notation:Location" xmi:id="_YqPFpGCQEeykCbr3t2LrVw" x="1" y="-13"/>
      </children>
      <children xmi:type="notation:DecorationNode" xmi:id="_YqPFpWCQEeykCbr3t2LrVw" type="Message_AsynchStereotypeLabel">
        <layoutConstraint xmi:type="notation:Location" xmi:id="_YqPFpmCQEeykCbr3t2LrVw" x="1" y="-33"/>
      </children>
      <styles xmi:type="notation:FontStyle" xmi:id="_YqPFoWCQEeykCbr3t2LrVw"/>
      <element xmi:type="uml:Message" href="Sequence%20Diagram.uml#_YqIX8GCQEeykCbr3t2LrVw"/>
      <bendpoints xmi:type="notation:RelativeBendpoints" xmi:id="_YqPFomCQEeykCbr3t2LrVw" points="[0, 0, -140, 0]$[140, 0, 0, 0]"/>
      <sourceAnchor xmi:type="notation:IdentityAnchor" xmi:id="_YqdvIGCQEeykCbr3t2LrVw" id="(0.5,0.06571428571428571)"/>
      <targetAnchor xmi:type="notation:IdentityAnchor" xmi:id="_YqeWMGCQEeykCbr3t2LrVw" id="(0.5,0.06571428571428571)"/>
    </edges>
    <edges xmi:type="notation:Connector" xmi:id="_buBmwGCQEeykCbr3t2LrVw" type="Message_AsynchEdge" source="_Cnu3wGCQEeykCbr3t2LrVw" target="_GGYv8GCQEeykCbr3t2LrVw">
      <children xmi:type="notation:DecorationNode" xmi:id="_buBmw2CQEeykCbr3t2LrVw" type="Message_AsynchNameLabel">
        <layoutConstraint xmi:type="notation:Location" xmi:id="_buBmxGCQEeykCbr3t2LrVw" x="1" y="-13"/>
      </children>
      <children xmi:type="notation:DecorationNode" xmi:id="_buBmxWCQEeykCbr3t2LrVw" type="Message_AsynchStereotypeLabel">
        <layoutConstraint xmi:type="notation:Location" xmi:id="_buBmxmCQEeykCbr3t2LrVw" x="1" y="-33"/>
      </children>
      <styles xmi:type="notation:FontStyle" xmi:id="_buBmwWCQEeykCbr3t2LrVw"/>
      <element xmi:type="uml:Message" href="Sequence%20Diagram.uml#_bt5D4GCQEeykCbr3t2LrVw"/>
      <bendpoints xmi:type="notation:RelativeBendpoints" xmi:id="_buBmwmCQEeykCbr3t2LrVw" points="[0, 0, -140, 0]$[140, 0, 0, 0]"/>
      <sourceAnchor xmi:type="notation:IdentityAnchor" xmi:id="_buSFcGCQEeykCbr3t2LrVw" id="(0.5,0.09428571428571429)"/>
      <targetAnchor xmi:type="notation:IdentityAnchor" xmi:id="_buSsgGCQEeykCbr3t2LrVw" id="(0.5,0.09428571428571429)"/>
    </edges>
    <edges xmi:type="notation:Connector" xmi:id="_eFB6YGCQEeykCbr3t2LrVw" type="Message_AsynchEdge" source="_A0ta8GCQEeykCbr3t2LrVw" target="_Cnu3wGCQEeykCbr3t2LrVw">
      <children xmi:type="notation:DecorationNode" xmi:id="_eFB6Y2CQEeykCbr3t2LrVw" type="Message_AsynchNameLabel">
        <layoutConstraint xmi:type="notation:Location" xmi:id="_eFB6ZGCQEeykCbr3t2LrVw" x="1" y="-13"/>
      </children>
      <children xmi:type="notation:DecorationNode" xmi:id="_eFB6ZWCQEeykCbr3t2LrVw" type="Message_AsynchStereotypeLabel">
        <layoutConstraint xmi:type="notation:Location" xmi:id="_eFChcGCQEeykCbr3t2LrVw" x="1" y="-33"/>
      </children>
      <styles xmi:type="notation:FontStyle" xmi:id="_eFB6YWCQEeykCbr3t2LrVw"/>
      <element xmi:type="uml:Message" href="Sequence%20Diagram.uml#_eE4JYGCQEeykCbr3t2LrVw"/>
      <bendpoints xmi:type="notation:RelativeBendpoints" xmi:id="_eFB6YmCQEeykCbr3t2LrVw" points="[0, 0, -140, 0]$[140, 0, 0, 0]"/>
      <sourceAnchor xmi:type="notation:IdentityAnchor" xmi:id="_eFUOQGCQEeykCbr3t2LrVw" id="(0.5,0.18)"/>
      <targetAnchor xmi:type="notation:IdentityAnchor" xmi:id="_eFU1UGCQEeykCbr3t2LrVw" id="(0.5,0.18)"/>
    </edges>
    <edges xmi:type="notation:Connector" xmi:id="_v-XTcGCQEeykCbr3t2LrVw" type="Message_AsynchEdge" source="_A0ta8GCQEeykCbr3t2LrVw" target="_H9s24GCQEeykCbr3t2LrVw">
      <children xmi:type="notation:DecorationNode" xmi:id="_v-X6gGCQEeykCbr3t2LrVw" type="Message_AsynchNameLabel">
        <layoutConstraint xmi:type="notation:Location" xmi:id="_v-X6gWCQEeykCbr3t2LrVw" x="1" y="-13"/>
      </children>
      <children xmi:type="notation:DecorationNode" xmi:id="_v-X6gmCQEeykCbr3t2LrVw" type="Message_AsynchStereotypeLabel">
        <layoutConstraint xmi:type="notation:Location" xmi:id="_v-X6g2CQEeykCbr3t2LrVw" x="1" y="-33"/>
      </children>
      <styles xmi:type="notation:FontStyle" xmi:id="_v-XTcWCQEeykCbr3t2LrVw"/>
      <element xmi:type="uml:Message" href="Sequence%20Diagram.uml#_v-M7YGCQEeykCbr3t2LrVw"/>
      <bendpoints xmi:type="notation:RelativeBendpoints" xmi:id="_v-XTcmCQEeykCbr3t2LrVw" points="[-10, 1, -440, -20]$[430, 21, 0, 0]"/>
      <sourceAnchor xmi:type="notation:IdentityAnchor" xmi:id="_v-uf0GCQEeykCbr3t2LrVw" id="(0.5,0.23714285714285716)"/>
      <targetAnchor xmi:type="notation:IdentityAnchor" xmi:id="_v-vG4GCQEeykCbr3t2LrVw" id="(0.5,0.23714285714285716)"/>
    </edges>
    <edges xmi:type="notation:Connector" xmi:id="_zS7bgGCQEeykCbr3t2LrVw" type="Message_ReplyEdge" source="_H9s24GCQEeykCbr3t2LrVw" target="_Cnu3wGCQEeykCbr3t2LrVw">
      <children xmi:type="notation:DecorationNode" xmi:id="_zS8CkGCQEeykCbr3t2LrVw" type="Message_ReplyNameLabel">
        <layoutConstraint xmi:type="notation:Location" xmi:id="_zS8CkWCQEeykCbr3t2LrVw" x="-72" y="-7"/>
      </children>
      <children xmi:type="notation:DecorationNode" xmi:id="_zS8CkmCQEeykCbr3t2LrVw" type="Message_ReplyStereotypeLabel">
        <layoutConstraint xmi:type="notation:Location" xmi:id="_zS8Ck2CQEeykCbr3t2LrVw" x="1" y="-33"/>
      </children>
      <styles xmi:type="notation:FontStyle" xmi:id="_zS7bgWCQEeykCbr3t2LrVw"/>
      <element xmi:type="uml:Message" href="Sequence%20Diagram.uml#_zSuAIGCQEeykCbr3t2LrVw"/>
      <bendpoints xmi:type="notation:RelativeBendpoints" xmi:id="_zS7bgmCQEeykCbr3t2LrVw" points="[0, 0, 289, 0]$[-289, 0, 0, 0]"/>
      <sourceAnchor xmi:type="notation:IdentityAnchor" xmi:id="_zTRZwGCQEeykCbr3t2LrVw" id="(0.5,0.26571428571428574)"/>
      <targetAnchor xmi:type="notation:IdentityAnchor" xmi:id="_zTSA0GCQEeykCbr3t2LrVw" id="(0.5,0.26571428571428574)"/>
    </edges>
    <edges xmi:type="notation:Connector" xmi:id="__8gyMGCQEeykCbr3t2LrVw" type="Message_AsynchEdge" source="_Cnu3wGCQEeykCbr3t2LrVw" target="_H9s24GCQEeykCbr3t2LrVw">
      <children xmi:type="notation:DecorationNode" xmi:id="__8gyM2CQEeykCbr3t2LrVw" type="Message_AsynchNameLabel">
        <layoutConstraint xmi:type="notation:Location" xmi:id="__8hZQGCQEeykCbr3t2LrVw" x="1" y="-13"/>
      </children>
      <children xmi:type="notation:DecorationNode" xmi:id="__8hZQWCQEeykCbr3t2LrVw" type="Message_AsynchStereotypeLabel">
        <layoutConstraint xmi:type="notation:Location" xmi:id="__8hZQmCQEeykCbr3t2LrVw" x="1" y="-33"/>
      </children>
      <styles xmi:type="notation:FontStyle" xmi:id="__8gyMWCQEeykCbr3t2LrVw"/>
      <element xmi:type="uml:Message" href="Sequence%20Diagram.uml#__8VzEGCQEeykCbr3t2LrVw"/>
      <bendpoints xmi:type="notation:RelativeBendpoints" xmi:id="__8gyMmCQEeykCbr3t2LrVw" points="[0, 0, -289, 0]$[289, 0, 0, 0]"/>
      <sourceAnchor xmi:type="notation:IdentityAnchor" xmi:id="__81iUGCQEeykCbr3t2LrVw" id="(0.5,0.32285714285714284)"/>
      <targetAnchor xmi:type="notation:IdentityAnchor" xmi:id="__82JYGCQEeykCbr3t2LrVw" id="(0.5,0.32285714285714284)"/>
    </edges>
    <edges xmi:type="notation:Connector" xmi:id="_OZ4asGCREeykCbr3t2LrVw" type="Message_SynchEdge" source="_H9s24GCQEeykCbr3t2LrVw" target="_GGYv8GCQEeykCbr3t2LrVw">
      <children xmi:type="notation:DecorationNode" xmi:id="_OZ4as2CREeykCbr3t2LrVw" type="Message_SynchNameLabel">
        <layoutConstraint xmi:type="notation:Location" xmi:id="_OZ4atGCREeykCbr3t2LrVw" x="1" y="-7"/>
      </children>
      <children xmi:type="notation:DecorationNode" xmi:id="_OZ4atWCREeykCbr3t2LrVw" type="Message_SynchStereotypeLabel">
        <layoutConstraint xmi:type="notation:Location" xmi:id="_OZ4atmCREeykCbr3t2LrVw" x="1" y="-33"/>
      </children>
      <styles xmi:type="notation:FontStyle" xmi:id="_OZ4asWCREeykCbr3t2LrVw"/>
      <element xmi:type="uml:Message" href="Sequence%20Diagram.uml#_OZs0gGCREeykCbr3t2LrVw"/>
      <bendpoints xmi:type="notation:RelativeBendpoints" xmi:id="_OZ4asmCREeykCbr3t2LrVw" points="[-10, 9, 140, 0]$[-150, 9, 0, 0]"/>
      <sourceAnchor xmi:type="notation:IdentityAnchor" xmi:id="_OaVGoGCREeykCbr3t2LrVw" id="(0.5,0.38)"/>
      <targetAnchor xmi:type="notation:IdentityAnchor" xmi:id="_OaVtsGCREeykCbr3t2LrVw" id="(0.5,0.38)"/>
    </edges>
    <edges xmi:type="notation:Connector" xmi:id="_OavWUGCREeykCbr3t2LrVw" type="Message_ReplyEdge" source="_GGYv8GCQEeykCbr3t2LrVw" target="_H9s24GCQEeykCbr3t2LrVw">
      <children xmi:type="notation:DecorationNode" xmi:id="_OavWU2CREeykCbr3t2LrVw" type="Message_ReplyNameLabel">
        <layoutConstraint xmi:type="notation:Location" xmi:id="_OavWVGCREeykCbr3t2LrVw" x="1" y="-13"/>
      </children>
      <children xmi:type="notation:DecorationNode" xmi:id="_OavWVWCREeykCbr3t2LrVw" type="Message_ReplyStereotypeLabel">
        <layoutConstraint xmi:type="notation:Location" xmi:id="_OavWVmCREeykCbr3t2LrVw" x="1" y="-33"/>
      </children>
      <styles xmi:type="notation:FontStyle" xmi:id="_OavWUWCREeykCbr3t2LrVw"/>
      <element xmi:type="uml:Message" href="Sequence%20Diagram.uml#_Oas6EGCREeykCbr3t2LrVw"/>
      <bendpoints xmi:type="notation:RelativeBendpoints" xmi:id="_OavWUmCREeykCbr3t2LrVw" points="[0, 0, -150, 0]$[160, 0, 10, 0]"/>
      <sourceAnchor xmi:type="notation:IdentityAnchor" xmi:id="_OayZoGCREeykCbr3t2LrVw" id="(0.5,0.43714285714285717)"/>
      <targetAnchor xmi:type="notation:IdentityAnchor" xmi:id="_OayZoWCREeykCbr3t2LrVw" id="(0.5,0.43714285714285717)"/>
    </edges>
    <edges xmi:type="notation:Connector" xmi:id="_bDF98GCREeykCbr3t2LrVw" type="Message_AsynchEdge" source="_H9s24GCQEeykCbr3t2LrVw" target="_A0ta8GCQEeykCbr3t2LrVw">
      <children xmi:type="notation:DecorationNode" xmi:id="_bDF982CREeykCbr3t2LrVw" type="Message_AsynchNameLabel">
        <layoutConstraint xmi:type="notation:Location" xmi:id="_bDF99GCREeykCbr3t2LrVw" x="1" y="-13"/>
      </children>
      <children xmi:type="notation:DecorationNode" xmi:id="_bDF99WCREeykCbr3t2LrVw" type="Message_AsynchStereotypeLabel">
        <layoutConstraint xmi:type="notation:Location" xmi:id="_bDF99mCREeykCbr3t2LrVw" x="1" y="-33"/>
      </children>
      <styles xmi:type="notation:FontStyle" xmi:id="_bDF98WCREeykCbr3t2LrVw"/>
      <element xmi:type="uml:Message" href="Sequence%20Diagram.uml#_bC3UcGCREeykCbr3t2LrVw"/>
      <bendpoints xmi:type="notation:RelativeBendpoints" xmi:id="_bDF98mCREeykCbr3t2LrVw" points="[-10, 10, 420, -20]$[-440, 30, -10, 0]"/>
      <sourceAnchor xmi:type="notation:IdentityAnchor" xmi:id="_bDip4GCREeykCbr3t2LrVw" id="(0.5,0.4657142857142857)"/>
      <targetAnchor xmi:type="notation:IdentityAnchor" xmi:id="_bDjQ8GCREeykCbr3t2LrVw" id="(0.5,0.4657142857142857)"/>
    </edges>
    <edges xmi:type="notation:Connector" xmi:id="_iCD7MGCREeykCbr3t2LrVw" type="Message_AsynchEdge" source="_H9s24GCQEeykCbr3t2LrVw" target="_A0ta8GCQEeykCbr3t2LrVw">
      <children xmi:type="notation:DecorationNode" xmi:id="_iCD7M2CREeykCbr3t2LrVw" type="Message_AsynchNameLabel">
        <layoutConstraint xmi:type="notation:Location" xmi:id="_iCD7NGCREeykCbr3t2LrVw" x="1" y="-13"/>
      </children>
      <children xmi:type="notation:DecorationNode" xmi:id="_iCEiQGCREeykCbr3t2LrVw" type="Message_AsynchStereotypeLabel">
        <layoutConstraint xmi:type="notation:Location" xmi:id="_iCEiQWCREeykCbr3t2LrVw" x="1" y="-33"/>
      </children>
      <styles xmi:type="notation:FontStyle" xmi:id="_iCD7MWCREeykCbr3t2LrVw"/>
      <element xmi:type="uml:Message" href="Sequence%20Diagram.uml#_iBxnUGCREeykCbr3t2LrVw"/>
      <bendpoints xmi:type="notation:RelativeBendpoints" xmi:id="_iCD7MmCREeykCbr3t2LrVw" points="[-10, -6, 420, -60]$[-440, 54, -10, 0]"/>
      <sourceAnchor xmi:type="notation:IdentityAnchor" xmi:id="_iChOMGCREeykCbr3t2LrVw" id="(0.5,0.5228571428571429)"/>
      <targetAnchor xmi:type="notation:IdentityAnchor" xmi:id="_iCh1QGCREeykCbr3t2LrVw" id="(0.5,0.5228571428571429)"/>
    </edges>
    <edges xmi:type="notation:Connector" xmi:id="_meZjoGCREeykCbr3t2LrVw" type="Message_ReplyEdge" source="_H9s24GCQEeykCbr3t2LrVw" target="_A0ta8GCQEeykCbr3t2LrVw">
      <children xmi:type="notation:DecorationNode" xmi:id="_meZjo2CREeykCbr3t2LrVw" type="Message_ReplyNameLabel">
        <layoutConstraint xmi:type="notation:Location" xmi:id="_meZjpGCREeykCbr3t2LrVw" x="1" y="-13"/>
      </children>
      <children xmi:type="notation:DecorationNode" xmi:id="_meZjpWCREeykCbr3t2LrVw" type="Message_ReplyStereotypeLabel">
        <layoutConstraint xmi:type="notation:Location" xmi:id="_meZjpmCREeykCbr3t2LrVw" x="1" y="-33"/>
      </children>
      <styles xmi:type="notation:FontStyle" xmi:id="_meZjoWCREeykCbr3t2LrVw"/>
      <element xmi:type="uml:Message" href="Sequence%20Diagram.uml#_meEMcGCREeykCbr3t2LrVw"/>
      <bendpoints xmi:type="notation:RelativeBendpoints" xmi:id="_meZjomCREeykCbr3t2LrVw" points="[10, 0, 440, 0]$[-440, 0, -10, 0]"/>
      <sourceAnchor xmi:type="notation:IdentityAnchor" xmi:id="_mezzUGCREeykCbr3t2LrVw" id="(0.5,0.6371428571428571)"/>
      <targetAnchor xmi:type="notation:IdentityAnchor" xmi:id="_me0aYGCREeykCbr3t2LrVw" id="(0.5,0.6371428571428571)"/>
    </edges>
    <edges xmi:type="notation:Connector" xmi:id="_sJnaAGCREeykCbr3t2LrVw" type="Message_SynchEdge" source="_H9s24GCQEeykCbr3t2LrVw" target="_LgMtQGCQEeykCbr3t2LrVw">
      <children xmi:type="notation:DecorationNode" xmi:id="_sJoBEWCREeykCbr3t2LrVw" type="Message_SynchNameLabel">
        <layoutConstraint xmi:type="notation:Location" xmi:id="_sJoBEmCREeykCbr3t2LrVw" x="1" y="-13"/>
      </children>
      <children xmi:type="notation:DecorationNode" xmi:id="_sJoBE2CREeykCbr3t2LrVw" type="Message_SynchStereotypeLabel">
        <layoutConstraint xmi:type="notation:Location" xmi:id="_sJoBFGCREeykCbr3t2LrVw" x="1" y="-33"/>
      </children>
      <styles xmi:type="notation:FontStyle" xmi:id="_sJnaAWCREeykCbr3t2LrVw"/>
      <element xmi:type="uml:Message" href="Sequence%20Diagram.uml#_sJYJcGCREeykCbr3t2LrVw"/>
      <bendpoints xmi:type="notation:RelativeBendpoints" xmi:id="_sJoBEGCREeykCbr3t2LrVw" points="[-10, 6, -160, -60]$[150, 66, 0, 0]"/>
      <sourceAnchor xmi:type="notation:IdentityAnchor" xmi:id="_sKF7IGCREeykCbr3t2LrVw" id="(0.5,0.5514285714285714)"/>
      <targetAnchor xmi:type="notation:IdentityAnchor" xmi:id="_sKGiMGCREeykCbr3t2LrVw" id="(0.5,0.5514285714285714)"/>
    </edges>
    <edges xmi:type="notation:Connector" xmi:id="_GD7m8GCSEeykCbr3t2LrVw" type="Message_AsynchEdge" source="_LgMtQGCQEeykCbr3t2LrVw" target="_H9s24GCQEeykCbr3t2LrVw">
      <children xmi:type="notation:DecorationNode" xmi:id="_GD7m82CSEeykCbr3t2LrVw" type="Message_AsynchNameLabel">
        <layoutConstraint xmi:type="notation:Location" xmi:id="_GD7m9GCSEeykCbr3t2LrVw" x="1" y="-13"/>
      </children>
      <children xmi:type="notation:DecorationNode" xmi:id="_GD7m9WCSEeykCbr3t2LrVw" type="Message_AsynchStereotypeLabel">
        <layoutConstraint xmi:type="notation:Location" xmi:id="_GD7m9mCSEeykCbr3t2LrVw" x="1" y="-33"/>
      </children>
      <styles xmi:type="notation:FontStyle" xmi:id="_GD7m8WCSEeykCbr3t2LrVw"/>
      <element xmi:type="uml:Message" href="Sequence%20Diagram.uml#_GDosAGCSEeykCbr3t2LrVw"/>
      <bendpoints xmi:type="notation:RelativeBendpoints" xmi:id="_GD7m8mCSEeykCbr3t2LrVw" points="[-10, 7, 140, 40]$[-140, -33, 10, 0]"/>
      <sourceAnchor xmi:type="notation:IdentityAnchor" xmi:id="_GEXEwGCSEeykCbr3t2LrVw" id="(0.5,0.6085714285714285)"/>
      <targetAnchor xmi:type="notation:IdentityAnchor" xmi:id="_GEXr0GCSEeykCbr3t2LrVw" id="(0.5,0.6085714285714285)"/>
    </edges>
    <edges xmi:type="notation:Connector" xmi:id="_UQmhAGCSEeykCbr3t2LrVw" type="Message_AsynchEdge" source="_LgMtQGCQEeykCbr3t2LrVw" target="_PSHfsGCQEeykCbr3t2LrVw">
      <children xmi:type="notation:DecorationNode" xmi:id="_UQmhA2CSEeykCbr3t2LrVw" type="Message_AsynchNameLabel">
        <layoutConstraint xmi:type="notation:Location" xmi:id="_UQmhBGCSEeykCbr3t2LrVw" x="1" y="-13"/>
      </children>
      <children xmi:type="notation:DecorationNode" xmi:id="_UQnIEGCSEeykCbr3t2LrVw" type="Message_AsynchStereotypeLabel">
        <layoutConstraint xmi:type="notation:Location" xmi:id="_UQnIEWCSEeykCbr3t2LrVw" x="1" y="-33"/>
      </children>
      <styles xmi:type="notation:FontStyle" xmi:id="_UQmhAWCSEeykCbr3t2LrVw"/>
      <element xmi:type="uml:Message" href="Sequence%20Diagram.uml#_UQVbQGCSEeykCbr3t2LrVw"/>
      <bendpoints xmi:type="notation:RelativeBendpoints" xmi:id="_UQmhAmCSEeykCbr3t2LrVw" points="[-10, -9, -200, 40]$[190, -49, 0, 0]"/>
      <sourceAnchor xmi:type="notation:IdentityAnchor" xmi:id="_URGQQGCSEeykCbr3t2LrVw" id="(0.5,0.58)"/>
      <targetAnchor xmi:type="notation:IdentityAnchor" xmi:id="_URG3UGCSEeykCbr3t2LrVw" id="(0.5,0.58)"/>
    </edges>
    <edges xmi:type="notation:Connector" xmi:id="_Wx2VwGCSEeykCbr3t2LrVw" type="Message_ReplyEdge" source="_PSHfsGCQEeykCbr3t2LrVw" target="_LgMtQGCQEeykCbr3t2LrVw">
      <children xmi:type="notation:DecorationNode" xmi:id="_Wx2Vw2CSEeykCbr3t2LrVw" type="Message_ReplyNameLabel">
        <layoutConstraint xmi:type="notation:Location" xmi:id="_Wx2VxGCSEeykCbr3t2LrVw" x="1" y="-13"/>
      </children>
      <children xmi:type="notation:DecorationNode" xmi:id="_Wx280GCSEeykCbr3t2LrVw" type="Message_ReplyStereotypeLabel">
        <layoutConstraint xmi:type="notation:Location" xmi:id="_Wx280WCSEeykCbr3t2LrVw" x="1" y="-33"/>
      </children>
      <styles xmi:type="notation:FontStyle" xmi:id="_Wx2VwWCSEeykCbr3t2LrVw"/>
      <element xmi:type="uml:Message" href="Sequence%20Diagram.uml#_WxeiUGCSEeykCbr3t2LrVw"/>
      <bendpoints xmi:type="notation:RelativeBendpoints" xmi:id="_Wx2VwmCSEeykCbr3t2LrVw" points="[0, 0, 190, 0]$[-200, 0, -10, 0]"/>
      <sourceAnchor xmi:type="notation:IdentityAnchor" xmi:id="_WygdEGCSEeykCbr3t2LrVw" id="(0.5,0.6371428571428571)"/>
      <targetAnchor xmi:type="notation:IdentityAnchor" xmi:id="_WyhrMGCSEeykCbr3t2LrVw" id="(0.5,0.6371428571428571)"/>
    </edges>
    <edges xmi:type="notation:Connector" xmi:id="_Y2g8MGCSEeykCbr3t2LrVw" type="Message_ReplyEdge" source="_LgMtQGCQEeykCbr3t2LrVw" target="_A0ta8GCQEeykCbr3t2LrVw">
      <children xmi:type="notation:DecorationNode" xmi:id="_Y2hjQGCSEeykCbr3t2LrVw" type="Message_ReplyNameLabel">
        <layoutConstraint xmi:type="notation:Location" xmi:id="_Y2hjQWCSEeykCbr3t2LrVw" x="1" y="-13"/>
      </children>
      <children xmi:type="notation:DecorationNode" xmi:id="_Y2hjQmCSEeykCbr3t2LrVw" type="Message_ReplyStereotypeLabel">
        <layoutConstraint xmi:type="notation:Location" xmi:id="_Y2hjQ2CSEeykCbr3t2LrVw" x="1" y="-33"/>
      </children>
      <styles xmi:type="notation:FontStyle" xmi:id="_Y2g8MWCSEeykCbr3t2LrVw"/>
      <element xmi:type="uml:Message" href="Sequence%20Diagram.uml#_Y2K98GCSEeykCbr3t2LrVw"/>
      <bendpoints xmi:type="notation:RelativeBendpoints" xmi:id="_Y2g8MmCSEeykCbr3t2LrVw" points="[-10, -6, 570, -40]$[-590, 34, -10, 0]"/>
      <sourceAnchor xmi:type="notation:IdentityAnchor" xmi:id="_Y3AEYGCSEeykCbr3t2LrVw" id="(0.5,0.7228571428571429)"/>
      <targetAnchor xmi:type="notation:IdentityAnchor" xmi:id="_Y3ArcGCSEeykCbr3t2LrVw" id="(0.5,0.7228571428571429)"/>
    </edges>
  </notation:Diagram>
</xmi:XMI>
